ISO-10303-21;
HEADER;
FILE_DESCRIPTION(('STEP AP203'),'1');
FILE_NAME('rk09l12d0a1w.stp','2020-12-27T15:03:19',('TraceParts'),('TraceParts S.A.'),'Spatial InterOp 3D',' ',' ');
FILE_SCHEMA(('CONFIG_CONTROL_DESIGN'));
ENDSEC;
DATA;
#1=DESIGN_CONTEXT('',#27,'design');
#2=APPLICATION_PROTOCOL_DEFINITION('INTERNATIONAL STANDARD','config_control_design',1994,#27);
#3=PRODUCT_CATEGORY_RELATIONSHIP('NONE','NONE',#28,#29);
#4=DATE_AND_TIME(#30,#31);
#5=DATE_TIME_ROLE('creation_date');
#6=DATE_TIME_ROLE('classification_date');
#7=PERSON_AND_ORGANIZATION_ROLE('creator');
#8=PERSON_AND_ORGANIZATION_ROLE('design_supplier');
#9=PERSON_AND_ORGANIZATION_ROLE('classification_officer');
#10=PERSON_AND_ORGANIZATION_ROLE('design_owner');
#11=APPROVAL_PERSON_ORGANIZATION(#32,#33,#34);
#12=APPROVAL_DATE_TIME(#4,#33);
#13=CC_DESIGN_APPROVAL(#33,(#35,#36,#37));
#14=CC_DESIGN_DATE_AND_TIME_ASSIGNMENT(#4,#5,(#37));
#15=CC_DESIGN_DATE_AND_TIME_ASSIGNMENT(#4,#6,(#35));
#16=CC_DESIGN_PERSON_AND_ORGANIZATION_ASSIGNMENT(#32,#10,(#38));
#17=CC_DESIGN_PERSON_AND_ORGANIZATION_ASSIGNMENT(#32,#7,(#37));
#18=CC_DESIGN_PERSON_AND_ORGANIZATION_ASSIGNMENT(#32,#7,(#36));
#19=CC_DESIGN_PERSON_AND_ORGANIZATION_ASSIGNMENT(#32,#8,(#36));
#20=CC_DESIGN_SECURITY_CLASSIFICATION(#35,(#36));
#21=CC_DESIGN_PERSON_AND_ORGANIZATION_ASSIGNMENT(#32,#9,(#35));
#22=SHAPE_DEFINITION_REPRESENTATION(#39,#40);
#23= (GEOMETRIC_REPRESENTATION_CONTEXT(3)GLOBAL_UNCERTAINTY_ASSIGNED_CONTEXT((#43))GLOBAL_UNIT_ASSIGNED_CONTEXT((#45,#46,#47))REPRESENTATION_CONTEXT('NONE','WORKSPACE'));
#27=APPLICATION_CONTEXT('CONFIGURATION CONTROLLED 3D DESIGNS OF MECHANICAL PARTS AND ASSEMBLIES');
#28=PRODUCT_CATEGORY('part','NONE');
#29=PRODUCT_RELATED_PRODUCT_CATEGORY('detail',' ',(#38));
#30=CALENDAR_DATE(2020,27,11);
#31=LOCAL_TIME(16,3,19.0,#49);
#32=PERSON_AND_ORGANIZATION(#50,#51);
#33=APPROVAL(#52,'SOLID MODEL');
#34=APPROVAL_ROLE('APPROVED');
#35=SECURITY_CLASSIFICATION('','',#53);
#36=PRODUCT_DEFINITION_FORMATION_WITH_SPECIFIED_SOURCE(' ','NONE',#38,.NOT_KNOWN.);
#37=PRODUCT_DEFINITION('','NONE',#36,#1);
#38=PRODUCT('1','','PART--DESC',(#54));
#39=PRODUCT_DEFINITION_SHAPE('NONE','NONE',#37);
#40=ADVANCED_BREP_SHAPE_REPRESENTATION('1',(#55,#56),#23);
#43=UNCERTAINTY_MEASURE_WITH_UNIT(LENGTH_MEASURE(1.0E-06),#45,'','');
#45= (CONVERSION_BASED_UNIT('MILLIMETRE',#59)LENGTH_UNIT()NAMED_UNIT(#62));
#46= (NAMED_UNIT(#64)PLANE_ANGLE_UNIT()SI_UNIT($,.RADIAN.));
#47= (NAMED_UNIT(#64)SOLID_ANGLE_UNIT()SI_UNIT($,.STERADIAN.));
#49=COORDINATED_UNIVERSAL_TIME_OFFSET(1,0,.AHEAD.);
#50=PERSON('','UNSPECIFIED',$,$,$,$);
#51=ORGANIZATION('UNSPECIFIED','UNSPECIFIED','UNSPECIFIED');
#52=APPROVAL_STATUS('approved');
#53=SECURITY_CLASSIFICATION_LEVEL('unclassified');
#54=MECHANICAL_CONTEXT('',#27,'mechanical');
#55=MANIFOLD_SOLID_BREP('1',#70);
#56=AXIS2_PLACEMENT_3D('',#71,#72,#73);
#59=LENGTH_MEASURE_WITH_UNIT(LENGTH_MEASURE(1.0),#74);
#62=DIMENSIONAL_EXPONENTS(1.0,0.0,0.0,0.0,0.0,0.0,0.0);
#64=DIMENSIONAL_EXPONENTS(0.0,0.0,0.0,0.0,0.0,0.0,0.0);
#70=CLOSED_SHELL('',(#75,#76,#77,#78,#79,#80,#81,#82,#83,#84,#85,#86,#87,#88,#89,#90,#91,#92,#93,#94,#95,#96,#97,#98,#99,#100,#101,#102,#103,#104,#105,#106,#107,#108,#109,#110,#111,#112,#113,#114,#115,#116,#117,#118,#119,#120,#121,#122,#123,#124,#125,#126,#127,#128,#129,#130,#131,#132,#133,#134,#135,#136,#137,#138,#139,#140,#141,#142,#143,#144,#145,#146,#147,#148,#149,#150,#151,#152,#153,#154,#155,#156,#157,#158,#159,#160,#161,#162,#163,#164,#165,#166,#167,#168,#169,#170,#171,#172,#173,#174,#175,#176,#177,#178,#179,#180,#181,#182,#183,#184,#185,#186,#187,#188,#189,#190,#191,#192,#193,#194,#195,#196,#197,#198,#199,#200,#201,#202,#203,#204,#205,#206,#207,#208,#209,#210,#211,#212,#213,#214,#215,#216,#217,#218,#219,#220,#221,#222,#223,#224,#225,#226,#227,#228,#229,#230,#231,#232,#233,#234,#235,#236,#237,#238,#239,#240,#241,#242,#243,#244,#245,#246,#247,#248,#249,#250,#251,#252,#253,#254,#255,#256,#257,#258,#259,#260,#261,#262,#263,#264,#265,#266,#267,#268,#269,#270,#271,#272,#273,#274,#275,#276,#277,#278,#279,#280,#281,#282,#283,#284,#285,#286,#287,#288,#289,#290,#291,#292,#293,#294,#295,#296,#297,#298,#299,#300,#301,#302,#303,#304,#305,#306,#307,#308,#309,#310,#311,#312,#313,#314,#315,#316,#317,#318,#319,#320,#321,#322,#323,#324,#325,#326,#327,#328,#329,#330,#331,#332,#333,#334,#335,#336,#337,#338,#339,#340,#341,#342,#343,#344,#345,#346,#347,#348,#349,#350,#351,#352,#353,#354,#355,#356,#357,#358,#359,#360,#361,#362,#363,#364,#365,#366,#367,#368,#369,#370,#371,#372,#373,#374,#375,#376,#377,#378,#379,#380,#381,#382,#383,#384,#385,#386,#387,#388,#389,#390,#391,#392,#393,#394,#395,#396,#397,#398,#399,#400,#401,#402,#403,#404,#405,#406,#407,#408,#409,#410,#411,#412,#413,#414,#415,#416,#417,#418,#419,#420,#421,#422,#423,#424,#425,#426,#427,#428,#429,#430,#431,#432,#433,#434,#435,#436,#437,#438,#439,#440,#441,#442,#443,#444,#445,#446,#447,#448,#449,#450,#451,#452,#453,#454,#455,#456,#457,#458,#459,#460,#461,#462,#463,#464,#465,#466,#467,#468,#469,#470,#471,#472,#473,#474,#475,#476,#477,#478,#479,#480,#481,#482,#483,#484,#485,#486,#487,#488,#489,#490,#491,#492,#493,#494,#495,#496,#497));
#71=CARTESIAN_POINT('',(0.0,0.0,0.0));
#72=DIRECTION('',(0.0,0.0,1.0));
#73=DIRECTION('',(1.0,0.0,0.0));
#74= (NAMED_UNIT(#62)LENGTH_UNIT()SI_UNIT(.MILLI.,.METRE.));
#75=ADVANCED_FACE('',(#499),#500,.F.);
#76=ADVANCED_FACE('',(#501),#502,.T.);
#77=ADVANCED_FACE('',(#503),#504,.T.);
#78=ADVANCED_FACE('',(#505),#506,.T.);
#79=ADVANCED_FACE('',(#507),#508,.T.);
#80=ADVANCED_FACE('',(#509),#510,.T.);
#81=ADVANCED_FACE('',(#511),#512,.T.);
#82=ADVANCED_FACE('',(#513),#514,.T.);
#83=ADVANCED_FACE('',(#515),#516,.T.);
#84=ADVANCED_FACE('',(#517),#518,.T.);
#85=ADVANCED_FACE('',(#519),#520,.T.);
#86=ADVANCED_FACE('',(#521),#522,.T.);
#87=ADVANCED_FACE('',(#523),#524,.T.);
#88=ADVANCED_FACE('',(#525),#526,.T.);
#89=ADVANCED_FACE('',(#527),#528,.T.);
#90=ADVANCED_FACE('',(#529),#530,.T.);
#91=ADVANCED_FACE('',(#531),#532,.T.);
#92=ADVANCED_FACE('',(#533),#534,.T.);
#93=ADVANCED_FACE('',(#535),#536,.T.);
#94=ADVANCED_FACE('',(#537),#538,.T.);
#95=ADVANCED_FACE('',(#539),#540,.T.);
#96=ADVANCED_FACE('',(#541),#542,.T.);
#97=ADVANCED_FACE('',(#543),#544,.T.);
#98=ADVANCED_FACE('',(#545),#546,.T.);
#99=ADVANCED_FACE('',(#547),#548,.T.);
#100=ADVANCED_FACE('',(#549),#550,.F.);
#101=ADVANCED_FACE('',(#551),#552,.T.);
#102=ADVANCED_FACE('',(#553),#554,.T.);
#103=ADVANCED_FACE('',(#555),#556,.T.);
#104=ADVANCED_FACE('',(#557),#558,.T.);
#105=ADVANCED_FACE('',(#559),#560,.F.);
#106=ADVANCED_FACE('',(#561),#562,.T.);
#107=ADVANCED_FACE('',(#563),#564,.T.);
#108=ADVANCED_FACE('',(#565),#566,.T.);
#109=ADVANCED_FACE('',(#567),#568,.T.);
#110=ADVANCED_FACE('',(#569),#570,.T.);
#111=ADVANCED_FACE('',(#571),#572,.T.);
#112=ADVANCED_FACE('',(#573),#574,.T.);
#113=ADVANCED_FACE('',(#575),#576,.T.);
#114=ADVANCED_FACE('',(#577),#578,.T.);
#115=ADVANCED_FACE('',(#579),#580,.F.);
#116=ADVANCED_FACE('',(#581),#582,.T.);
#117=ADVANCED_FACE('',(#583),#584,.T.);
#118=ADVANCED_FACE('',(#585),#586,.T.);
#119=ADVANCED_FACE('',(#587),#588,.T.);
#120=ADVANCED_FACE('',(#589),#590,.T.);
#121=ADVANCED_FACE('',(#591),#592,.T.);
#122=ADVANCED_FACE('',(#593),#594,.T.);
#123=ADVANCED_FACE('',(#595),#596,.F.);
#124=ADVANCED_FACE('',(#597),#598,.T.);
#125=ADVANCED_FACE('',(#599),#600,.F.);
#126=ADVANCED_FACE('',(#601),#602,.T.);
#127=ADVANCED_FACE('',(#603),#604,.F.);
#128=ADVANCED_FACE('',(#605),#606,.T.);
#129=ADVANCED_FACE('',(#607),#608,.F.);
#130=ADVANCED_FACE('',(#609),#610,.F.);
#131=ADVANCED_FACE('',(#611),#612,.T.);
#132=ADVANCED_FACE('',(#613),#614,.T.);
#133=ADVANCED_FACE('',(#615),#616,.T.);
#134=ADVANCED_FACE('',(#617),#618,.T.);
#135=ADVANCED_FACE('',(#619),#620,.T.);
#136=ADVANCED_FACE('',(#621),#622,.T.);
#137=ADVANCED_FACE('',(#623),#624,.T.);
#138=ADVANCED_FACE('',(#625),#626,.F.);
#139=ADVANCED_FACE('',(#627),#628,.T.);
#140=ADVANCED_FACE('',(#629),#630,.F.);
#141=ADVANCED_FACE('',(#631),#632,.T.);
#142=ADVANCED_FACE('',(#633),#634,.F.);
#143=ADVANCED_FACE('',(#635),#636,.T.);
#144=ADVANCED_FACE('',(#637),#638,.F.);
#145=ADVANCED_FACE('',(#639),#640,.F.);
#146=ADVANCED_FACE('',(#641),#642,.T.);
#147=ADVANCED_FACE('',(#643),#644,.T.);
#148=ADVANCED_FACE('',(#645),#646,.T.);
#149=ADVANCED_FACE('',(#647),#648,.T.);
#150=ADVANCED_FACE('',(#649),#650,.T.);
#151=ADVANCED_FACE('',(#651),#652,.T.);
#152=ADVANCED_FACE('',(#653),#654,.T.);
#153=ADVANCED_FACE('',(#655),#656,.F.);
#154=ADVANCED_FACE('',(#657),#658,.T.);
#155=ADVANCED_FACE('',(#659),#660,.F.);
#156=ADVANCED_FACE('',(#661),#662,.T.);
#157=ADVANCED_FACE('',(#663),#664,.F.);
#158=ADVANCED_FACE('',(#665),#666,.T.);
#159=ADVANCED_FACE('',(#667),#668,.F.);
#160=ADVANCED_FACE('',(#669),#670,.F.);
#161=ADVANCED_FACE('',(#671),#672,.T.);
#162=ADVANCED_FACE('',(#673),#674,.T.);
#163=ADVANCED_FACE('',(#675),#676,.T.);
#164=ADVANCED_FACE('',(#677),#678,.T.);
#165=ADVANCED_FACE('',(#679),#680,.T.);
#166=ADVANCED_FACE('',(#681),#682,.T.);
#167=ADVANCED_FACE('',(#683),#684,.T.);
#168=ADVANCED_FACE('',(#685),#686,.F.);
#169=ADVANCED_FACE('',(#687),#688,.T.);
#170=ADVANCED_FACE('',(#689),#690,.F.);
#171=ADVANCED_FACE('',(#691),#692,.T.);
#172=ADVANCED_FACE('',(#693),#694,.F.);
#173=ADVANCED_FACE('',(#695),#696,.T.);
#174=ADVANCED_FACE('',(#697),#698,.F.);
#175=ADVANCED_FACE('',(#699),#700,.F.);
#176=ADVANCED_FACE('',(#701),#702,.T.);
#177=ADVANCED_FACE('',(#703),#704,.T.);
#178=ADVANCED_FACE('',(#705),#706,.T.);
#179=ADVANCED_FACE('',(#707),#708,.T.);
#180=ADVANCED_FACE('',(#709),#710,.T.);
#181=ADVANCED_FACE('',(#711),#712,.T.);
#182=ADVANCED_FACE('',(#713),#714,.T.);
#183=ADVANCED_FACE('',(#715),#716,.F.);
#184=ADVANCED_FACE('',(#717),#718,.T.);
#185=ADVANCED_FACE('',(#719),#720,.F.);
#186=ADVANCED_FACE('',(#721),#722,.T.);
#187=ADVANCED_FACE('',(#723),#724,.F.);
#188=ADVANCED_FACE('',(#725),#726,.T.);
#189=ADVANCED_FACE('',(#727),#728,.F.);
#190=ADVANCED_FACE('',(#729),#730,.F.);
#191=ADVANCED_FACE('',(#731),#732,.T.);
#192=ADVANCED_FACE('',(#733),#734,.T.);
#193=ADVANCED_FACE('',(#735),#736,.T.);
#194=ADVANCED_FACE('',(#737),#738,.T.);
#195=ADVANCED_FACE('',(#739),#740,.T.);
#196=ADVANCED_FACE('',(#741),#742,.T.);
#197=ADVANCED_FACE('',(#743),#744,.T.);
#198=ADVANCED_FACE('',(#745),#746,.F.);
#199=ADVANCED_FACE('',(#747),#748,.T.);
#200=ADVANCED_FACE('',(#749),#750,.F.);
#201=ADVANCED_FACE('',(#751),#752,.T.);
#202=ADVANCED_FACE('',(#753),#754,.F.);
#203=ADVANCED_FACE('',(#755),#756,.T.);
#204=ADVANCED_FACE('',(#757),#758,.F.);
#205=ADVANCED_FACE('',(#759),#760,.F.);
#206=ADVANCED_FACE('',(#761),#762,.F.);
#207=ADVANCED_FACE('',(#763),#764,.F.);
#208=ADVANCED_FACE('',(#765),#766,.F.);
#209=ADVANCED_FACE('',(#767),#768,.F.);
#210=ADVANCED_FACE('',(#769),#770,.T.);
#211=ADVANCED_FACE('',(#771,#772,#773,#774,#775,#776,#777),#778,.T.);
#212=ADVANCED_FACE('',(#779),#780,.F.);
#213=ADVANCED_FACE('',(#781),#782,.F.);
#214=ADVANCED_FACE('',(#783),#784,.F.);
#215=ADVANCED_FACE('',(#785),#786,.F.);
#216=ADVANCED_FACE('',(#787),#788,.F.);
#217=ADVANCED_FACE('',(#789),#790,.F.);
#218=ADVANCED_FACE('',(#791),#792,.T.);
#219=ADVANCED_FACE('',(#793),#794,.T.);
#220=ADVANCED_FACE('',(#795),#796,.T.);
#221=ADVANCED_FACE('',(#797),#798,.T.);
#222=ADVANCED_FACE('',(#799),#800,.T.);
#223=ADVANCED_FACE('',(#801),#802,.T.);
#224=ADVANCED_FACE('',(#803),#804,.T.);
#225=ADVANCED_FACE('',(#805),#806,.T.);
#226=ADVANCED_FACE('',(#807),#808,.T.);
#227=ADVANCED_FACE('',(#809),#810,.F.);
#228=ADVANCED_FACE('',(#811),#812,.F.);
#229=ADVANCED_FACE('',(#813),#814,.T.);
#230=ADVANCED_FACE('',(#815),#816,.T.);
#231=ADVANCED_FACE('',(#817),#818,.T.);
#232=ADVANCED_FACE('',(#819),#820,.T.);
#233=ADVANCED_FACE('',(#821),#822,.T.);
#234=ADVANCED_FACE('',(#823),#824,.T.);
#235=ADVANCED_FACE('',(#825),#826,.T.);
#236=ADVANCED_FACE('',(#827),#828,.T.);
#237=ADVANCED_FACE('',(#829),#830,.T.);
#238=ADVANCED_FACE('',(#831),#832,.T.);
#239=ADVANCED_FACE('',(#833),#834,.T.);
#240=ADVANCED_FACE('',(#835),#836,.T.);
#241=ADVANCED_FACE('',(#837),#838,.T.);
#242=ADVANCED_FACE('',(#839),#840,.T.);
#243=ADVANCED_FACE('',(#841),#842,.T.);
#244=ADVANCED_FACE('',(#843),#844,.T.);
#245=ADVANCED_FACE('',(#845),#846,.T.);
#246=ADVANCED_FACE('',(#847),#848,.T.);
#247=ADVANCED_FACE('',(#849),#850,.T.);
#248=ADVANCED_FACE('',(#851),#852,.T.);
#249=ADVANCED_FACE('',(#853),#854,.F.);
#250=ADVANCED_FACE('',(#855),#856,.F.);
#251=ADVANCED_FACE('',(#857),#858,.F.);
#252=ADVANCED_FACE('',(#859),#860,.F.);
#253=ADVANCED_FACE('',(#861),#862,.T.);
#254=ADVANCED_FACE('',(#863),#864,.F.);
#255=ADVANCED_FACE('',(#865),#866,.T.);
#256=ADVANCED_FACE('',(#867),#868,.F.);
#257=ADVANCED_FACE('',(#869),#870,.T.);
#258=ADVANCED_FACE('',(#871),#872,.F.);
#259=ADVANCED_FACE('',(#873,#874),#875,.T.);
#260=ADVANCED_FACE('',(#876),#877,.T.);
#261=ADVANCED_FACE('',(#878),#879,.T.);
#262=ADVANCED_FACE('',(#880),#881,.T.);
#263=ADVANCED_FACE('',(#882),#883,.T.);
#264=ADVANCED_FACE('',(#884),#885,.T.);
#265=ADVANCED_FACE('',(#886),#887,.T.);
#266=ADVANCED_FACE('',(#888),#889,.F.);
#267=ADVANCED_FACE('',(#890),#891,.F.);
#268=ADVANCED_FACE('',(#892),#893,.T.);
#269=ADVANCED_FACE('',(#894),#895,.F.);
#270=ADVANCED_FACE('',(#896),#897,.T.);
#271=ADVANCED_FACE('',(#898),#899,.F.);
#272=ADVANCED_FACE('',(#900),#901,.T.);
#273=ADVANCED_FACE('',(#902),#903,.F.);
#274=ADVANCED_FACE('',(#904),#905,.T.);
#275=ADVANCED_FACE('',(#906),#907,.T.);
#276=ADVANCED_FACE('',(#908),#909,.T.);
#277=ADVANCED_FACE('',(#910),#911,.T.);
#278=ADVANCED_FACE('',(#912),#913,.T.);
#279=ADVANCED_FACE('',(#914),#915,.T.);
#280=ADVANCED_FACE('',(#916),#917,.T.);
#281=ADVANCED_FACE('',(#918),#919,.T.);
#282=ADVANCED_FACE('',(#920),#921,.T.);
#283=ADVANCED_FACE('',(#922),#923,.T.);
#284=ADVANCED_FACE('',(#924),#925,.T.);
#285=ADVANCED_FACE('',(#926),#927,.F.);
#286=ADVANCED_FACE('',(#928),#929,.F.);
#287=ADVANCED_FACE('',(#930),#931,.F.);
#288=ADVANCED_FACE('',(#932),#933,.F.);
#289=ADVANCED_FACE('',(#934),#935,.F.);
#290=ADVANCED_FACE('',(#936),#937,.F.);
#291=ADVANCED_FACE('',(#938),#939,.F.);
#292=ADVANCED_FACE('',(#940),#941,.F.);
#293=ADVANCED_FACE('',(#942),#943,.T.);
#294=ADVANCED_FACE('',(#944),#945,.T.);
#295=ADVANCED_FACE('',(#946),#947,.T.);
#296=ADVANCED_FACE('',(#948),#949,.T.);
#297=ADVANCED_FACE('',(#950),#951,.F.);
#298=ADVANCED_FACE('',(#952),#953,.F.);
#299=ADVANCED_FACE('',(#954),#955,.F.);
#300=ADVANCED_FACE('',(#956),#957,.F.);
#301=ADVANCED_FACE('',(#958),#959,.F.);
#302=ADVANCED_FACE('',(#960),#961,.F.);
#303=ADVANCED_FACE('',(#962),#963,.F.);
#304=ADVANCED_FACE('',(#964),#965,.F.);
#305=ADVANCED_FACE('',(#966),#967,.T.);
#306=ADVANCED_FACE('',(#968),#969,.T.);
#307=ADVANCED_FACE('',(#970),#971,.T.);
#308=ADVANCED_FACE('',(#972),#973,.T.);
#309=ADVANCED_FACE('',(#974),#975,.T.);
#310=ADVANCED_FACE('',(#976),#977,.T.);
#311=ADVANCED_FACE('',(#978),#979,.T.);
#312=ADVANCED_FACE('',(#980),#981,.T.);
#313=ADVANCED_FACE('',(#982),#983,.T.);
#314=ADVANCED_FACE('',(#984),#985,.T.);
#315=ADVANCED_FACE('',(#986),#987,.T.);
#316=ADVANCED_FACE('',(#988),#989,.T.);
#317=ADVANCED_FACE('',(#990),#991,.T.);
#318=ADVANCED_FACE('',(#992),#993,.T.);
#319=ADVANCED_FACE('',(#994),#995,.T.);
#320=ADVANCED_FACE('',(#996),#997,.T.);
#321=ADVANCED_FACE('',(#998),#999,.T.);
#322=ADVANCED_FACE('',(#1000),#1001,.T.);
#323=ADVANCED_FACE('',(#1002),#1003,.T.);
#324=ADVANCED_FACE('',(#1004),#1005,.F.);
#325=ADVANCED_FACE('',(#1006),#1007,.F.);
#326=ADVANCED_FACE('',(#1008),#1009,.F.);
#327=ADVANCED_FACE('',(#1010),#1011,.F.);
#328=ADVANCED_FACE('',(#1012),#1013,.F.);
#329=ADVANCED_FACE('',(#1014),#1015,.T.);
#330=ADVANCED_FACE('',(#1016),#1017,.T.);
#331=ADVANCED_FACE('',(#1018),#1019,.T.);
#332=ADVANCED_FACE('',(#1020),#1021,.F.);
#333=ADVANCED_FACE('',(#1022),#1023,.F.);
#334=ADVANCED_FACE('',(#1024),#1025,.F.);
#335=ADVANCED_FACE('',(#1026),#1027,.T.);
#336=ADVANCED_FACE('',(#1028),#1029,.T.);
#337=ADVANCED_FACE('',(#1030),#1031,.T.);
#338=ADVANCED_FACE('',(#1032),#1033,.T.);
#339=ADVANCED_FACE('',(#1034),#1035,.T.);
#340=ADVANCED_FACE('',(#1036),#1037,.T.);
#341=ADVANCED_FACE('',(#1038),#1039,.F.);
#342=ADVANCED_FACE('',(#1040),#1041,.T.);
#343=ADVANCED_FACE('',(#1042),#1043,.T.);
#344=ADVANCED_FACE('',(#1044),#1045,.T.);
#345=ADVANCED_FACE('',(#1046),#1047,.F.);
#346=ADVANCED_FACE('',(#1048),#1049,.T.);
#347=ADVANCED_FACE('',(#1050),#1051,.F.);
#348=ADVANCED_FACE('',(#1052),#1053,.F.);
#349=ADVANCED_FACE('',(#1054),#1055,.F.);
#350=ADVANCED_FACE('',(#1056),#1057,.F.);
#351=ADVANCED_FACE('',(#1058),#1059,.T.);
#352=ADVANCED_FACE('',(#1060),#1061,.T.);
#353=ADVANCED_FACE('',(#1062),#1063,.F.);
#354=ADVANCED_FACE('',(#1064),#1065,.F.);
#355=ADVANCED_FACE('',(#1066),#1067,.F.);
#356=ADVANCED_FACE('',(#1068),#1069,.F.);
#357=ADVANCED_FACE('',(#1070),#1071,.F.);
#358=ADVANCED_FACE('',(#1072),#1073,.T.);
#359=ADVANCED_FACE('',(#1074),#1075,.T.);
#360=ADVANCED_FACE('',(#1076),#1077,.T.);
#361=ADVANCED_FACE('',(#1078),#1079,.F.);
#362=ADVANCED_FACE('',(#1080),#1081,.F.);
#363=ADVANCED_FACE('',(#1082),#1083,.F.);
#364=ADVANCED_FACE('',(#1084),#1085,.F.);
#365=ADVANCED_FACE('',(#1086),#1087,.F.);
#366=ADVANCED_FACE('',(#1088),#1089,.F.);
#367=ADVANCED_FACE('',(#1090),#1091,.F.);
#368=ADVANCED_FACE('',(#1092),#1093,.F.);
#369=ADVANCED_FACE('',(#1094),#1095,.F.);
#370=ADVANCED_FACE('',(#1096),#1097,.F.);
#371=ADVANCED_FACE('',(#1098),#1099,.T.);
#372=ADVANCED_FACE('',(#1100),#1101,.T.);
#373=ADVANCED_FACE('',(#1102),#1103,.T.);
#374=ADVANCED_FACE('',(#1104),#1105,.T.);
#375=ADVANCED_FACE('',(#1106),#1107,.F.);
#376=ADVANCED_FACE('',(#1108),#1109,.F.);
#377=ADVANCED_FACE('',(#1110),#1111,.F.);
#378=ADVANCED_FACE('',(#1112),#1113,.T.);
#379=ADVANCED_FACE('',(#1114),#1115,.T.);
#380=ADVANCED_FACE('',(#1116),#1117,.T.);
#381=ADVANCED_FACE('',(#1118),#1119,.T.);
#382=ADVANCED_FACE('',(#1120),#1121,.F.);
#383=ADVANCED_FACE('',(#1122),#1123,.T.);
#384=ADVANCED_FACE('',(#1124),#1125,.T.);
#385=ADVANCED_FACE('',(#1126),#1127,.T.);
#386=ADVANCED_FACE('',(#1128),#1129,.T.);
#387=ADVANCED_FACE('',(#1130),#1131,.T.);
#388=ADVANCED_FACE('',(#1132),#1133,.T.);
#389=ADVANCED_FACE('',(#1134),#1135,.F.);
#390=ADVANCED_FACE('',(#1136),#1137,.F.);
#391=ADVANCED_FACE('',(#1138),#1139,.F.);
#392=ADVANCED_FACE('',(#1140),#1141,.F.);
#393=ADVANCED_FACE('',(#1142),#1143,.T.);
#394=ADVANCED_FACE('',(#1144),#1145,.T.);
#395=ADVANCED_FACE('',(#1146),#1147,.F.);
#396=ADVANCED_FACE('',(#1148),#1149,.F.);
#397=ADVANCED_FACE('',(#1150),#1151,.F.);
#398=ADVANCED_FACE('',(#1152),#1153,.F.);
#399=ADVANCED_FACE('',(#1154),#1155,.F.);
#400=ADVANCED_FACE('',(#1156),#1157,.T.);
#401=ADVANCED_FACE('',(#1158),#1159,.F.);
#402=ADVANCED_FACE('',(#1160),#1161,.F.);
#403=ADVANCED_FACE('',(#1162),#1163,.T.);
#404=ADVANCED_FACE('',(#1164),#1165,.F.);
#405=ADVANCED_FACE('',(#1166),#1167,.T.);
#406=ADVANCED_FACE('',(#1168),#1169,.T.);
#407=ADVANCED_FACE('',(#1170),#1171,.T.);
#408=ADVANCED_FACE('',(#1172),#1173,.T.);
#409=ADVANCED_FACE('',(#1174),#1175,.T.);
#410=ADVANCED_FACE('',(#1176),#1177,.T.);
#411=ADVANCED_FACE('',(#1178),#1179,.T.);
#412=ADVANCED_FACE('',(#1180),#1181,.T.);
#413=ADVANCED_FACE('',(#1182),#1183,.T.);
#414=ADVANCED_FACE('',(#1184),#1185,.F.);
#415=ADVANCED_FACE('',(#1186),#1187,.T.);
#416=ADVANCED_FACE('',(#1188),#1189,.T.);
#417=ADVANCED_FACE('',(#1190),#1191,.T.);
#418=ADVANCED_FACE('',(#1192),#1193,.F.);
#419=ADVANCED_FACE('',(#1194),#1195,.T.);
#420=ADVANCED_FACE('',(#1196),#1197,.T.);
#421=ADVANCED_FACE('',(#1198),#1199,.F.);
#422=ADVANCED_FACE('',(#1200),#1201,.F.);
#423=ADVANCED_FACE('',(#1202),#1203,.F.);
#424=ADVANCED_FACE('',(#1204),#1205,.F.);
#425=ADVANCED_FACE('',(#1206),#1207,.F.);
#426=ADVANCED_FACE('',(#1208),#1209,.F.);
#427=ADVANCED_FACE('',(#1210),#1211,.F.);
#428=ADVANCED_FACE('',(#1212),#1213,.F.);
#429=ADVANCED_FACE('',(#1214),#1215,.F.);
#430=ADVANCED_FACE('',(#1216),#1217,.T.);
#431=ADVANCED_FACE('',(#1218),#1219,.F.);
#432=ADVANCED_FACE('',(#1220),#1221,.F.);
#433=ADVANCED_FACE('',(#1222),#1223,.F.);
#434=ADVANCED_FACE('',(#1224),#1225,.F.);
#435=ADVANCED_FACE('',(#1226),#1227,.F.);
#436=ADVANCED_FACE('',(#1228),#1229,.F.);
#437=ADVANCED_FACE('',(#1230),#1231,.F.);
#438=ADVANCED_FACE('',(#1232),#1233,.T.);
#439=ADVANCED_FACE('',(#1234),#1235,.F.);
#440=ADVANCED_FACE('',(#1236),#1237,.F.);
#441=ADVANCED_FACE('',(#1238),#1239,.T.);
#442=ADVANCED_FACE('',(#1240),#1241,.F.);
#443=ADVANCED_FACE('',(#1242),#1243,.F.);
#444=ADVANCED_FACE('',(#1244),#1245,.F.);
#445=ADVANCED_FACE('',(#1246),#1247,.F.);
#446=ADVANCED_FACE('',(#1248),#1249,.F.);
#447=ADVANCED_FACE('',(#1250),#1251,.T.);
#448=ADVANCED_FACE('',(#1252),#1253,.F.);
#449=ADVANCED_FACE('',(#1254),#1255,.F.);
#450=ADVANCED_FACE('',(#1256),#1257,.F.);
#451=ADVANCED_FACE('',(#1258),#1259,.T.);
#452=ADVANCED_FACE('',(#1260),#1261,.T.);
#453=ADVANCED_FACE('',(#1262),#1263,.F.);
#454=ADVANCED_FACE('',(#1264),#1265,.T.);
#455=ADVANCED_FACE('',(#1266),#1267,.T.);
#456=ADVANCED_FACE('',(#1268),#1269,.T.);
#457=ADVANCED_FACE('',(#1270),#1271,.F.);
#458=ADVANCED_FACE('',(#1272),#1273,.F.);
#459=ADVANCED_FACE('',(#1274),#1275,.F.);
#460=ADVANCED_FACE('',(#1276),#1277,.T.);
#461=ADVANCED_FACE('',(#1278),#1279,.T.);
#462=ADVANCED_FACE('',(#1280),#1281,.T.);
#463=ADVANCED_FACE('',(#1282),#1283,.T.);
#464=ADVANCED_FACE('',(#1284),#1285,.T.);
#465=ADVANCED_FACE('',(#1286),#1287,.T.);
#466=ADVANCED_FACE('',(#1288),#1289,.T.);
#467=ADVANCED_FACE('',(#1290),#1291,.T.);
#468=ADVANCED_FACE('',(#1292),#1293,.F.);
#469=ADVANCED_FACE('',(#1294),#1295,.F.);
#470=ADVANCED_FACE('',(#1296),#1297,.T.);
#471=ADVANCED_FACE('',(#1298),#1299,.T.);
#472=ADVANCED_FACE('',(#1300),#1301,.T.);
#473=ADVANCED_FACE('',(#1302),#1303,.T.);
#474=ADVANCED_FACE('',(#1304),#1305,.T.);
#475=ADVANCED_FACE('',(#1306),#1307,.F.);
#476=ADVANCED_FACE('',(#1308),#1309,.T.);
#477=ADVANCED_FACE('',(#1310),#1311,.T.);
#478=ADVANCED_FACE('',(#1312),#1313,.T.);
#479=ADVANCED_FACE('',(#1314),#1315,.T.);
#480=ADVANCED_FACE('',(#1316),#1317,.T.);
#481=ADVANCED_FACE('',(#1318),#1319,.T.);
#482=ADVANCED_FACE('',(#1320),#1321,.T.);
#483=ADVANCED_FACE('',(#1322),#1323,.T.);
#484=ADVANCED_FACE('',(#1324),#1325,.F.);
#485=ADVANCED_FACE('',(#1326),#1327,.T.);
#486=ADVANCED_FACE('',(#1328),#1329,.F.);
#487=ADVANCED_FACE('',(#1330),#1331,.F.);
#488=ADVANCED_FACE('',(#1332),#1333,.T.);
#489=ADVANCED_FACE('',(#1334),#1335,.T.);
#490=ADVANCED_FACE('',(#1336),#1337,.T.);
#491=ADVANCED_FACE('',(#1338,#1339),#1340,.T.);
#492=ADVANCED_FACE('',(#1341),#1342,.T.);
#493=ADVANCED_FACE('',(#1343),#1344,.T.);
#494=ADVANCED_FACE('',(#1345),#1346,.T.);
#495=ADVANCED_FACE('',(#1347),#1348,.T.);
#496=ADVANCED_FACE('',(#1349),#1350,.T.);
#497=ADVANCED_FACE('',(#1351),#1352,.T.);
#499=FACE_OUTER_BOUND('',#1353,.T.);
#500=CYLINDRICAL_SURFACE('',#1354,0.2);
#501=FACE_OUTER_BOUND('',#1355,.T.);
#502=CYLINDRICAL_SURFACE('',#1356,0.45);
#503=FACE_OUTER_BOUND('',#1357,.T.);
#504=CYLINDRICAL_SURFACE('',#1358,0.5);
#505=FACE_OUTER_BOUND('',#1359,.T.);
#506=CONICAL_SURFACE('',#1360,2.2,0.785398163397447);
#507=FACE_OUTER_BOUND('',#1361,.T.);
#508=CYLINDRICAL_SURFACE('',#1362,0.3);
#509=FACE_OUTER_BOUND('',#1363,.T.);
#510=CYLINDRICAL_SURFACE('',#1364,0.3);
#511=FACE_OUTER_BOUND('',#1365,.T.);
#512=CYLINDRICAL_SURFACE('',#1366,0.3);
#513=FACE_OUTER_BOUND('',#1367,.T.);
#514=CYLINDRICAL_SURFACE('',#1368,0.3);
#515=FACE_OUTER_BOUND('',#1369,.T.);
#516=CYLINDRICAL_SURFACE('',#1370,0.3);
#517=FACE_OUTER_BOUND('',#1371,.T.);
#518=CYLINDRICAL_SURFACE('',#1372,0.3);
#519=FACE_OUTER_BOUND('',#1373,.T.);
#520=CYLINDRICAL_SURFACE('',#1374,3.0);
#521=FACE_OUTER_BOUND('',#1375,.T.);
#522=CYLINDRICAL_SURFACE('',#1376,3.99);
#523=FACE_OUTER_BOUND('',#1377,.T.);
#524=CONICAL_SURFACE('',#1378,3.79,0.785398163397452);
#525=FACE_OUTER_BOUND('',#1379,.T.);
#526=CYLINDRICAL_SURFACE('',#1380,4.5);
#527=FACE_OUTER_BOUND('',#1381,.T.);
#528=CYLINDRICAL_SURFACE('',#1382,4.5);
#529=FACE_OUTER_BOUND('',#1383,.T.);
#530=CYLINDRICAL_SURFACE('',#1384,4.5);
#531=FACE_OUTER_BOUND('',#1385,.T.);
#532=CYLINDRICAL_SURFACE('',#1386,4.5);
#533=FACE_OUTER_BOUND('',#1387,.T.);
#534=CYLINDRICAL_SURFACE('',#1388,4.5);
#535=FACE_OUTER_BOUND('',#1389,.T.);
#536=CYLINDRICAL_SURFACE('',#1390,4.5);
#537=FACE_OUTER_BOUND('',#1391,.T.);
#538=CYLINDRICAL_SURFACE('',#1392,4.5);
#539=FACE_OUTER_BOUND('',#1393,.T.);
#540=CYLINDRICAL_SURFACE('',#1394,4.5);
#541=FACE_OUTER_BOUND('',#1395,.T.);
#542=CYLINDRICAL_SURFACE('',#1396,4.5);
#543=FACE_OUTER_BOUND('',#1397,.T.);
#544=CYLINDRICAL_SURFACE('',#1398,4.5);
#545=FACE_OUTER_BOUND('',#1399,.T.);
#546=CYLINDRICAL_SURFACE('',#1400,4.5);
#547=FACE_OUTER_BOUND('',#1401,.T.);
#548=CYLINDRICAL_SURFACE('',#1402,4.5);
#549=FACE_OUTER_BOUND('',#1403,.T.);
#550=CYLINDRICAL_SURFACE('',#1404,0.2);
#551=FACE_OUTER_BOUND('',#1405,.T.);
#552=CYLINDRICAL_SURFACE('',#1406,0.45);
#553=FACE_OUTER_BOUND('',#1407,.T.);
#554=CYLINDRICAL_SURFACE('',#1408,0.5);
#555=FACE_OUTER_BOUND('',#1409,.T.);
#556=CYLINDRICAL_SURFACE('',#1410,0.5);
#557=FACE_OUTER_BOUND('',#1411,.T.);
#558=CYLINDRICAL_SURFACE('',#1412,0.45);
#559=FACE_OUTER_BOUND('',#1413,.T.);
#560=CYLINDRICAL_SURFACE('',#1414,0.2);
#561=FACE_OUTER_BOUND('',#1415,.T.);
#562=CYLINDRICAL_SURFACE('',#1416,4.5);
#563=FACE_OUTER_BOUND('',#1417,.T.);
#564=CONICAL_SURFACE('',#1418,3.79,0.785398163397452);
#565=FACE_OUTER_BOUND('',#1419,.T.);
#566=CYLINDRICAL_SURFACE('',#1420,3.99);
#567=FACE_OUTER_BOUND('',#1421,.T.);
#568=CYLINDRICAL_SURFACE('',#1422,3.0);
#569=FACE_OUTER_BOUND('',#1423,.T.);
#570=PLANE('',#1424);
#571=FACE_OUTER_BOUND('',#1425,.T.);
#572=CYLINDRICAL_SURFACE('',#1426,1.0);
#573=FACE_OUTER_BOUND('',#1427,.T.);
#574=PLANE('',#1428);
#575=FACE_OUTER_BOUND('',#1429,.T.);
#576=CYLINDRICAL_SURFACE('',#1430,1.0);
#577=FACE_OUTER_BOUND('',#1431,.T.);
#578=PLANE('',#1432);
#579=FACE_OUTER_BOUND('',#1433,.T.);
#580=PLANE('',#1434);
#581=FACE_OUTER_BOUND('',#1435,.T.);
#582=PLANE('',#1436);
#583=FACE_OUTER_BOUND('',#1437,.T.);
#584=PLANE('',#1438);
#585=FACE_OUTER_BOUND('',#1439,.T.);
#586=PLANE('',#1440);
#587=FACE_OUTER_BOUND('',#1441,.T.);
#588=PLANE('',#1442);
#589=FACE_OUTER_BOUND('',#1443,.T.);
#590=PLANE('',#1444);
#591=FACE_OUTER_BOUND('',#1445,.T.);
#592=PLANE('',#1446);
#593=FACE_OUTER_BOUND('',#1447,.T.);
#594=PLANE('',#1448);
#595=FACE_OUTER_BOUND('',#1449,.T.);
#596=PLANE('',#1450);
#597=FACE_OUTER_BOUND('',#1451,.T.);
#598=PLANE('',#1452);
#599=FACE_OUTER_BOUND('',#1453,.T.);
#600=CYLINDRICAL_SURFACE('',#1454,0.3);
#601=FACE_OUTER_BOUND('',#1455,.T.);
#602=CYLINDRICAL_SURFACE('',#1456,0.6);
#603=FACE_OUTER_BOUND('',#1457,.T.);
#604=PLANE('',#1458);
#605=FACE_OUTER_BOUND('',#1459,.T.);
#606=CYLINDRICAL_SURFACE('',#1460,0.3);
#607=FACE_OUTER_BOUND('',#1461,.T.);
#608=PLANE('',#1462);
#609=FACE_OUTER_BOUND('',#1463,.T.);
#610=PLANE('',#1464);
#611=FACE_OUTER_BOUND('',#1465,.T.);
#612=PLANE('',#1466);
#613=FACE_OUTER_BOUND('',#1467,.T.);
#614=PLANE('',#1468);
#615=FACE_OUTER_BOUND('',#1469,.T.);
#616=PLANE('',#1470);
#617=FACE_OUTER_BOUND('',#1471,.T.);
#618=PLANE('',#1472);
#619=FACE_OUTER_BOUND('',#1473,.T.);
#620=PLANE('',#1474);
#621=FACE_OUTER_BOUND('',#1475,.T.);
#622=PLANE('',#1476);
#623=FACE_OUTER_BOUND('',#1477,.T.);
#624=PLANE('',#1478);
#625=FACE_OUTER_BOUND('',#1479,.T.);
#626=PLANE('',#1480);
#627=FACE_OUTER_BOUND('',#1481,.T.);
#628=PLANE('',#1482);
#629=FACE_OUTER_BOUND('',#1483,.T.);
#630=CYLINDRICAL_SURFACE('',#1484,0.3);
#631=FACE_OUTER_BOUND('',#1485,.T.);
#632=CYLINDRICAL_SURFACE('',#1486,0.6);
#633=FACE_OUTER_BOUND('',#1487,.T.);
#634=PLANE('',#1488);
#635=FACE_OUTER_BOUND('',#1489,.T.);
#636=CYLINDRICAL_SURFACE('',#1490,0.3);
#637=FACE_OUTER_BOUND('',#1491,.T.);
#638=PLANE('',#1492);
#639=FACE_OUTER_BOUND('',#1493,.T.);
#640=PLANE('',#1494);
#641=FACE_OUTER_BOUND('',#1495,.T.);
#642=PLANE('',#1496);
#643=FACE_OUTER_BOUND('',#1497,.T.);
#644=PLANE('',#1498);
#645=FACE_OUTER_BOUND('',#1499,.T.);
#646=PLANE('',#1500);
#647=FACE_OUTER_BOUND('',#1501,.T.);
#648=PLANE('',#1502);
#649=FACE_OUTER_BOUND('',#1503,.T.);
#650=PLANE('',#1504);
#651=FACE_OUTER_BOUND('',#1505,.T.);
#652=PLANE('',#1506);
#653=FACE_OUTER_BOUND('',#1507,.T.);
#654=PLANE('',#1508);
#655=FACE_OUTER_BOUND('',#1509,.T.);
#656=PLANE('',#1510);
#657=FACE_OUTER_BOUND('',#1511,.T.);
#658=PLANE('',#1512);
#659=FACE_OUTER_BOUND('',#1513,.T.);
#660=CYLINDRICAL_SURFACE('',#1514,0.3);
#661=FACE_OUTER_BOUND('',#1515,.T.);
#662=CYLINDRICAL_SURFACE('',#1516,0.6);
#663=FACE_OUTER_BOUND('',#1517,.T.);
#664=PLANE('',#1518);
#665=FACE_OUTER_BOUND('',#1519,.T.);
#666=CYLINDRICAL_SURFACE('',#1520,0.3);
#667=FACE_OUTER_BOUND('',#1521,.T.);
#668=PLANE('',#1522);
#669=FACE_OUTER_BOUND('',#1523,.T.);
#670=PLANE('',#1524);
#671=FACE_OUTER_BOUND('',#1525,.T.);
#672=PLANE('',#1526);
#673=FACE_OUTER_BOUND('',#1527,.T.);
#674=PLANE('',#1528);
#675=FACE_OUTER_BOUND('',#1529,.T.);
#676=PLANE('',#1530);
#677=FACE_OUTER_BOUND('',#1531,.T.);
#678=PLANE('',#1532);
#679=FACE_OUTER_BOUND('',#1533,.T.);
#680=PLANE('',#1534);
#681=FACE_OUTER_BOUND('',#1535,.T.);
#682=PLANE('',#1536);
#683=FACE_OUTER_BOUND('',#1537,.T.);
#684=PLANE('',#1538);
#685=FACE_OUTER_BOUND('',#1539,.T.);
#686=PLANE('',#1540);
#687=FACE_OUTER_BOUND('',#1541,.T.);
#688=PLANE('',#1542);
#689=FACE_OUTER_BOUND('',#1543,.T.);
#690=CYLINDRICAL_SURFACE('',#1544,0.3);
#691=FACE_OUTER_BOUND('',#1545,.T.);
#692=CYLINDRICAL_SURFACE('',#1546,0.6);
#693=FACE_OUTER_BOUND('',#1547,.T.);
#694=PLANE('',#1548);
#695=FACE_OUTER_BOUND('',#1549,.T.);
#696=CYLINDRICAL_SURFACE('',#1550,0.3);
#697=FACE_OUTER_BOUND('',#1551,.T.);
#698=PLANE('',#1552);
#699=FACE_OUTER_BOUND('',#1553,.T.);
#700=PLANE('',#1554);
#701=FACE_OUTER_BOUND('',#1555,.T.);
#702=PLANE('',#1556);
#703=FACE_OUTER_BOUND('',#1557,.T.);
#704=PLANE('',#1558);
#705=FACE_OUTER_BOUND('',#1559,.T.);
#706=PLANE('',#1560);
#707=FACE_OUTER_BOUND('',#1561,.T.);
#708=PLANE('',#1562);
#709=FACE_OUTER_BOUND('',#1563,.T.);
#710=PLANE('',#1564);
#711=FACE_OUTER_BOUND('',#1565,.T.);
#712=PLANE('',#1566);
#713=FACE_OUTER_BOUND('',#1567,.T.);
#714=PLANE('',#1568);
#715=FACE_OUTER_BOUND('',#1569,.T.);
#716=PLANE('',#1570);
#717=FACE_OUTER_BOUND('',#1571,.T.);
#718=PLANE('',#1572);
#719=FACE_OUTER_BOUND('',#1573,.T.);
#720=CYLINDRICAL_SURFACE('',#1574,0.3);
#721=FACE_OUTER_BOUND('',#1575,.T.);
#722=CYLINDRICAL_SURFACE('',#1576,0.6);
#723=FACE_OUTER_BOUND('',#1577,.T.);
#724=PLANE('',#1578);
#725=FACE_OUTER_BOUND('',#1579,.T.);
#726=CYLINDRICAL_SURFACE('',#1580,0.3);
#727=FACE_OUTER_BOUND('',#1581,.T.);
#728=PLANE('',#1582);
#729=FACE_OUTER_BOUND('',#1583,.T.);
#730=PLANE('',#1584);
#731=FACE_OUTER_BOUND('',#1585,.T.);
#732=PLANE('',#1586);
#733=FACE_OUTER_BOUND('',#1587,.T.);
#734=PLANE('',#1588);
#735=FACE_OUTER_BOUND('',#1589,.T.);
#736=PLANE('',#1590);
#737=FACE_OUTER_BOUND('',#1591,.T.);
#738=PLANE('',#1592);
#739=FACE_OUTER_BOUND('',#1593,.T.);
#740=PLANE('',#1594);
#741=FACE_OUTER_BOUND('',#1595,.T.);
#742=PLANE('',#1596);
#743=FACE_OUTER_BOUND('',#1597,.T.);
#744=PLANE('',#1598);
#745=FACE_OUTER_BOUND('',#1599,.T.);
#746=PLANE('',#1600);
#747=FACE_OUTER_BOUND('',#1601,.T.);
#748=PLANE('',#1602);
#749=FACE_OUTER_BOUND('',#1603,.T.);
#750=CYLINDRICAL_SURFACE('',#1604,0.3);
#751=FACE_OUTER_BOUND('',#1605,.T.);
#752=CYLINDRICAL_SURFACE('',#1606,0.6);
#753=FACE_OUTER_BOUND('',#1607,.T.);
#754=PLANE('',#1608);
#755=FACE_OUTER_BOUND('',#1609,.T.);
#756=CYLINDRICAL_SURFACE('',#1610,0.3);
#757=FACE_OUTER_BOUND('',#1611,.T.);
#758=PLANE('',#1612);
#759=FACE_OUTER_BOUND('',#1613,.T.);
#760=PLANE('',#1614);
#761=FACE_OUTER_BOUND('',#1615,.T.);
#762=PLANE('',#1616);
#763=FACE_OUTER_BOUND('',#1617,.T.);
#764=PLANE('',#1618);
#765=FACE_OUTER_BOUND('',#1619,.T.);
#766=PLANE('',#1620);
#767=FACE_OUTER_BOUND('',#1621,.T.);
#768=PLANE('',#1622);
#769=FACE_OUTER_BOUND('',#1623,.T.);
#770=PLANE('',#1624);
#771=FACE_OUTER_BOUND('',#1625,.T.);
#772=FACE_BOUND('',#1626,.T.);
#773=FACE_BOUND('',#1627,.T.);
#774=FACE_BOUND('',#1628,.T.);
#775=FACE_BOUND('',#1629,.T.);
#776=FACE_BOUND('',#1630,.T.);
#777=FACE_BOUND('',#1631,.T.);
#778=PLANE('',#1632);
#779=FACE_OUTER_BOUND('',#1633,.T.);
#780=PLANE('',#1634);
#781=FACE_OUTER_BOUND('',#1635,.T.);
#782=PLANE('',#1636);
#783=FACE_OUTER_BOUND('',#1637,.T.);
#784=PLANE('',#1638);
#785=FACE_OUTER_BOUND('',#1639,.T.);
#786=PLANE('',#1640);
#787=FACE_OUTER_BOUND('',#1641,.T.);
#788=PLANE('',#1642);
#789=FACE_OUTER_BOUND('',#1643,.T.);
#790=PLANE('',#1644);
#791=FACE_OUTER_BOUND('',#1645,.T.);
#792=PLANE('',#1646);
#793=FACE_OUTER_BOUND('',#1647,.T.);
#794=CYLINDRICAL_SURFACE('',#1648,0.5);
#795=FACE_OUTER_BOUND('',#1649,.T.);
#796=CYLINDRICAL_SURFACE('',#1650,0.5);
#797=FACE_OUTER_BOUND('',#1651,.T.);
#798=CYLINDRICAL_SURFACE('',#1652,0.3);
#799=FACE_OUTER_BOUND('',#1653,.T.);
#800=CYLINDRICAL_SURFACE('',#1654,0.3);
#801=FACE_OUTER_BOUND('',#1655,.T.);
#802=CYLINDRICAL_SURFACE('',#1656,0.3);
#803=FACE_OUTER_BOUND('',#1657,.T.);
#804=CYLINDRICAL_SURFACE('',#1658,0.3);
#805=FACE_OUTER_BOUND('',#1659,.T.);
#806=PLANE('',#1660);
#807=FACE_OUTER_BOUND('',#1661,.T.);
#808=PLANE('',#1662);
#809=FACE_OUTER_BOUND('',#1663,.T.);
#810=PLANE('',#1664);
#811=FACE_OUTER_BOUND('',#1665,.T.);
#812=PLANE('',#1666);
#813=FACE_OUTER_BOUND('',#1667,.T.);
#814=CONICAL_SURFACE('',#1668,2.2,0.785398163397447);
#815=FACE_OUTER_BOUND('',#1669,.T.);
#816=CYLINDRICAL_SURFACE('',#1670,0.3);
#817=FACE_OUTER_BOUND('',#1671,.T.);
#818=CYLINDRICAL_SURFACE('',#1672,0.3);
#819=FACE_OUTER_BOUND('',#1673,.T.);
#820=CYLINDRICAL_SURFACE('',#1674,0.3);
#821=FACE_OUTER_BOUND('',#1675,.T.);
#822=CYLINDRICAL_SURFACE('',#1676,0.3);
#823=FACE_OUTER_BOUND('',#1677,.T.);
#824=CYLINDRICAL_SURFACE('',#1678,0.3);
#825=FACE_OUTER_BOUND('',#1679,.T.);
#826=CYLINDRICAL_SURFACE('',#1680,0.3);
#827=FACE_OUTER_BOUND('',#1681,.T.);
#828=CYLINDRICAL_SURFACE('',#1682,0.3);
#829=FACE_OUTER_BOUND('',#1683,.T.);
#830=CYLINDRICAL_SURFACE('',#1684,0.3);
#831=FACE_OUTER_BOUND('',#1685,.T.);
#832=TOROIDAL_SURFACE('',#1686,0.2,0.3);
#833=FACE_OUTER_BOUND('',#1687,.T.);
#834=CYLINDRICAL_SURFACE('',#1688,0.3);
#835=FACE_OUTER_BOUND('',#1689,.T.);
#836=CYLINDRICAL_SURFACE('',#1690,0.3);
#837=FACE_OUTER_BOUND('',#1691,.T.);
#838=TOROIDAL_SURFACE('',#1692,0.2,0.3);
#839=FACE_OUTER_BOUND('',#1693,.T.);
#840=CYLINDRICAL_SURFACE('',#1694,0.3);
#841=FACE_OUTER_BOUND('',#1695,.T.);
#842=CYLINDRICAL_SURFACE('',#1696,0.3);
#843=FACE_OUTER_BOUND('',#1697,.T.);
#844=TOROIDAL_SURFACE('',#1698,0.7,0.3);
#845=FACE_OUTER_BOUND('',#1699,.T.);
#846=CYLINDRICAL_SURFACE('',#1700,0.3);
#847=FACE_OUTER_BOUND('',#1701,.T.);
#848=CYLINDRICAL_SURFACE('',#1702,0.3);
#849=FACE_OUTER_BOUND('',#1703,.T.);
#850=TOROIDAL_SURFACE('',#1704,0.7,0.3);
#851=FACE_OUTER_BOUND('',#1705,.T.);
#852=CYLINDRICAL_SURFACE('',#1706,0.3);
#853=FACE_OUTER_BOUND('',#1707,.T.);
#854=PLANE('',#1708);
#855=FACE_OUTER_BOUND('',#1709,.T.);
#856=PLANE('',#1710);
#857=FACE_OUTER_BOUND('',#1711,.T.);
#858=PLANE('',#1712);
#859=FACE_OUTER_BOUND('',#1713,.T.);
#860=PLANE('',#1714);
#861=FACE_OUTER_BOUND('',#1715,.T.);
#862=PLANE('',#1716);
#863=FACE_OUTER_BOUND('',#1717,.T.);
#864=PLANE('',#1718);
#865=FACE_OUTER_BOUND('',#1719,.T.);
#866=CYLINDRICAL_SURFACE('',#1720,0.2);
#867=FACE_OUTER_BOUND('',#1721,.T.);
#868=PLANE('',#1722);
#869=FACE_OUTER_BOUND('',#1723,.T.);
#870=CYLINDRICAL_SURFACE('',#1724,5.2);
#871=FACE_OUTER_BOUND('',#1725,.T.);
#872=PLANE('',#1726);
#873=FACE_OUTER_BOUND('',#1727,.T.);
#874=FACE_BOUND('',#1728,.T.);
#875=PLANE('',#1729);
#876=FACE_OUTER_BOUND('',#1730,.T.);
#877=(B_SPLINE_SURFACE(1,2,((#1732,#1733,#1734,#1735,#1736),(#1737,#1738,#1739,#1740,#1741)),.UNSPECIFIED.,.F.,.F.,.F.)B_SPLINE_SURFACE_WITH_KNOTS((2,2),(3,2,3),(0.0,0.969469050616808),(0.037933820546747,0.0416666666666667,0.0557893263108588),.UNSPECIFIED.)RATIONAL_B_SPLINE_SURFACE(((0.96059208129194,0.975994885520749,1.0,0.909180274080619,0.941491691662508),(0.96059208129194,0.975994885520749,1.0,0.909180274080619,0.941491691662508)))BOUNDED_SURFACE()REPRESENTATION_ITEM('')GEOMETRIC_REPRESENTATION_ITEM()SURFACE());
#878=FACE_OUTER_BOUND('',#1748,.T.);
#879=(B_SPLINE_SURFACE(1,2,((#1750,#1751,#1752,#1753,#1754),(#1755,#1756,#1757,#1758,#1759)),.UNSPECIFIED.,.F.,.F.,.F.)B_SPLINE_SURFACE_WITH_KNOTS((2,2),(3,2,3),(0.0,0.150809791534546),(0.0131856701666529,0.0208333333333334,0.0235299924701095),.UNSPECIFIED.)RATIONAL_B_SPLINE_SURFACE(((0.937746197043587,0.950819555932066,1.0,0.982658376688932,0.969806140284903),(0.937746197043587,0.950819555932066,1.0,0.982658376688932,0.969806140284903)))BOUNDED_SURFACE()REPRESENTATION_ITEM('')GEOMETRIC_REPRESENTATION_ITEM()SURFACE());
#880=FACE_OUTER_BOUND('',#1766,.T.);
#881=CYLINDRICAL_SURFACE('',#1767,4.5);
#882=FACE_OUTER_BOUND('',#1768,.T.);
#883=(B_SPLINE_SURFACE(1,2,((#1770,#1771,#1772,#1773,#1774),(#1775,#1776,#1777,#1778,#1779)),.UNSPECIFIED.,.F.,.F.,.F.)B_SPLINE_SURFACE_WITH_KNOTS((2,2),(3,2,3),(0.0,0.75708980952024),(0.0935994416307098,0.104166666666667,0.124525989105337),.UNSPECIFIED.)RATIONAL_B_SPLINE_SURFACE(((0.933026695984444,0.932044494049058,1.0,0.86907366385872,0.994042191065995),(0.933026695984444,0.932044494049058,1.0,0.86907366385872,0.994042191065995)))BOUNDED_SURFACE()REPRESENTATION_ITEM('')GEOMETRIC_REPRESENTATION_ITEM()SURFACE());
#884=FACE_OUTER_BOUND('',#1786,.T.);
#885=(B_SPLINE_SURFACE(3,2,((#1788,#1789,#1790,#1791,#1792),(#1793,#1794,#1795,#1796,#1797),(#1798,#1799,#1800,#1801,#1802),(#1803,#1804,#1805,#1806,#1807)),.UNSPECIFIED.,.F.,.F.,.F.)B_SPLINE_SURFACE_WITH_KNOTS((4,4),(3,2,3),(0.0,1.0),(0.00462706601199972,0.0208333333333334,0.0361875001104401),.UNSPECIFIED.)RATIONAL_B_SPLINE_SURFACE(((0.953706115805431,0.895781050214218,1.0,0.901260721878915,0.948063140755168),(0.635804077203623,0.597187366809481,0.666666666666669,0.600840481252612,0.632042093836781),(0.635804077203623,0.597187366809481,0.666666666666669,0.600840481252612,0.632042093836781),(0.953706115805431,0.895781050214218,1.0,0.901260721878915,0.948063140755168)))BOUNDED_SURFACE()REPRESENTATION_ITEM('')GEOMETRIC_REPRESENTATION_ITEM()SURFACE());
#886=FACE_OUTER_BOUND('',#1814,.T.);
#887=PLANE('',#1815);
#888=FACE_OUTER_BOUND('',#1816,.T.);
#889=PLANE('',#1817);
#890=FACE_OUTER_BOUND('',#1818,.T.);
#891=PLANE('',#1819);
#892=FACE_OUTER_BOUND('',#1820,.T.);
#893=CYLINDRICAL_SURFACE('',#1821,0.2);
#894=FACE_OUTER_BOUND('',#1822,.T.);
#895=PLANE('',#1823);
#896=FACE_OUTER_BOUND('',#1824,.T.);
#897=CYLINDRICAL_SURFACE('',#1825,0.2);
#898=FACE_OUTER_BOUND('',#1826,.T.);
#899=PLANE('',#1827);
#900=FACE_OUTER_BOUND('',#1828,.T.);
#901=CYLINDRICAL_SURFACE('',#1829,0.2);
#902=FACE_OUTER_BOUND('',#1830,.T.);
#903=PLANE('',#1831);
#904=FACE_OUTER_BOUND('',#1832,.T.);
#905=CYLINDRICAL_SURFACE('',#1833,0.2);
#906=FACE_OUTER_BOUND('',#1834,.T.);
#907=CYLINDRICAL_SURFACE('',#1835,4.7);
#908=FACE_OUTER_BOUND('',#1836,.T.);
#909=CYLINDRICAL_SURFACE('',#1837,4.7);
#910=FACE_OUTER_BOUND('',#1838,.T.);
#911=CYLINDRICAL_SURFACE('',#1839,4.7);
#912=FACE_OUTER_BOUND('',#1840,.T.);
#913=CYLINDRICAL_SURFACE('',#1841,4.7);
#914=FACE_OUTER_BOUND('',#1842,.T.);
#915=PLANE('',#1843);
#916=FACE_OUTER_BOUND('',#1844,.T.);
#917=PLANE('',#1845);
#918=FACE_OUTER_BOUND('',#1846,.T.);
#919=PLANE('',#1847);
#920=FACE_OUTER_BOUND('',#1848,.T.);
#921=PLANE('',#1849);
#922=FACE_OUTER_BOUND('',#1850,.T.);
#923=PLANE('',#1851);
#924=FACE_OUTER_BOUND('',#1852,.T.);
#925=PLANE('',#1853);
#926=FACE_OUTER_BOUND('',#1854,.T.);
#927=PLANE('',#1855);
#928=FACE_OUTER_BOUND('',#1856,.T.);
#929=PLANE('',#1857);
#930=FACE_OUTER_BOUND('',#1858,.T.);
#931=PLANE('',#1859);
#932=FACE_OUTER_BOUND('',#1860,.T.);
#933=PLANE('',#1861);
#934=FACE_OUTER_BOUND('',#1862,.T.);
#935=PLANE('',#1863);
#936=FACE_OUTER_BOUND('',#1864,.T.);
#937=PLANE('',#1865);
#938=FACE_OUTER_BOUND('',#1866,.T.);
#939=PLANE('',#1867);
#940=FACE_OUTER_BOUND('',#1868,.T.);
#941=PLANE('',#1869);
#942=FACE_OUTER_BOUND('',#1870,.T.);
#943=PLANE('',#1871);
#944=FACE_OUTER_BOUND('',#1872,.T.);
#945=PLANE('',#1873);
#946=FACE_OUTER_BOUND('',#1874,.T.);
#947=PLANE('',#1875);
#948=FACE_OUTER_BOUND('',#1876,.T.);
#949=PLANE('',#1877);
#950=FACE_OUTER_BOUND('',#1878,.T.);
#951=PLANE('',#1879);
#952=FACE_OUTER_BOUND('',#1880,.T.);
#953=PLANE('',#1881);
#954=FACE_OUTER_BOUND('',#1882,.T.);
#955=PLANE('',#1883);
#956=FACE_OUTER_BOUND('',#1884,.T.);
#957=PLANE('',#1885);
#958=FACE_OUTER_BOUND('',#1886,.T.);
#959=PLANE('',#1887);
#960=FACE_OUTER_BOUND('',#1888,.T.);
#961=PLANE('',#1889);
#962=FACE_OUTER_BOUND('',#1890,.T.);
#963=PLANE('',#1891);
#964=FACE_OUTER_BOUND('',#1892,.T.);
#965=PLANE('',#1893);
#966=FACE_OUTER_BOUND('',#1894,.T.);
#967=PLANE('',#1895);
#968=FACE_OUTER_BOUND('',#1896,.T.);
#969=PLANE('',#1897);
#970=FACE_OUTER_BOUND('',#1898,.T.);
#971=PLANE('',#1899);
#972=FACE_OUTER_BOUND('',#1900,.T.);
#973=PLANE('',#1901);
#974=FACE_OUTER_BOUND('',#1902,.T.);
#975=(B_SPLINE_SURFACE(1,2,((#1904,#1905,#1906,#1907,#1908,#1909,#1910,#1911,#1912,#1913,#1914,#1915,#1916,#1917,#1918,#1919,#1920,#1921,#1922,#1923,#1924,#1925,#1926,#1927,#1928,#1929,#1930,#1931,#1932,#1933,#1934,#1935,#1936,#1937,#1938,#1939,#1940,#1941,#1942,#1943,#1944,#1945,#1946,#1947,#1948,#1949,#1950,#1951,#1952,#1953,#1954,#1955,#1956,#1957,#1958,#1959,#1960,#1961,#1962,#1963,#1964,#1965,#1966,#1967,#1968,#1969,#1970,#1971,#1972,#1973,#1974,#1975,#1976,#1977,#1978,#1979,#1980,#1981,#1982,#1983,#1984),(#1985,#1986,#1987,#1988,#1989,#1990,#1991,#1992,#1993,#1994,#1995,#1996,#1997,#1998,#1999,#2000,#2001,#2002,#2003,#2004,#2005,#2006,#2007,#2008,#2009,#2010,#2011,#2012,#2013,#2014,#2015,#2016,#2017,#2018,#2019,#2020,#2021,#2022,#2023,#2024,#2025,#2026,#2027,#2028,#2029,#2030,#2031,#2032,#2033,#2034,#2035,#2036,#2037,#2038,#2039,#2040,#2041,#2042,#2043,#2044,#2045,#2046,#2047,#2048,#2049,#2050,#2051,#2052,#2053,#2054,#2055,#2056,#2057,#2058,#2059,#2060,#2061,#2062,#2063,#2064,#2065)),.UNSPECIFIED.,.F.,.F.,.F.)B_SPLINE_SURFACE_WITH_KNOTS((2,2),(3,2,2,2,2,2,2,2,2,2,2,2,2,2,2,2,2,2,2,2,2,2,2,2,2,2,2,2,2,2,2,2,2,2,2,2,2,2,2,2,3),(0.0,1.0),(0.0637205971655308,0.0833333333333333,0.104166666666667,0.125,0.145833333333333,0.166666666666667,0.1875,0.208333333333334,0.229166666666666,0.25,0.270833333333334,0.291666666666666,0.3125,0.333333333333334,0.354166666666666,0.375,0.395833333333334,0.416666666666666,0.4375,0.458333333333333,0.479166666666667,0.5,0.520833333333333,0.541666666666667,0.5625,0.583333333333333,0.604166666666667,0.625,0.645833333333333,0.666666666666667,0.6875,0.708333333333333,0.729166666666667,0.75,0.770833333333333,0.791666666666667,0.8125,0.833333333333333,0.854166666666667,0.875,0.876055907840585),.UNSPECIFIED.)RATIONAL_B_SPLINE_SURFACE(((0.985220985660028,0.873874796379344,1.0,0.866025403784439,1.0,0.866025403784439,1.0,0.866025403784439,1.0,0.866025403784439,1.0,0.866025403784439,1.0,0.866025403784439,1.0,0.866025403784439,1.0,0.866025403784439,1.0,0.866025403784439,1.0,0.866025403784439,1.0,0.866025403784439,1.0,0.866025403784439,1.0,0.866025403784439,1.0,0.866025403784439,1.0,0.866025403784439,1.0,0.866025403784439,1.0,0.866025403784439,1.0,0.866025403784439,1.0,0.866025403784439,1.0,0.866025403784439,1.0,0.866025403784439,1.0,0.866025403784439,1.0,0.866025403784439,1.0,0.866025403784439,1.0,0.866025403784439,1.0,0.866025403784439,1.0,0.866025403784439,1.0,0.866025403784439,1.0,0.866025403784439,1.0,0.866025403784439,1.0,0.866025403784439,1.0,0.866025403784439,1.0,0.866025403784439,1.0,0.866025403784439,1.0,0.866025403784439,1.0,0.866025403784439,1.0,0.866025403784439,1.0,0.866025403784439,1.0,0.993209688324003,0.987107691208521),(0.985220985660028,0.873874796379344,1.0,0.866025403784439,1.0,0.866025403784439,1.0,0.866025403784439,1.0,0.866025403784439,1.0,0.866025403784439,1.0,0.866025403784439,1.0,0.866025403784439,1.0,0.866025403784439,1.0,0.866025403784439,1.0,0.866025403784439,1.0,0.866025403784439,1.0,0.866025403784439,1.0,0.866025403784439,1.0,0.866025403784439,1.0,0.866025403784439,1.0,0.866025403784439,1.0,0.866025403784439,1.0,0.866025403784439,1.0,0.866025403784439,1.0,0.866025403784439,1.0,0.866025403784439,1.0,0.866025403784439,1.0,0.866025403784439,1.0,0.866025403784439,1.0,0.866025403784439,1.0,0.866025403784439,1.0,0.866025403784439,1.0,0.866025403784439,1.0,0.866025403784439,1.0,0.866025403784439,1.0,0.866025403784439,1.0,0.866025403784439,1.0,0.866025403784439,1.0,0.866025403784439,1.0,0.866025403784439,1.0,0.866025403784439,1.0,0.866025403784439,1.0,0.866025403784439,1.0,0.993209688324003,0.987107691208521)))BOUNDED_SURFACE()REPRESENTATION_ITEM('')GEOMETRIC_REPRESENTATION_ITEM()SURFACE());
#976=FACE_OUTER_BOUND('',#2072,.T.);
#977=(B_SPLINE_SURFACE(1,2,((#2074,#2075,#2076,#2077,#2078,#2079,#2080,#2081,#2082,#2083,#2084,#2085,#2086,#2087,#2088,#2089,#2090,#2091,#2092,#2093,#2094,#2095,#2096,#2097,#2098,#2099,#2100,#2101,#2102,#2103,#2104,#2105,#2106,#2107,#2108,#2109,#2110,#2111,#2112,#2113,#2114,#2115,#2116,#2117,#2118,#2119,#2120,#2121,#2122,#2123,#2124,#2125,#2126,#2127,#2128,#2129,#2130,#2131,#2132,#2133,#2134,#2135,#2136,#2137,#2138,#2139,#2140,#2141,#2142,#2143,#2144,#2145,#2146,#2147,#2148,#2149,#2150,#2151,#2152,#2153,#2154),(#2155,#2156,#2157,#2158,#2159,#2160,#2161,#2162,#2163,#2164,#2165,#2166,#2167,#2168,#2169,#2170,#2171,#2172,#2173,#2174,#2175,#2176,#2177,#2178,#2179,#2180,#2181,#2182,#2183,#2184,#2185,#2186,#2187,#2188,#2189,#2190,#2191,#2192,#2193,#2194,#2195,#2196,#2197,#2198,#2199,#2200,#2201,#2202,#2203,#2204,#2205,#2206,#2207,#2208,#2209,#2210,#2211,#2212,#2213,#2214,#2215,#2216,#2217,#2218,#2219,#2220,#2221,#2222,#2223,#2224,#2225,#2226,#2227,#2228,#2229,#2230,#2231,#2232,#2233,#2234,#2235)),.UNSPECIFIED.,.F.,.F.,.F.)B_SPLINE_SURFACE_WITH_KNOTS((2,2),(3,2,2,2,2,2,2,2,2,2,2,2,2,2,2,2,2,2,2,2,2,2,2,2,2,2,2,2,2,2,2,2,2,2,2,2,2,2,2,2,3),(0.0,1.0),(0.132057743443869,0.145833333333333,0.166666666666667,0.1875,0.208333333333334,0.229166666666666,0.25,0.270833333333334,0.291666666666666,0.3125,0.333333333333334,0.354166666666666,0.375,0.395833333333334,0.416666666666666,0.4375,0.458333333333333,0.479166666666667,0.5,0.520833333333333,0.541666666666667,0.5625,0.583333333333333,0.604166666666667,0.625,0.645833333333333,0.666666666666667,0.6875,0.708333333333333,0.729166666666667,0.75,0.770833333333333,0.791666666666667,0.8125,0.833333333333333,0.854166666666667,0.875,0.895833333333333,0.916666666666667,0.9375,0.94646534794983),.UNSPECIFIED.)RATIONAL_B_SPLINE_SURFACE(((0.939977925786397,0.911412203532536,1.0,0.866025403784439,1.0,0.866025403784439,1.0,0.866025403784439,1.0,0.866025403784439,1.0,0.866025403784439,1.0,0.866025403784439,1.0,0.866025403784439,1.0,0.866025403784439,1.0,0.866025403784439,1.0,0.866025403784439,1.0,0.866025403784439,1.0,0.866025403784439,1.0,0.866025403784439,1.0,0.866025403784439,1.0,0.866025403784439,1.0,0.866025403784439,1.0,0.866025403784439,1.0,0.866025403784439,1.0,0.866025403784439,1.0,0.866025403784439,1.0,0.866025403784439,1.0,0.866025403784439,1.0,0.866025403784439,1.0,0.866025403784439,1.0,0.866025403784439,1.0,0.866025403784439,1.0,0.866025403784439,1.0,0.866025403784439,1.0,0.866025403784439,1.0,0.866025403784439,1.0,0.866025403784439,1.0,0.866025403784439,1.0,0.866025403784439,1.0,0.866025403784439,1.0,0.866025403784439,1.0,0.866025403784439,1.0,0.866025403784439,1.0,0.866025403784439,1.0,0.942345814167496,0.934313052663238),(0.939977925786397,0.911412203532536,1.0,0.866025403784439,1.0,0.866025403784439,1.0,0.866025403784439,1.0,0.866025403784439,1.0,0.866025403784439,1.0,0.866025403784439,1.0,0.866025403784439,1.0,0.866025403784439,1.0,0.866025403784439,1.0,0.866025403784439,1.0,0.866025403784439,1.0,0.866025403784439,1.0,0.866025403784439,1.0,0.866025403784439,1.0,0.866025403784439,1.0,0.866025403784439,1.0,0.866025403784439,1.0,0.866025403784439,1.0,0.866025403784439,1.0,0.866025403784439,1.0,0.866025403784439,1.0,0.866025403784439,1.0,0.866025403784439,1.0,0.866025403784439,1.0,0.866025403784439,1.0,0.866025403784439,1.0,0.866025403784439,1.0,0.866025403784439,1.0,0.866025403784439,1.0,0.866025403784439,1.0,0.866025403784439,1.0,0.866025403784439,1.0,0.866025403784439,1.0,0.866025403784439,1.0,0.866025403784439,1.0,0.866025403784439,1.0,0.866025403784439,1.0,0.866025403784439,1.0,0.942345814167496,0.934313052663238)))BOUNDED_SURFACE()REPRESENTATION_ITEM('')GEOMETRIC_REPRESENTATION_ITEM()SURFACE());
#978=FACE_OUTER_BOUND('',#2242,.T.);
#979=(B_SPLINE_SURFACE(3,2,((#2244,#2245,#2246,#2247,#2248,#2249,#2250,#2251,#2252,#2253,#2254,#2255,#2256,#2257,#2258,#2259,#2260,#2261,#2262,#2263,#2264,#2265,#2266,#2267,#2268,#2269,#2270,#2271,#2272,#2273,#2274,#2275,#2276,#2277,#2278,#2279,#2280,#2281,#2282,#2283,#2284,#2285,#2286,#2287,#2288,#2289,#2290,#2291,#2292,#2293,#2294,#2295,#2296,#2297,#2298,#2299,#2300,#2301,#2302,#2303,#2304,#2305,#2306,#2307,#2308,#2309,#2310,#2311,#2312,#2313,#2314,#2315,#2316,#2317,#2318,#2319,#2320,#2321,#2322,#2323,#2324),(#2325,#2326,#2327,#2328,#2329,#2330,#2331,#2332,#2333,#2334,#2335,#2336,#2337,#2338,#2339,#2340,#2341,#2342,#2343,#2344,#2345,#2346,#2347,#2348,#2349,#2350,#2351,#2352,#2353,#2354,#2355,#2356,#2357,#2358,#2359,#2360,#2361,#2362,#2363,#2364,#2365,#2366,#2367,#2368,#2369,#2370,#2371,#2372,#2373,#2374,#2375,#2376,#2377,#2378,#2379,#2380,#2381,#2382,#2383,#2384,#2385,#2386,#2387,#2388,#2389,#2390,#2391,#2392,#2393,#2394,#2395,#2396,#2397,#2398,#2399,#2400,#2401,#2402,#2403,#2404,#2405),(#2406,#2407,#2408,#2409,#2410,#2411,#2412,#2413,#2414,#2415,#2416,#2417,#2418,#2419,#2420,#2421,#2422,#2423,#2424,#2425,#2426,#2427,#2428,#2429,#2430,#2431,#2432,#2433,#2434,#2435,#2436,#2437,#2438,#2439,#2440,#2441,#2442,#2443,#2444,#2445,#2446,#2447,#2448,#2449,#2450,#2451,#2452,#2453,#2454,#2455,#2456,#2457,#2458,#2459,#2460,#2461,#2462,#2463,#2464,#2465,#2466,#2467,#2468,#2469,#2470,#2471,#2472,#2473,#2474,#2475,#2476,#2477,#2478,#2479,#2480,#2481,#2482,#2483,#2484,#2485,#2486),(#2487,#2488,#2489,#2490,#2491,#2492,#2493,#2494,#2495,#2496,#2497,#2498,#2499,#2500,#2501,#2502,#2503,#2504,#2505,#2506,#2507,#2508,#2509,#2510,#2511,#2512,#2513,#2514,#2515,#2516,#2517,#2518,#2519,#2520,#2521,#2522,#2523,#2524,#2525,#2526,#2527,#2528,#2529,#2530,#2531,#2532,#2533,#2534,#2535,#2536,#2537,#2538,#2539,#2540,#2541,#2542,#2543,#2544,#2545,#2546,#2547,#2548,#2549,#2550,#2551,#2552,#2553,#2554,#2555,#2556,#2557,#2558,#2559,#2560,#2561,#2562,#2563,#2564,#2565,#2566,#2567)),.UNSPECIFIED.,.F.,.F.,.F.)B_SPLINE_SURFACE_WITH_KNOTS((4,4),(3,2,2,2,2,2,2,2,2,2,2,2,2,2,2,2,2,2,2,2,2,2,2,2,2,2,2,2,2,2,2,2,2,2,2,2,2,2,2,2,3),(0.0,1.0),(0.0263124993884236,0.0416666666666667,0.0625,0.0833333333333333,0.104166666666667,0.125,0.145833333333333,0.166666666666667,0.1875,0.208333333333334,0.229166666666666,0.25,0.270833333333334,0.291666666666666,0.3125,0.333333333333334,0.354166666666666,0.375,0.395833333333334,0.416666666666666,0.4375,0.458333333333333,0.479166666666667,0.5,0.520833333333333,0.541666666666667,0.5625,0.583333333333333,0.604166666666667,0.625,0.645833333333333,0.666666666666667,0.6875,0.708333333333333,0.729166666666667,0.75,0.770833333333333,0.791666666666667,0.8125,0.833333333333333,0.834248522078534),.UNSPECIFIED.)RATIONAL_B_SPLINE_SURFACE(((0.948063143810286,0.901260718656218,1.0,0.866025403784439,1.0,0.866025403784439,1.0,0.866025403784439,1.0,0.866025403784439,1.0,0.866025403784439,1.0,0.866025403784439,1.0,0.866025403784439,1.0,0.866025403784439,1.0,0.866025403784439,1.0,0.866025403784439,1.0,0.866025403784439,1.0,0.866025403784439,1.0,0.866025403784439,1.0,0.866025403784439,1.0,0.866025403784439,1.0,0.866025403784439,1.0,0.866025403784439,1.0,0.866025403784439,1.0,0.866025403784439,1.0,0.866025403784439,1.0,0.866025403784439,1.0,0.866025403784439,1.0,0.866025403784439,1.0,0.866025403784439,1.0,0.866025403784439,1.0,0.866025403784439,1.0,0.866025403784439,1.0,0.866025403784439,1.0,0.866025403784439,1.0,0.866025403784439,1.0,0.866025403784439,1.0,0.866025403784439,1.0,0.866025403784439,1.0,0.866025403784439,1.0,0.866025403784439,1.0,0.866025403784439,1.0,0.866025403784439,1.0,0.866025403784439,1.0,0.994114621955234,0.988746322158258),(0.632042095873526,0.600840479104147,0.666666666666669,0.577350269189628,0.666666666666669,0.577350269189628,0.666666666666669,0.577350269189628,0.666666666666669,0.577350269189628,0.666666666666669,0.577350269189628,0.666666666666669,0.577350269189628,0.666666666666669,0.577350269189628,0.666666666666669,0.577350269189628,0.666666666666669,0.577350269189628,0.666666666666669,0.577350269189628,0.666666666666669,0.577350269189628,0.666666666666669,0.577350269189628,0.666666666666669,0.577350269189628,0.666666666666669,0.577350269189628,0.666666666666669,0.577350269189628,0.666666666666669,0.577350269189628,0.666666666666669,0.577350269189628,0.666666666666669,0.577350269189628,0.666666666666669,0.577350269189628,0.666666666666669,0.577350269189628,0.666666666666669,0.577350269189628,0.666666666666669,0.577350269189628,0.666666666666669,0.577350269189628,0.666666666666669,0.577350269189628,0.666666666666669,0.577350269189628,0.666666666666669,0.577350269189628,0.666666666666669,0.577350269189628,0.666666666666669,0.577350269189628,0.666666666666669,0.577350269189628,0.666666666666669,0.577350269189628,0.666666666666669,0.577350269189628,0.666666666666669,0.577350269189628,0.666666666666669,0.577350269189628,0.666666666666669,0.577350269189628,0.666666666666669,0.577350269189628,0.666666666666669,0.577350269189628,0.666666666666669,0.577350269189628,0.666666666666669,0.577350269189628,0.666666666666669,0.662743081303491,0.659164214772174),(0.632042095873526,0.600840479104147,0.666666666666669,0.577350269189628,0.666666666666669,0.577350269189628,0.666666666666669,0.577350269189628,0.666666666666669,0.577350269189628,0.666666666666669,0.577350269189628,0.666666666666669,0.577350269189628,0.666666666666669,0.577350269189628,0.666666666666669,0.577350269189628,0.666666666666669,0.577350269189628,0.666666666666669,0.577350269189628,0.666666666666669,0.577350269189628,0.666666666666669,0.577350269189628,0.666666666666669,0.577350269189628,0.666666666666669,0.577350269189628,0.666666666666669,0.577350269189628,0.666666666666669,0.577350269189628,0.666666666666669,0.577350269189628,0.666666666666669,0.577350269189628,0.666666666666669,0.577350269189628,0.666666666666669,0.577350269189628,0.666666666666669,0.577350269189628,0.666666666666669,0.577350269189628,0.666666666666669,0.577350269189628,0.666666666666669,0.577350269189628,0.666666666666669,0.577350269189628,0.666666666666669,0.577350269189628,0.666666666666669,0.577350269189628,0.666666666666669,0.577350269189628,0.666666666666669,0.577350269189628,0.666666666666669,0.577350269189628,0.666666666666669,0.577350269189628,0.666666666666669,0.577350269189628,0.666666666666669,0.577350269189628,0.666666666666669,0.577350269189628,0.666666666666669,0.577350269189628,0.666666666666669,0.577350269189628,0.666666666666669,0.577350269189628,0.666666666666669,0.577350269189628,0.666666666666669,0.662743081303491,0.659164214772174),(0.948063143810286,0.901260718656218,1.0,0.866025403784439,1.0,0.866025403784439,1.0,0.866025403784439,1.0,0.866025403784439,1.0,0.866025403784439,1.0,0.866025403784439,1.0,0.866025403784439,1.0,0.866025403784439,1.0,0.866025403784439,1.0,0.866025403784439,1.0,0.866025403784439,1.0,0.866025403784439,1.0,0.866025403784439,1.0,0.866025403784439,1.0,0.866025403784439,1.0,0.866025403784439,1.0,0.866025403784439,1.0,0.866025403784439,1.0,0.866025403784439,1.0,0.866025403784439,1.0,0.866025403784439,1.0,0.866025403784439,1.0,0.866025403784439,1.0,0.866025403784439,1.0,0.866025403784439,1.0,0.866025403784439,1.0,0.866025403784439,1.0,0.866025403784439,1.0,0.866025403784439,1.0,0.866025403784439,1.0,0.866025403784439,1.0,0.866025403784439,1.0,0.866025403784439,1.0,0.866025403784439,1.0,0.866025403784439,1.0,0.866025403784439,1.0,0.866025403784439,1.0,0.866025403784439,1.0,0.994114621955234,0.988746322158258)))BOUNDED_SURFACE()REPRESENTATION_ITEM('')GEOMETRIC_REPRESENTATION_ITEM()SURFACE());
#980=FACE_OUTER_BOUND('',#2574,.T.);
#981=CYLINDRICAL_SURFACE('',#2575,0.5);
#982=FACE_OUTER_BOUND('',#2576,.T.);
#983=CYLINDRICAL_SURFACE('',#2577,0.5);
#984=FACE_OUTER_BOUND('',#2578,.T.);
#985=PLANE('',#2579);
#986=FACE_OUTER_BOUND('',#2580,.T.);
#987=PLANE('',#2581);
#988=FACE_OUTER_BOUND('',#2582,.T.);
#989=CYLINDRICAL_SURFACE('',#2583,0.4);
#990=FACE_OUTER_BOUND('',#2584,.T.);
#991=CYLINDRICAL_SURFACE('',#2585,0.4);
#992=FACE_OUTER_BOUND('',#2586,.T.);
#993=CYLINDRICAL_SURFACE('',#2587,0.4);
#994=FACE_OUTER_BOUND('',#2588,.T.);
#995=CYLINDRICAL_SURFACE('',#2589,0.4);
#996=FACE_OUTER_BOUND('',#2590,.T.);
#997=CYLINDRICAL_SURFACE('',#2591,0.4);
#998=FACE_OUTER_BOUND('',#2592,.T.);
#999=CYLINDRICAL_SURFACE('',#2593,0.4);
#1000=FACE_OUTER_BOUND('',#2594,.T.);
#1001=CYLINDRICAL_SURFACE('',#2595,0.4);
#1002=FACE_OUTER_BOUND('',#2596,.T.);
#1003=CYLINDRICAL_SURFACE('',#2597,0.4);
#1004=FACE_OUTER_BOUND('',#2598,.T.);
#1005=CYLINDRICAL_SURFACE('',#2599,0.2);
#1006=FACE_OUTER_BOUND('',#2600,.T.);
#1007=CYLINDRICAL_SURFACE('',#2601,0.2);
#1008=FACE_OUTER_BOUND('',#2602,.T.);
#1009=CYLINDRICAL_SURFACE('',#2603,0.2);
#1010=FACE_OUTER_BOUND('',#2604,.T.);
#1011=CYLINDRICAL_SURFACE('',#2605,0.2);
#1012=FACE_OUTER_BOUND('',#2606,.T.);
#1013=CYLINDRICAL_SURFACE('',#2607,0.2);
#1014=FACE_OUTER_BOUND('',#2608,.T.);
#1015=CYLINDRICAL_SURFACE('',#2609,0.2);
#1016=FACE_OUTER_BOUND('',#2610,.T.);
#1017=CYLINDRICAL_SURFACE('',#2611,0.2);
#1018=FACE_OUTER_BOUND('',#2612,.T.);
#1019=CYLINDRICAL_SURFACE('',#2613,0.2);
#1020=FACE_OUTER_BOUND('',#2614,.T.);
#1021=CYLINDRICAL_SURFACE('',#2615,0.2);
#1022=FACE_OUTER_BOUND('',#2616,.T.);
#1023=CYLINDRICAL_SURFACE('',#2617,0.2);
#1024=FACE_OUTER_BOUND('',#2618,.T.);
#1025=CYLINDRICAL_SURFACE('',#2619,0.2);
#1026=FACE_OUTER_BOUND('',#2620,.T.);
#1027=PLANE('',#2621);
#1028=FACE_OUTER_BOUND('',#2622,.T.);
#1029=PLANE('',#2623);
#1030=FACE_OUTER_BOUND('',#2624,.T.);
#1031=PLANE('',#2625);
#1032=FACE_OUTER_BOUND('',#2626,.T.);
#1033=PLANE('',#2627);
#1034=FACE_OUTER_BOUND('',#2628,.T.);
#1035=PLANE('',#2629);
#1036=FACE_OUTER_BOUND('',#2630,.T.);
#1037=PLANE('',#2631);
#1038=FACE_OUTER_BOUND('',#2632,.T.);
#1039=CYLINDRICAL_SURFACE('',#2633,0.2);
#1040=FACE_OUTER_BOUND('',#2634,.T.);
#1041=CYLINDRICAL_SURFACE('',#2635,0.6);
#1042=FACE_OUTER_BOUND('',#2636,.T.);
#1043=PLANE('',#2637);
#1044=FACE_OUTER_BOUND('',#2638,.T.);
#1045=CYLINDRICAL_SURFACE('',#2639,0.2);
#1046=FACE_OUTER_BOUND('',#2640,.T.);
#1047=PLANE('',#2641);
#1048=FACE_OUTER_BOUND('',#2642,.T.);
#1049=PLANE('',#2643);
#1050=FACE_OUTER_BOUND('',#2644,.T.);
#1051=PLANE('',#2645);
#1052=FACE_OUTER_BOUND('',#2646,.T.);
#1053=PLANE('',#2647);
#1054=FACE_OUTER_BOUND('',#2648,.T.);
#1055=PLANE('',#2649);
#1056=FACE_OUTER_BOUND('',#2650,.T.);
#1057=PLANE('',#2651);
#1058=FACE_OUTER_BOUND('',#2652,.T.);
#1059=CYLINDRICAL_SURFACE('',#2653,0.2);
#1060=FACE_OUTER_BOUND('',#2654,.T.);
#1061=CYLINDRICAL_SURFACE('',#2655,0.2);
#1062=FACE_OUTER_BOUND('',#2656,.T.);
#1063=CYLINDRICAL_SURFACE('',#2657,0.2);
#1064=FACE_OUTER_BOUND('',#2658,.T.);
#1065=CYLINDRICAL_SURFACE('',#2659,0.2);
#1066=FACE_OUTER_BOUND('',#2660,.T.);
#1067=CYLINDRICAL_SURFACE('',#2661,0.2);
#1068=FACE_OUTER_BOUND('',#2662,.T.);
#1069=CYLINDRICAL_SURFACE('',#2663,0.2);
#1070=FACE_OUTER_BOUND('',#2664,.T.);
#1071=CYLINDRICAL_SURFACE('',#2665,0.2);
#1072=FACE_OUTER_BOUND('',#2666,.T.);
#1073=CYLINDRICAL_SURFACE('',#2667,0.2);
#1074=FACE_OUTER_BOUND('',#2668,.T.);
#1075=CYLINDRICAL_SURFACE('',#2669,0.2);
#1076=FACE_OUTER_BOUND('',#2670,.T.);
#1077=CYLINDRICAL_SURFACE('',#2671,0.2);
#1078=FACE_OUTER_BOUND('',#2672,.T.);
#1079=CYLINDRICAL_SURFACE('',#2673,0.2);
#1080=FACE_OUTER_BOUND('',#2674,.T.);
#1081=CYLINDRICAL_SURFACE('',#2675,0.2);
#1082=FACE_OUTER_BOUND('',#2676,.T.);
#1083=PLANE('',#2677);
#1084=FACE_OUTER_BOUND('',#2678,.T.);
#1085=CYLINDRICAL_SURFACE('',#2679,0.2);
#1086=FACE_OUTER_BOUND('',#2680,.T.);
#1087=PLANE('',#2681);
#1088=FACE_OUTER_BOUND('',#2682,.T.);
#1089=PLANE('',#2683);
#1090=FACE_OUTER_BOUND('',#2684,.T.);
#1091=PLANE('',#2685);
#1092=FACE_OUTER_BOUND('',#2686,.T.);
#1093=PLANE('',#2687);
#1094=FACE_OUTER_BOUND('',#2688,.T.);
#1095=PLANE('',#2689);
#1096=FACE_OUTER_BOUND('',#2690,.T.);
#1097=CYLINDRICAL_SURFACE('',#2691,0.2);
#1098=FACE_OUTER_BOUND('',#2692,.T.);
#1099=CYLINDRICAL_SURFACE('',#2693,0.6);
#1100=FACE_OUTER_BOUND('',#2694,.T.);
#1101=PLANE('',#2695);
#1102=FACE_OUTER_BOUND('',#2696,.T.);
#1103=CYLINDRICAL_SURFACE('',#2697,0.2);
#1104=FACE_OUTER_BOUND('',#2698,.T.);
#1105=PLANE('',#2699);
#1106=FACE_OUTER_BOUND('',#2700,.T.);
#1107=PLANE('',#2701);
#1108=FACE_OUTER_BOUND('',#2702,.T.);
#1109=PLANE('',#2703);
#1110=FACE_OUTER_BOUND('',#2704,.T.);
#1111=PLANE('',#2705);
#1112=FACE_OUTER_BOUND('',#2706,.T.);
#1113=PLANE('',#2707);
#1114=FACE_OUTER_BOUND('',#2708,.T.);
#1115=PLANE('',#2709);
#1116=FACE_OUTER_BOUND('',#2710,.T.);
#1117=PLANE('',#2711);
#1118=FACE_OUTER_BOUND('',#2712,.T.);
#1119=CYLINDRICAL_SURFACE('',#2713,0.5);
#1120=FACE_OUTER_BOUND('',#2714,.T.);
#1121=PLANE('',#2715);
#1122=FACE_OUTER_BOUND('',#2716,.T.);
#1123=PLANE('',#2717);
#1124=FACE_OUTER_BOUND('',#2718,.T.);
#1125=CYLINDRICAL_SURFACE('',#2719,0.45);
#1126=FACE_OUTER_BOUND('',#2720,.T.);
#1127=PLANE('',#2721);
#1128=FACE_OUTER_BOUND('',#2722,.T.);
#1129=PLANE('',#2723);
#1130=FACE_OUTER_BOUND('',#2724,.T.);
#1131=PLANE('',#2725);
#1132=FACE_OUTER_BOUND('',#2726,.T.);
#1133=PLANE('',#2727);
#1134=FACE_OUTER_BOUND('',#2728,.T.);
#1135=CYLINDRICAL_SURFACE('',#2729,0.0999999999999985);
#1136=FACE_OUTER_BOUND('',#2730,.T.);
#1137=PLANE('',#2731);
#1138=FACE_OUTER_BOUND('',#2732,.T.);
#1139=PLANE('',#2733);
#1140=FACE_OUTER_BOUND('',#2734,.T.);
#1141=PLANE('',#2735);
#1142=FACE_OUTER_BOUND('',#2736,.T.);
#1143=CYLINDRICAL_SURFACE('',#2737,0.2);
#1144=FACE_OUTER_BOUND('',#2738,.T.);
#1145=CYLINDRICAL_SURFACE('',#2739,0.2);
#1146=FACE_OUTER_BOUND('',#2740,.T.);
#1147=CYLINDRICAL_SURFACE('',#2741,0.2);
#1148=FACE_OUTER_BOUND('',#2742,.T.);
#1149=CYLINDRICAL_SURFACE('',#2743,0.2);
#1150=FACE_OUTER_BOUND('',#2744,.T.);
#1151=CYLINDRICAL_SURFACE('',#2745,0.2);
#1152=FACE_OUTER_BOUND('',#2746,.T.);
#1153=CYLINDRICAL_SURFACE('',#2747,0.2);
#1154=FACE_OUTER_BOUND('',#2748,.T.);
#1155=CYLINDRICAL_SURFACE('',#2749,0.2);
#1156=FACE_OUTER_BOUND('',#2750,.T.);
#1157=CYLINDRICAL_SURFACE('',#2751,0.2);
#1158=FACE_OUTER_BOUND('',#2752,.T.);
#1159=CYLINDRICAL_SURFACE('',#2753,0.2);
#1160=FACE_OUTER_BOUND('',#2754,.T.);
#1161=CYLINDRICAL_SURFACE('',#2755,0.2);
#1162=FACE_OUTER_BOUND('',#2756,.T.);
#1163=PLANE('',#2757);
#1164=FACE_OUTER_BOUND('',#2758,.T.);
#1165=CYLINDRICAL_SURFACE('',#2759,0.2);
#1166=FACE_OUTER_BOUND('',#2760,.T.);
#1167=PLANE('',#2761);
#1168=FACE_OUTER_BOUND('',#2762,.T.);
#1169=PLANE('',#2763);
#1170=FACE_OUTER_BOUND('',#2764,.T.);
#1171=PLANE('',#2765);
#1172=FACE_OUTER_BOUND('',#2766,.T.);
#1173=PLANE('',#2767);
#1174=FACE_OUTER_BOUND('',#2768,.T.);
#1175=PLANE('',#2769);
#1176=FACE_OUTER_BOUND('',#2770,.T.);
#1177=PLANE('',#2771);
#1178=FACE_OUTER_BOUND('',#2772,.T.);
#1179=PLANE('',#2773);
#1180=FACE_OUTER_BOUND('',#2774,.T.);
#1181=PLANE('',#2775);
#1182=FACE_OUTER_BOUND('',#2776,.T.);
#1183=PLANE('',#2777);
#1184=FACE_OUTER_BOUND('',#2778,.T.);
#1185=CYLINDRICAL_SURFACE('',#2779,0.2);
#1186=FACE_OUTER_BOUND('',#2780,.T.);
#1187=CYLINDRICAL_SURFACE('',#2781,0.6);
#1188=FACE_OUTER_BOUND('',#2782,.T.);
#1189=PLANE('',#2783);
#1190=FACE_OUTER_BOUND('',#2784,.T.);
#1191=CYLINDRICAL_SURFACE('',#2785,0.2);
#1192=FACE_OUTER_BOUND('',#2786,.T.);
#1193=PLANE('',#2787);
#1194=FACE_OUTER_BOUND('',#2788,.T.);
#1195=PLANE('',#2789);
#1196=FACE_OUTER_BOUND('',#2790,.T.);
#1197=PLANE('',#2791);
#1198=FACE_OUTER_BOUND('',#2792,.T.);
#1199=PLANE('',#2793);
#1200=FACE_OUTER_BOUND('',#2794,.T.);
#1201=PLANE('',#2795);
#1202=FACE_OUTER_BOUND('',#2796,.T.);
#1203=PLANE('',#2797);
#1204=FACE_OUTER_BOUND('',#2798,.T.);
#1205=PLANE('',#2799);
#1206=FACE_OUTER_BOUND('',#2800,.T.);
#1207=CYLINDRICAL_SURFACE('',#2801,0.2);
#1208=FACE_OUTER_BOUND('',#2802,.T.);
#1209=CYLINDRICAL_SURFACE('',#2803,0.2);
#1210=FACE_OUTER_BOUND('',#2804,.T.);
#1211=CYLINDRICAL_SURFACE('',#2805,0.2);
#1212=FACE_OUTER_BOUND('',#2806,.T.);
#1213=CYLINDRICAL_SURFACE('',#2807,0.2);
#1214=FACE_OUTER_BOUND('',#2808,.T.);
#1215=CYLINDRICAL_SURFACE('',#2809,0.2);
#1216=FACE_OUTER_BOUND('',#2810,.T.);
#1217=CYLINDRICAL_SURFACE('',#2811,0.2);
#1218=FACE_OUTER_BOUND('',#2812,.T.);
#1219=CYLINDRICAL_SURFACE('',#2813,0.2);
#1220=FACE_OUTER_BOUND('',#2814,.T.);
#1221=CYLINDRICAL_SURFACE('',#2815,0.2);
#1222=FACE_OUTER_BOUND('',#2816,.T.);
#1223=PLANE('',#2817);
#1224=FACE_OUTER_BOUND('',#2818,.T.);
#1225=CYLINDRICAL_SURFACE('',#2819,0.2);
#1226=FACE_OUTER_BOUND('',#2820,.T.);
#1227=PLANE('',#2821);
#1228=FACE_OUTER_BOUND('',#2822,.T.);
#1229=CYLINDRICAL_SURFACE('',#2823,0.0999999999999985);
#1230=FACE_OUTER_BOUND('',#2824,.T.);
#1231=PLANE('',#2825);
#1232=FACE_OUTER_BOUND('',#2826,.T.);
#1233=CYLINDRICAL_SURFACE('',#2827,0.45);
#1234=FACE_OUTER_BOUND('',#2828,.T.);
#1235=CYLINDRICAL_SURFACE('',#2829,0.2);
#1236=FACE_OUTER_BOUND('',#2830,.T.);
#1237=PLANE('',#2831);
#1238=FACE_OUTER_BOUND('',#2832,.T.);
#1239=CYLINDRICAL_SURFACE('',#2833,0.45);
#1240=FACE_OUTER_BOUND('',#2834,.T.);
#1241=PLANE('',#2835);
#1242=FACE_OUTER_BOUND('',#2836,.T.);
#1243=PLANE('',#2837);
#1244=FACE_OUTER_BOUND('',#2838,.T.);
#1245=PLANE('',#2839);
#1246=FACE_OUTER_BOUND('',#2840,.T.);
#1247=PLANE('',#2841);
#1248=FACE_OUTER_BOUND('',#2842,.T.);
#1249=PLANE('',#2843);
#1250=FACE_OUTER_BOUND('',#2844,.T.);
#1251=PLANE('',#2845);
#1252=FACE_OUTER_BOUND('',#2846,.T.);
#1253=PLANE('',#2847);
#1254=FACE_OUTER_BOUND('',#2848,.T.);
#1255=PLANE('',#2849);
#1256=FACE_OUTER_BOUND('',#2850,.T.);
#1257=PLANE('',#2851);
#1258=FACE_OUTER_BOUND('',#2852,.T.);
#1259=PLANE('',#2853);
#1260=FACE_OUTER_BOUND('',#2854,.T.);
#1261=PLANE('',#2855);
#1262=FACE_OUTER_BOUND('',#2856,.T.);
#1263=CYLINDRICAL_SURFACE('',#2857,0.2);
#1264=FACE_OUTER_BOUND('',#2858,.T.);
#1265=CYLINDRICAL_SURFACE('',#2859,0.6);
#1266=FACE_OUTER_BOUND('',#2860,.T.);
#1267=PLANE('',#2861);
#1268=FACE_OUTER_BOUND('',#2862,.T.);
#1269=CYLINDRICAL_SURFACE('',#2863,0.2);
#1270=FACE_OUTER_BOUND('',#2864,.T.);
#1271=PLANE('',#2865);
#1272=FACE_OUTER_BOUND('',#2866,.T.);
#1273=PLANE('',#2867);
#1274=FACE_OUTER_BOUND('',#2868,.T.);
#1275=PLANE('',#2869);
#1276=FACE_OUTER_BOUND('',#2870,.T.);
#1277=PLANE('',#2871);
#1278=FACE_OUTER_BOUND('',#2872,.T.);
#1279=PLANE('',#2873);
#1280=FACE_OUTER_BOUND('',#2874,.T.);
#1281=PLANE('',#2875);
#1282=FACE_OUTER_BOUND('',#2876,.T.);
#1283=PLANE('',#2877);
#1284=FACE_OUTER_BOUND('',#2878,.T.);
#1285=PLANE('',#2879);
#1286=FACE_OUTER_BOUND('',#2880,.T.);
#1287=PLANE('',#2881);
#1288=FACE_OUTER_BOUND('',#2882,.T.);
#1289=PLANE('',#2883);
#1290=FACE_OUTER_BOUND('',#2884,.T.);
#1291=PLANE('',#2885);
#1292=FACE_OUTER_BOUND('',#2886,.T.);
#1293=PLANE('',#2887);
#1294=FACE_OUTER_BOUND('',#2888,.T.);
#1295=PLANE('',#2889);
#1296=FACE_OUTER_BOUND('',#2890,.T.);
#1297=PLANE('',#2891);
#1298=FACE_OUTER_BOUND('',#2892,.T.);
#1299=PLANE('',#2893);
#1300=FACE_OUTER_BOUND('',#2894,.T.);
#1301=PLANE('',#2895);
#1302=FACE_OUTER_BOUND('',#2896,.T.);
#1303=PLANE('',#2897);
#1304=FACE_OUTER_BOUND('',#2898,.T.);
#1305=PLANE('',#2899);
#1306=FACE_OUTER_BOUND('',#2900,.T.);
#1307=PLANE('',#2901);
#1308=FACE_OUTER_BOUND('',#2902,.T.);
#1309=PLANE('',#2903);
#1310=FACE_OUTER_BOUND('',#2904,.T.);
#1311=PLANE('',#2905);
#1312=FACE_OUTER_BOUND('',#2906,.T.);
#1313=PLANE('',#2907);
#1314=FACE_OUTER_BOUND('',#2908,.T.);
#1315=PLANE('',#2909);
#1316=FACE_OUTER_BOUND('',#2910,.T.);
#1317=PLANE('',#2911);
#1318=FACE_OUTER_BOUND('',#2912,.T.);
#1319=PLANE('',#2913);
#1320=FACE_OUTER_BOUND('',#2914,.T.);
#1321=PLANE('',#2915);
#1322=FACE_OUTER_BOUND('',#2916,.T.);
#1323=PLANE('',#2917);
#1324=FACE_OUTER_BOUND('',#2918,.T.);
#1325=PLANE('',#2919);
#1326=FACE_OUTER_BOUND('',#2920,.T.);
#1327=PLANE('',#2921);
#1328=FACE_OUTER_BOUND('',#2922,.T.);
#1329=PLANE('',#2923);
#1330=FACE_OUTER_BOUND('',#2924,.T.);
#1331=PLANE('',#2925);
#1332=FACE_OUTER_BOUND('',#2926,.T.);
#1333=PLANE('',#2927);
#1334=FACE_OUTER_BOUND('',#2928,.T.);
#1335=PLANE('',#2929);
#1336=FACE_OUTER_BOUND('',#2930,.T.);
#1337=PLANE('',#2931);
#1338=FACE_OUTER_BOUND('',#2932,.T.);
#1339=FACE_BOUND('',#2933,.T.);
#1340=PLANE('',#2934);
#1341=FACE_OUTER_BOUND('',#2935,.T.);
#1342=PLANE('',#2936);
#1343=FACE_OUTER_BOUND('',#2937,.T.);
#1344=PLANE('',#2938);
#1345=FACE_OUTER_BOUND('',#2939,.T.);
#1346=PLANE('',#2940);
#1347=FACE_OUTER_BOUND('',#2941,.T.);
#1348=PLANE('',#2942);
#1349=FACE_OUTER_BOUND('',#2943,.T.);
#1350=PLANE('',#2944);
#1351=FACE_OUTER_BOUND('',#2945,.T.);
#1352=PLANE('',#2946);
#1353=EDGE_LOOP('',(#2947,#2948,#2949,#2950));
#1354=AXIS2_PLACEMENT_3D('',#2951,#2952,#2953);
#1355=EDGE_LOOP('',(#2954,#2955,#2956,#2957));
#1356=AXIS2_PLACEMENT_3D('',#2958,#2959,#2960);
#1357=EDGE_LOOP('',(#2961,#2962,#2963,#2964));
#1358=AXIS2_PLACEMENT_3D('',#2965,#2966,#2967);
#1359=EDGE_LOOP('',(#2968,#2969,#2970,#2971));
#1360=AXIS2_PLACEMENT_3D('',#2972,#2973,#2974);
#1361=EDGE_LOOP('',(#2975,#2976,#2977,#2978));
#1362=AXIS2_PLACEMENT_3D('',#2979,#2980,#2981);
#1363=EDGE_LOOP('',(#2982,#2983,#2984,#2985));
#1364=AXIS2_PLACEMENT_3D('',#2986,#2987,#2988);
#1365=EDGE_LOOP('',(#2989,#2990,#2991,#2992));
#1366=AXIS2_PLACEMENT_3D('',#2993,#2994,#2995);
#1367=EDGE_LOOP('',(#2996,#2997,#2998,#2999));
#1368=AXIS2_PLACEMENT_3D('',#3000,#3001,#3002);
#1369=EDGE_LOOP('',(#3003,#3004,#3005,#3006));
#1370=AXIS2_PLACEMENT_3D('',#3007,#3008,#3009);
#1371=EDGE_LOOP('',(#3010,#3011,#3012,#3013));
#1372=AXIS2_PLACEMENT_3D('',#3014,#3015,#3016);
#1373=EDGE_LOOP('',(#3017,#3018,#3019,#3020,#3021,#3022));
#1374=AXIS2_PLACEMENT_3D('',#3023,#3024,#3025);
#1375=EDGE_LOOP('',(#3026,#3027,#3028,#3029));
#1376=AXIS2_PLACEMENT_3D('',#3030,#3031,#3032);
#1377=EDGE_LOOP('',(#3033,#3034,#3035,#3036));
#1378=AXIS2_PLACEMENT_3D('',#3037,#3038,#3039);
#1379=EDGE_LOOP('',(#3040,#3041,#3042,#3043));
#1380=AXIS2_PLACEMENT_3D('',#3044,#3045,#3046);
#1381=EDGE_LOOP('',(#3047,#3048,#3049,#3050));
#1382=AXIS2_PLACEMENT_3D('',#3051,#3052,#3053);
#1383=EDGE_LOOP('',(#3054,#3055,#3056,#3057));
#1384=AXIS2_PLACEMENT_3D('',#3058,#3059,#3060);
#1385=EDGE_LOOP('',(#3061,#3062,#3063,#3064));
#1386=AXIS2_PLACEMENT_3D('',#3065,#3066,#3067);
#1387=EDGE_LOOP('',(#3068,#3069,#3070,#3071));
#1388=AXIS2_PLACEMENT_3D('',#3072,#3073,#3074);
#1389=EDGE_LOOP('',(#3075,#3076,#3077,#3078));
#1390=AXIS2_PLACEMENT_3D('',#3079,#3080,#3081);
#1391=EDGE_LOOP('',(#3082,#3083,#3084,#3085));
#1392=AXIS2_PLACEMENT_3D('',#3086,#3087,#3088);
#1393=EDGE_LOOP('',(#3089,#3090,#3091,#3092));
#1394=AXIS2_PLACEMENT_3D('',#3093,#3094,#3095);
#1395=EDGE_LOOP('',(#3096,#3097,#3098,#3099));
#1396=AXIS2_PLACEMENT_3D('',#3100,#3101,#3102);
#1397=EDGE_LOOP('',(#3103,#3104,#3105,#3106));
#1398=AXIS2_PLACEMENT_3D('',#3107,#3108,#3109);
#1399=EDGE_LOOP('',(#3110,#3111,#3112,#3113,#3114,#3115,#3116,#3117));
#1400=AXIS2_PLACEMENT_3D('',#3118,#3119,#3120);
#1401=EDGE_LOOP('',(#3121,#3122,#3123,#3124));
#1402=AXIS2_PLACEMENT_3D('',#3125,#3126,#3127);
#1403=EDGE_LOOP('',(#3128,#3129,#3130,#3131));
#1404=AXIS2_PLACEMENT_3D('',#3132,#3133,#3134);
#1405=EDGE_LOOP('',(#3135,#3136,#3137,#3138));
#1406=AXIS2_PLACEMENT_3D('',#3139,#3140,#3141);
#1407=EDGE_LOOP('',(#3142,#3143,#3144,#3145));
#1408=AXIS2_PLACEMENT_3D('',#3146,#3147,#3148);
#1409=EDGE_LOOP('',(#3149,#3150,#3151,#3152));
#1410=AXIS2_PLACEMENT_3D('',#3153,#3154,#3155);
#1411=EDGE_LOOP('',(#3156,#3157,#3158,#3159));
#1412=AXIS2_PLACEMENT_3D('',#3160,#3161,#3162);
#1413=EDGE_LOOP('',(#3163,#3164,#3165,#3166));
#1414=AXIS2_PLACEMENT_3D('',#3167,#3168,#3169);
#1415=EDGE_LOOP('',(#3170,#3171,#3172,#3173));
#1416=AXIS2_PLACEMENT_3D('',#3174,#3175,#3176);
#1417=EDGE_LOOP('',(#3177,#3178,#3179,#3180));
#1418=AXIS2_PLACEMENT_3D('',#3181,#3182,#3183);
#1419=EDGE_LOOP('',(#3184,#3185,#3186,#3187));
#1420=AXIS2_PLACEMENT_3D('',#3188,#3189,#3190);
#1421=EDGE_LOOP('',(#3191,#3192,#3193,#3194,#3195,#3196));
#1422=AXIS2_PLACEMENT_3D('',#3197,#3198,#3199);
#1423=EDGE_LOOP('',(#3200,#3201,#3202,#3203,#3204,#3205,#3206,#3207,#3208,#3209,#3210,#3211));
#1424=AXIS2_PLACEMENT_3D('',#3212,#3213,#3214);
#1425=EDGE_LOOP('',(#3215,#3216,#3217,#3218,#3219));
#1426=AXIS2_PLACEMENT_3D('',#3220,#3221,#3222);
#1427=EDGE_LOOP('',(#3223,#3224,#3225,#3226,#3227,#3228,#3229,#3230,#3231,#3232,#3233,#3234,#3235,#3236,#3237,#3238,#3239,#3240,#3241,#3242,#3243,#3244,#3245));
#1428=AXIS2_PLACEMENT_3D('',#3246,#3247,#3248);
#1429=EDGE_LOOP('',(#3249,#3250,#3251,#3252,#3253));
#1430=AXIS2_PLACEMENT_3D('',#3254,#3255,#3256);
#1431=EDGE_LOOP('',(#3257,#3258,#3259,#3260,#3261,#3262,#3263,#3264,#3265,#3266,#3267,#3268,#3269,#3270,#3271,#3272,#3273,#3274,#3275,#3276,#3277,#3278,#3279));
#1432=AXIS2_PLACEMENT_3D('',#3280,#3281,#3282);
#1433=EDGE_LOOP('',(#3283,#3284,#3285,#3286,#3287,#3288,#3289,#3290,#3291,#3292,#3293));
#1434=AXIS2_PLACEMENT_3D('',#3294,#3295,#3296);
#1435=EDGE_LOOP('',(#3297,#3298,#3299,#3300,#3301,#3302,#3303,#3304,#3305,#3306,#3307));
#1436=AXIS2_PLACEMENT_3D('',#3308,#3309,#3310);
#1437=EDGE_LOOP('',(#3311,#3312,#3313,#3314));
#1438=AXIS2_PLACEMENT_3D('',#3315,#3316,#3317);
#1439=EDGE_LOOP('',(#3318,#3319,#3320,#3321));
#1440=AXIS2_PLACEMENT_3D('',#3322,#3323,#3324);
#1441=EDGE_LOOP('',(#3325,#3326,#3327,#3328));
#1442=AXIS2_PLACEMENT_3D('',#3329,#3330,#3331);
#1443=EDGE_LOOP('',(#3332,#3333,#3334,#3335));
#1444=AXIS2_PLACEMENT_3D('',#3336,#3337,#3338);
#1445=EDGE_LOOP('',(#3339,#3340,#3341,#3342));
#1446=AXIS2_PLACEMENT_3D('',#3343,#3344,#3345);
#1447=EDGE_LOOP('',(#3346,#3347,#3348,#3349,#3350,#3351,#3352,#3353));
#1448=AXIS2_PLACEMENT_3D('',#3354,#3355,#3356);
#1449=EDGE_LOOP('',(#3357,#3358,#3359,#3360));
#1450=AXIS2_PLACEMENT_3D('',#3361,#3362,#3363);
#1451=EDGE_LOOP('',(#3364,#3365,#3366,#3367,#3368,#3369,#3370,#3371));
#1452=AXIS2_PLACEMENT_3D('',#3372,#3373,#3374);
#1453=EDGE_LOOP('',(#3375,#3376,#3377,#3378));
#1454=AXIS2_PLACEMENT_3D('',#3379,#3380,#3381);
#1455=EDGE_LOOP('',(#3382,#3383,#3384,#3385));
#1456=AXIS2_PLACEMENT_3D('',#3386,#3387,#3388);
#1457=EDGE_LOOP('',(#3389,#3390,#3391,#3392));
#1458=AXIS2_PLACEMENT_3D('',#3393,#3394,#3395);
#1459=EDGE_LOOP('',(#3396,#3397,#3398,#3399));
#1460=AXIS2_PLACEMENT_3D('',#3400,#3401,#3402);
#1461=EDGE_LOOP('',(#3403,#3404,#3405,#3406));
#1462=AXIS2_PLACEMENT_3D('',#3407,#3408,#3409);
#1463=EDGE_LOOP('',(#3410,#3411,#3412,#3413,#3414,#3415,#3416,#3417,#3418,#3419,#3420));
#1464=AXIS2_PLACEMENT_3D('',#3421,#3422,#3423);
#1465=EDGE_LOOP('',(#3424,#3425,#3426,#3427,#3428,#3429,#3430,#3431,#3432,#3433,#3434));
#1466=AXIS2_PLACEMENT_3D('',#3435,#3436,#3437);
#1467=EDGE_LOOP('',(#3438,#3439,#3440,#3441));
#1468=AXIS2_PLACEMENT_3D('',#3442,#3443,#3444);
#1469=EDGE_LOOP('',(#3445,#3446,#3447,#3448));
#1470=AXIS2_PLACEMENT_3D('',#3449,#3450,#3451);
#1471=EDGE_LOOP('',(#3452,#3453,#3454,#3455));
#1472=AXIS2_PLACEMENT_3D('',#3456,#3457,#3458);
#1473=EDGE_LOOP('',(#3459,#3460,#3461,#3462));
#1474=AXIS2_PLACEMENT_3D('',#3463,#3464,#3465);
#1475=EDGE_LOOP('',(#3466,#3467,#3468,#3469));
#1476=AXIS2_PLACEMENT_3D('',#3470,#3471,#3472);
#1477=EDGE_LOOP('',(#3473,#3474,#3475,#3476,#3477,#3478,#3479,#3480));
#1478=AXIS2_PLACEMENT_3D('',#3481,#3482,#3483);
#1479=EDGE_LOOP('',(#3484,#3485,#3486,#3487));
#1480=AXIS2_PLACEMENT_3D('',#3488,#3489,#3490);
#1481=EDGE_LOOP('',(#3491,#3492,#3493,#3494,#3495,#3496,#3497,#3498));
#1482=AXIS2_PLACEMENT_3D('',#3499,#3500,#3501);
#1483=EDGE_LOOP('',(#3502,#3503,#3504,#3505));
#1484=AXIS2_PLACEMENT_3D('',#3506,#3507,#3508);
#1485=EDGE_LOOP('',(#3509,#3510,#3511,#3512));
#1486=AXIS2_PLACEMENT_3D('',#3513,#3514,#3515);
#1487=EDGE_LOOP('',(#3516,#3517,#3518,#3519));
#1488=AXIS2_PLACEMENT_3D('',#3520,#3521,#3522);
#1489=EDGE_LOOP('',(#3523,#3524,#3525,#3526));
#1490=AXIS2_PLACEMENT_3D('',#3527,#3528,#3529);
#1491=EDGE_LOOP('',(#3530,#3531,#3532,#3533));
#1492=AXIS2_PLACEMENT_3D('',#3534,#3535,#3536);
#1493=EDGE_LOOP('',(#3537,#3538,#3539,#3540,#3541,#3542,#3543,#3544,#3545,#3546,#3547));
#1494=AXIS2_PLACEMENT_3D('',#3548,#3549,#3550);
#1495=EDGE_LOOP('',(#3551,#3552,#3553,#3554,#3555,#3556,#3557,#3558,#3559,#3560,#3561));
#1496=AXIS2_PLACEMENT_3D('',#3562,#3563,#3564);
#1497=EDGE_LOOP('',(#3565,#3566,#3567,#3568));
#1498=AXIS2_PLACEMENT_3D('',#3569,#3570,#3571);
#1499=EDGE_LOOP('',(#3572,#3573,#3574,#3575));
#1500=AXIS2_PLACEMENT_3D('',#3576,#3577,#3578);
#1501=EDGE_LOOP('',(#3579,#3580,#3581,#3582));
#1502=AXIS2_PLACEMENT_3D('',#3583,#3584,#3585);
#1503=EDGE_LOOP('',(#3586,#3587,#3588,#3589));
#1504=AXIS2_PLACEMENT_3D('',#3590,#3591,#3592);
#1505=EDGE_LOOP('',(#3593,#3594,#3595,#3596));
#1506=AXIS2_PLACEMENT_3D('',#3597,#3598,#3599);
#1507=EDGE_LOOP('',(#3600,#3601,#3602,#3603,#3604,#3605,#3606,#3607));
#1508=AXIS2_PLACEMENT_3D('',#3608,#3609,#3610);
#1509=EDGE_LOOP('',(#3611,#3612,#3613,#3614));
#1510=AXIS2_PLACEMENT_3D('',#3615,#3616,#3617);
#1511=EDGE_LOOP('',(#3618,#3619,#3620,#3621,#3622,#3623,#3624,#3625));
#1512=AXIS2_PLACEMENT_3D('',#3626,#3627,#3628);
#1513=EDGE_LOOP('',(#3629,#3630,#3631,#3632));
#1514=AXIS2_PLACEMENT_3D('',#3633,#3634,#3635);
#1515=EDGE_LOOP('',(#3636,#3637,#3638,#3639));
#1516=AXIS2_PLACEMENT_3D('',#3640,#3641,#3642);
#1517=EDGE_LOOP('',(#3643,#3644,#3645,#3646));
#1518=AXIS2_PLACEMENT_3D('',#3647,#3648,#3649);
#1519=EDGE_LOOP('',(#3650,#3651,#3652,#3653));
#1520=AXIS2_PLACEMENT_3D('',#3654,#3655,#3656);
#1521=EDGE_LOOP('',(#3657,#3658,#3659,#3660));
#1522=AXIS2_PLACEMENT_3D('',#3661,#3662,#3663);
#1523=EDGE_LOOP('',(#3664,#3665,#3666,#3667,#3668,#3669,#3670,#3671,#3672,#3673,#3674));
#1524=AXIS2_PLACEMENT_3D('',#3675,#3676,#3677);
#1525=EDGE_LOOP('',(#3678,#3679,#3680,#3681,#3682,#3683,#3684,#3685,#3686,#3687,#3688));
#1526=AXIS2_PLACEMENT_3D('',#3689,#3690,#3691);
#1527=EDGE_LOOP('',(#3692,#3693,#3694,#3695));
#1528=AXIS2_PLACEMENT_3D('',#3696,#3697,#3698);
#1529=EDGE_LOOP('',(#3699,#3700,#3701,#3702));
#1530=AXIS2_PLACEMENT_3D('',#3703,#3704,#3705);
#1531=EDGE_LOOP('',(#3706,#3707,#3708,#3709));
#1532=AXIS2_PLACEMENT_3D('',#3710,#3711,#3712);
#1533=EDGE_LOOP('',(#3713,#3714,#3715,#3716));
#1534=AXIS2_PLACEMENT_3D('',#3717,#3718,#3719);
#1535=EDGE_LOOP('',(#3720,#3721,#3722,#3723));
#1536=AXIS2_PLACEMENT_3D('',#3724,#3725,#3726);
#1537=EDGE_LOOP('',(#3727,#3728,#3729,#3730,#3731,#3732,#3733,#3734));
#1538=AXIS2_PLACEMENT_3D('',#3735,#3736,#3737);
#1539=EDGE_LOOP('',(#3738,#3739,#3740,#3741));
#1540=AXIS2_PLACEMENT_3D('',#3742,#3743,#3744);
#1541=EDGE_LOOP('',(#3745,#3746,#3747,#3748,#3749,#3750,#3751,#3752));
#1542=AXIS2_PLACEMENT_3D('',#3753,#3754,#3755);
#1543=EDGE_LOOP('',(#3756,#3757,#3758,#3759));
#1544=AXIS2_PLACEMENT_3D('',#3760,#3761,#3762);
#1545=EDGE_LOOP('',(#3763,#3764,#3765,#3766));
#1546=AXIS2_PLACEMENT_3D('',#3767,#3768,#3769);
#1547=EDGE_LOOP('',(#3770,#3771,#3772,#3773));
#1548=AXIS2_PLACEMENT_3D('',#3774,#3775,#3776);
#1549=EDGE_LOOP('',(#3777,#3778,#3779,#3780));
#1550=AXIS2_PLACEMENT_3D('',#3781,#3782,#3783);
#1551=EDGE_LOOP('',(#3784,#3785,#3786,#3787));
#1552=AXIS2_PLACEMENT_3D('',#3788,#3789,#3790);
#1553=EDGE_LOOP('',(#3791,#3792,#3793,#3794,#3795,#3796,#3797,#3798,#3799,#3800,#3801));
#1554=AXIS2_PLACEMENT_3D('',#3802,#3803,#3804);
#1555=EDGE_LOOP('',(#3805,#3806,#3807,#3808,#3809,#3810,#3811,#3812,#3813,#3814,#3815));
#1556=AXIS2_PLACEMENT_3D('',#3816,#3817,#3818);
#1557=EDGE_LOOP('',(#3819,#3820,#3821,#3822));
#1558=AXIS2_PLACEMENT_3D('',#3823,#3824,#3825);
#1559=EDGE_LOOP('',(#3826,#3827,#3828,#3829));
#1560=AXIS2_PLACEMENT_3D('',#3830,#3831,#3832);
#1561=EDGE_LOOP('',(#3833,#3834,#3835,#3836));
#1562=AXIS2_PLACEMENT_3D('',#3837,#3838,#3839);
#1563=EDGE_LOOP('',(#3840,#3841,#3842,#3843));
#1564=AXIS2_PLACEMENT_3D('',#3844,#3845,#3846);
#1565=EDGE_LOOP('',(#3847,#3848,#3849,#3850));
#1566=AXIS2_PLACEMENT_3D('',#3851,#3852,#3853);
#1567=EDGE_LOOP('',(#3854,#3855,#3856,#3857,#3858,#3859,#3860,#3861));
#1568=AXIS2_PLACEMENT_3D('',#3862,#3863,#3864);
#1569=EDGE_LOOP('',(#3865,#3866,#3867,#3868));
#1570=AXIS2_PLACEMENT_3D('',#3869,#3870,#3871);
#1571=EDGE_LOOP('',(#3872,#3873,#3874,#3875,#3876,#3877,#3878,#3879));
#1572=AXIS2_PLACEMENT_3D('',#3880,#3881,#3882);
#1573=EDGE_LOOP('',(#3883,#3884,#3885,#3886));
#1574=AXIS2_PLACEMENT_3D('',#3887,#3888,#3889);
#1575=EDGE_LOOP('',(#3890,#3891,#3892,#3893));
#1576=AXIS2_PLACEMENT_3D('',#3894,#3895,#3896);
#1577=EDGE_LOOP('',(#3897,#3898,#3899,#3900));
#1578=AXIS2_PLACEMENT_3D('',#3901,#3902,#3903);
#1579=EDGE_LOOP('',(#3904,#3905,#3906,#3907));
#1580=AXIS2_PLACEMENT_3D('',#3908,#3909,#3910);
#1581=EDGE_LOOP('',(#3911,#3912,#3913,#3914));
#1582=AXIS2_PLACEMENT_3D('',#3915,#3916,#3917);
#1583=EDGE_LOOP('',(#3918,#3919,#3920,#3921,#3922,#3923,#3924,#3925,#3926,#3927,#3928));
#1584=AXIS2_PLACEMENT_3D('',#3929,#3930,#3931);
#1585=EDGE_LOOP('',(#3932,#3933,#3934,#3935,#3936,#3937,#3938,#3939,#3940,#3941,#3942));
#1586=AXIS2_PLACEMENT_3D('',#3943,#3944,#3945);
#1587=EDGE_LOOP('',(#3946,#3947,#3948,#3949));
#1588=AXIS2_PLACEMENT_3D('',#3950,#3951,#3952);
#1589=EDGE_LOOP('',(#3953,#3954,#3955,#3956));
#1590=AXIS2_PLACEMENT_3D('',#3957,#3958,#3959);
#1591=EDGE_LOOP('',(#3960,#3961,#3962,#3963));
#1592=AXIS2_PLACEMENT_3D('',#3964,#3965,#3966);
#1593=EDGE_LOOP('',(#3967,#3968,#3969,#3970));
#1594=AXIS2_PLACEMENT_3D('',#3971,#3972,#3973);
#1595=EDGE_LOOP('',(#3974,#3975,#3976,#3977));
#1596=AXIS2_PLACEMENT_3D('',#3978,#3979,#3980);
#1597=EDGE_LOOP('',(#3981,#3982,#3983,#3984,#3985,#3986,#3987,#3988));
#1598=AXIS2_PLACEMENT_3D('',#3989,#3990,#3991);
#1599=EDGE_LOOP('',(#3992,#3993,#3994,#3995));
#1600=AXIS2_PLACEMENT_3D('',#3996,#3997,#3998);
#1601=EDGE_LOOP('',(#3999,#4000,#4001,#4002,#4003,#4004,#4005,#4006));
#1602=AXIS2_PLACEMENT_3D('',#4007,#4008,#4009);
#1603=EDGE_LOOP('',(#4010,#4011,#4012,#4013));
#1604=AXIS2_PLACEMENT_3D('',#4014,#4015,#4016);
#1605=EDGE_LOOP('',(#4017,#4018,#4019,#4020));
#1606=AXIS2_PLACEMENT_3D('',#4021,#4022,#4023);
#1607=EDGE_LOOP('',(#4024,#4025,#4026,#4027));
#1608=AXIS2_PLACEMENT_3D('',#4028,#4029,#4030);
#1609=EDGE_LOOP('',(#4031,#4032,#4033,#4034));
#1610=AXIS2_PLACEMENT_3D('',#4035,#4036,#4037);
#1611=EDGE_LOOP('',(#4038,#4039,#4040,#4041));
#1612=AXIS2_PLACEMENT_3D('',#4042,#4043,#4044);
#1613=EDGE_LOOP('',(#4045,#4046,#4047,#4048,#4049,#4050));
#1614=AXIS2_PLACEMENT_3D('',#4051,#4052,#4053);
#1615=EDGE_LOOP('',(#4054,#4055,#4056,#4057,#4058,#4059));
#1616=AXIS2_PLACEMENT_3D('',#4060,#4061,#4062);
#1617=EDGE_LOOP('',(#4063,#4064,#4065,#4066,#4067,#4068));
#1618=AXIS2_PLACEMENT_3D('',#4069,#4070,#4071);
#1619=EDGE_LOOP('',(#4072,#4073,#4074,#4075,#4076,#4077));
#1620=AXIS2_PLACEMENT_3D('',#4078,#4079,#4080);
#1621=EDGE_LOOP('',(#4081,#4082,#4083,#4084,#4085,#4086,#4087,#4088,#4089,#4090,#4091,#4092,#4093,#4094,#4095,#4096,#4097,#4098,#4099,#4100,#4101,#4102,#4103,#4104));
#1622=AXIS2_PLACEMENT_3D('',#4105,#4106,#4107);
#1623=EDGE_LOOP('',(#4108,#4109,#4110,#4111,#4112,#4113,#4114,#4115));
#1624=AXIS2_PLACEMENT_3D('',#4116,#4117,#4118);
#1625=EDGE_LOOP('',(#4119,#4120,#4121,#4122,#4123,#4124,#4125,#4126));
#1626=EDGE_LOOP('',(#4127,#4128,#4129,#4130));
#1627=EDGE_LOOP('',(#4131,#4132,#4133,#4134));
#1628=EDGE_LOOP('',(#4135,#4136,#4137,#4138));
#1629=EDGE_LOOP('',(#4139,#4140,#4141,#4142));
#1630=EDGE_LOOP('',(#4143,#4144,#4145,#4146));
#1631=EDGE_LOOP('',(#4147,#4148,#4149,#4150));
#1632=AXIS2_PLACEMENT_3D('',#4151,#4152,#4153);
#1633=EDGE_LOOP('',(#4154,#4155,#4156,#4157,#4158,#4159,#4160,#4161,#4162,#4163,#4164,#4165,#4166,#4167,#4168,#4169,#4170,#4171,#4172,#4173,#4174,#4175));
#1634=AXIS2_PLACEMENT_3D('',#4176,#4177,#4178);
#1635=EDGE_LOOP('',(#4179,#4180,#4181,#4182));
#1636=AXIS2_PLACEMENT_3D('',#4183,#4184,#4185);
#1637=EDGE_LOOP('',(#4186,#4187,#4188,#4189,#4190,#4191,#4192,#4193,#4194,#4195));
#1638=AXIS2_PLACEMENT_3D('',#4196,#4197,#4198);
#1639=EDGE_LOOP('',(#4199,#4200,#4201,#4202,#4203,#4204));
#1640=AXIS2_PLACEMENT_3D('',#4205,#4206,#4207);
#1641=EDGE_LOOP('',(#4208,#4209,#4210,#4211));
#1642=AXIS2_PLACEMENT_3D('',#4212,#4213,#4214);
#1643=EDGE_LOOP('',(#4215,#4216,#4217,#4218,#4219,#4220));
#1644=AXIS2_PLACEMENT_3D('',#4221,#4222,#4223);
#1645=EDGE_LOOP('',(#4224,#4225,#4226,#4227));
#1646=AXIS2_PLACEMENT_3D('',#4228,#4229,#4230);
#1647=EDGE_LOOP('',(#4231,#4232,#4233,#4234));
#1648=AXIS2_PLACEMENT_3D('',#4235,#4236,#4237);
#1649=EDGE_LOOP('',(#4238,#4239,#4240,#4241));
#1650=AXIS2_PLACEMENT_3D('',#4242,#4243,#4244);
#1651=EDGE_LOOP('',(#4245,#4246,#4247,#4248));
#1652=AXIS2_PLACEMENT_3D('',#4249,#4250,#4251);
#1653=EDGE_LOOP('',(#4252,#4253,#4254,#4255));
#1654=AXIS2_PLACEMENT_3D('',#4256,#4257,#4258);
#1655=EDGE_LOOP('',(#4259,#4260,#4261,#4262));
#1656=AXIS2_PLACEMENT_3D('',#4263,#4264,#4265);
#1657=EDGE_LOOP('',(#4266,#4267,#4268,#4269));
#1658=AXIS2_PLACEMENT_3D('',#4270,#4271,#4272);
#1659=EDGE_LOOP('',(#4273,#4274,#4275,#4276));
#1660=AXIS2_PLACEMENT_3D('',#4277,#4278,#4279);
#1661=EDGE_LOOP('',(#4280,#4281,#4282));
#1662=AXIS2_PLACEMENT_3D('',#4283,#4284,#4285);
#1663=EDGE_LOOP('',(#4286,#4287,#4288,#4289));
#1664=AXIS2_PLACEMENT_3D('',#4290,#4291,#4292);
#1665=EDGE_LOOP('',(#4293,#4294,#4295));
#1666=AXIS2_PLACEMENT_3D('',#4296,#4297,#4298);
#1667=EDGE_LOOP('',(#4299,#4300,#4301,#4302));
#1668=AXIS2_PLACEMENT_3D('',#4303,#4304,#4305);
#1669=EDGE_LOOP('',(#4306,#4307,#4308,#4309));
#1670=AXIS2_PLACEMENT_3D('',#4310,#4311,#4312);
#1671=EDGE_LOOP('',(#4313,#4314,#4315,#4316,#4317));
#1672=AXIS2_PLACEMENT_3D('',#4318,#4319,#4320);
#1673=EDGE_LOOP('',(#4321,#4322,#4323,#4324,#4325));
#1674=AXIS2_PLACEMENT_3D('',#4326,#4327,#4328);
#1675=EDGE_LOOP('',(#4329,#4330,#4331,#4332));
#1676=AXIS2_PLACEMENT_3D('',#4333,#4334,#4335);
#1677=EDGE_LOOP('',(#4336,#4337,#4338,#4339));
#1678=AXIS2_PLACEMENT_3D('',#4340,#4341,#4342);
#1679=EDGE_LOOP('',(#4343,#4344,#4345,#4346));
#1680=AXIS2_PLACEMENT_3D('',#4347,#4348,#4349);
#1681=EDGE_LOOP('',(#4350,#4351,#4352,#4353));
#1682=AXIS2_PLACEMENT_3D('',#4354,#4355,#4356);
#1683=EDGE_LOOP('',(#4357,#4358,#4359,#4360,#4361,#4362));
#1684=AXIS2_PLACEMENT_3D('',#4363,#4364,#4365);
#1685=EDGE_LOOP('',(#4366,#4367,#4368,#4369));
#1686=AXIS2_PLACEMENT_3D('',#4370,#4371,#4372);
#1687=EDGE_LOOP('',(#4373,#4374,#4375,#4376));
#1688=AXIS2_PLACEMENT_3D('',#4377,#4378,#4379);
#1689=EDGE_LOOP('',(#4380,#4381,#4382,#4383,#4384,#4385));
#1690=AXIS2_PLACEMENT_3D('',#4386,#4387,#4388);
#1691=EDGE_LOOP('',(#4389,#4390,#4391,#4392));
#1692=AXIS2_PLACEMENT_3D('',#4393,#4394,#4395);
#1693=EDGE_LOOP('',(#4396,#4397,#4398,#4399));
#1694=AXIS2_PLACEMENT_3D('',#4400,#4401,#4402);
#1695=EDGE_LOOP('',(#4403,#4404,#4405,#4406,#4407));
#1696=AXIS2_PLACEMENT_3D('',#4408,#4409,#4410);
#1697=EDGE_LOOP('',(#4411,#4412,#4413,#4414,#4415));
#1698=AXIS2_PLACEMENT_3D('',#4416,#4417,#4418);
#1699=EDGE_LOOP('',(#4419,#4420,#4421,#4422));
#1700=AXIS2_PLACEMENT_3D('',#4423,#4424,#4425);
#1701=EDGE_LOOP('',(#4426,#4427,#4428,#4429,#4430));
#1702=AXIS2_PLACEMENT_3D('',#4431,#4432,#4433);
#1703=EDGE_LOOP('',(#4434,#4435,#4436,#4437,#4438));
#1704=AXIS2_PLACEMENT_3D('',#4439,#4440,#4441);
#1705=EDGE_LOOP('',(#4442,#4443,#4444,#4445));
#1706=AXIS2_PLACEMENT_3D('',#4446,#4447,#4448);
#1707=EDGE_LOOP('',(#4449,#4450,#4451,#4452));
#1708=AXIS2_PLACEMENT_3D('',#4453,#4454,#4455);
#1709=EDGE_LOOP('',(#4456,#4457,#4458,#4459));
#1710=AXIS2_PLACEMENT_3D('',#4460,#4461,#4462);
#1711=EDGE_LOOP('',(#4463,#4464,#4465,#4466));
#1712=AXIS2_PLACEMENT_3D('',#4467,#4468,#4469);
#1713=EDGE_LOOP('',(#4470,#4471,#4472,#4473));
#1714=AXIS2_PLACEMENT_3D('',#4474,#4475,#4476);
#1715=EDGE_LOOP('',(#4477,#4478,#4479,#4480,#4481,#4482,#4483,#4484,#4485,#4486));
#1716=AXIS2_PLACEMENT_3D('',#4487,#4488,#4489);
#1717=EDGE_LOOP('',(#4490,#4491,#4492,#4493));
#1718=AXIS2_PLACEMENT_3D('',#4494,#4495,#4496);
#1719=EDGE_LOOP('',(#4497,#4498,#4499,#4500));
#1720=AXIS2_PLACEMENT_3D('',#4501,#4502,#4503);
#1721=EDGE_LOOP('',(#4504,#4505,#4506,#4507));
#1722=AXIS2_PLACEMENT_3D('',#4508,#4509,#4510);
#1723=EDGE_LOOP('',(#4511,#4512,#4513,#4514));
#1724=AXIS2_PLACEMENT_3D('',#4515,#4516,#4517);
#1725=EDGE_LOOP('',(#4518,#4519,#4520,#4521));
#1726=AXIS2_PLACEMENT_3D('',#4522,#4523,#4524);
#1727=EDGE_LOOP('',(#4525,#4526,#4527,#4528));
#1728=EDGE_LOOP('',(#4529,#4530));
#1729=AXIS2_PLACEMENT_3D('',#4531,#4532,#4533);
#1730=EDGE_LOOP('',(#4534,#4535,#4536,#4537));
#1732=CARTESIAN_POINT('',(3.85891586499319,-1.36733476036554,-2.33571738659296));
#1733=CARTESIAN_POINT('',(3.73340577479295,-1.72155151278757,-2.34653250482763));
#1734=CARTESIAN_POINT('',(3.5455080030935,-2.047,-2.35646925639128));
#1735=CARTESIAN_POINT('',(2.78238319409841,-3.36877094169578,-2.39682620991154));
#1736=CARTESIAN_POINT('',(1.34023315059388,-3.86841196126385,-2.44258705149459));
#1737=CARTESIAN_POINT('',(4.22991889308754,-1.49879275381811,-2.10846976035104));
#1738=CARTESIAN_POINT('',(4.09234203979897,-1.88706453421898,-2.11928487858572));
#1739=CARTESIAN_POINT('',(3.88637944245637,-2.24380221727521,-2.12922163014936));
#1740=CARTESIAN_POINT('',(3.0498864583426,-3.69265056593517,-2.16957858366963));
#1741=CARTESIAN_POINT('',(1.46908554712667,-4.2403279609271,-2.21533942525267));
#1748=EDGE_LOOP('',(#4538,#4539,#4540));
#1750=CARTESIAN_POINT('',(2.52885983331635,3.21958133045885,-2.18668622613458));
#1751=CARTESIAN_POINT('',(3.15036005550592,2.73141632172823,-2.21057232424276));
#1752=CARTESIAN_POINT('',(3.54550800309349,2.047,-2.23146925639128));
#1753=CARTESIAN_POINT('',(3.68032746142644,1.81348584831842,-2.2385990240904));
#1754=CARTESIAN_POINT('',(3.78335577839217,1.56430657292825,-2.2462070869687));
#1755=CARTESIAN_POINT('',(2.56668078853343,3.2677325327172,-2.15133577619659));
#1756=CARTESIAN_POINT('',(3.19747600278273,2.77226665792412,-2.17522187430477));
#1757=CARTESIAN_POINT('',(3.59853367800048,2.07761438768151,-2.19611880645329));
#1758=CARTESIAN_POINT('',(3.73536946030237,1.84060786044121,-2.20324857415241));
#1759=CARTESIAN_POINT('',(3.83993864138035,1.58770192606766,-2.21085663703071));
#1766=EDGE_LOOP('',(#4541,#4542,#4543,#4544));
#1767=AXIS2_PLACEMENT_3D('',#4545,#4546,#4547);
#1768=EDGE_LOOP('',(#4548,#4549,#4550,#4551));
#1770=CARTESIAN_POINT('',(-4.49986501261908,-0.0348549595704347,-2.24593601596958));
#1771=CARTESIAN_POINT('',(-4.50934920021961,1.18957807614955,-2.27994804473958));
#1772=CARTESIAN_POINT('',(-3.89711431702998,2.25,-2.30940420929098));
#1773=CARTESIAN_POINT('',(-2.63208528967822,4.44109454842267,-2.37026794674717));
#1774=CARTESIAN_POINT('',(-0.10268603680182,4.49882824498179,-2.43191769279117));
#1775=CARTESIAN_POINT('',(-4.19249577044578,-0.0324741453728752,-2.06847097780673));
#1776=CARTESIAN_POINT('',(-4.20133212804536,1.10832236942353,-2.10248300657673));
#1777=CARTESIAN_POINT('',(-3.63091675978569,2.09631076866739,-2.13193917112813));
#1778=CARTESIAN_POINT('',(-2.4522972163571,4.13773970067933,-2.19280290858431));
#1779=CARTESIAN_POINT('',(-0.0956719309953029,4.19152982059571,-2.25445265462831));
#1786=EDGE_LOOP('',(#4552,#4553,#4554,#4555,#4556));
#1788=CARTESIAN_POINT('',(0.925041735595662,3.98812409378221,-2.22607619674205));
#1789=CARTESIAN_POINT('',(2.65669538446076,3.58646861388023,-2.27799619522838));
#1790=CARTESIAN_POINT('',(3.54550800309349,2.047,-2.325));
#1791=CARTESIAN_POINT('',(4.38246837106906,0.597342118744777,-2.36926165978429));
#1792=CARTESIAN_POINT('',(3.9640160483914,-1.02343185806163,-2.41874791945718));
#1793=CARTESIAN_POINT('',(0.915890736501468,3.94867147389989,-2.20269351083987));
#1794=CARTESIAN_POINT('',(2.63041395723295,3.55098938113422,-2.25461350932619));
#1795=CARTESIAN_POINT('',(3.51043397424022,2.02675,-2.30161731409782));
#1796=CARTESIAN_POINT('',(4.33911469030982,0.591432896514888,-2.34587897388211));
#1797=CARTESIAN_POINT('',(3.92480191796641,-1.0133075321575,-2.395365233555));
#1798=CARTESIAN_POINT('',(0.915890736501468,3.94867147389989,-2.15592813903551));
#1799=CARTESIAN_POINT('',(2.63041395723295,3.55098938113422,-2.20784813752183));
#1800=CARTESIAN_POINT('',(3.51043397424022,2.02675,-2.25485194229346));
#1801=CARTESIAN_POINT('',(4.33911469030982,0.591432896514888,-2.29911360207775));
#1802=CARTESIAN_POINT('',(3.92480191796641,-1.0133075321575,-2.34859986175064));
#1803=CARTESIAN_POINT('',(0.925041735595662,3.98812409378221,-2.13254545313333));
#1804=CARTESIAN_POINT('',(2.65669538446076,3.58646861388023,-2.18446545161965));
#1805=CARTESIAN_POINT('',(3.54550800309349,2.047,-2.23146925639128));
#1806=CARTESIAN_POINT('',(4.38246837106906,0.597342118744777,-2.27573091617557));
#1807=CARTESIAN_POINT('',(3.9640160483914,-1.02343185806163,-2.32521717584846));
#1814=EDGE_LOOP('',(#4557,#4558,#4559,#4560,#4561,#4562,#4563,#4564));
#1815=AXIS2_PLACEMENT_3D('',#4565,#4566,#4567);
#1816=EDGE_LOOP('',(#4568,#4569,#4570,#4571));
#1817=AXIS2_PLACEMENT_3D('',#4572,#4573,#4574);
#1818=EDGE_LOOP('',(#4575,#4576,#4577,#4578,#4579));
#1819=AXIS2_PLACEMENT_3D('',#4580,#4581,#4582);
#1820=EDGE_LOOP('',(#4583,#4584,#4585,#4586));
#1821=AXIS2_PLACEMENT_3D('',#4587,#4588,#4589);
#1822=EDGE_LOOP('',(#4590,#4591,#4592,#4593));
#1823=AXIS2_PLACEMENT_3D('',#4594,#4595,#4596);
#1824=EDGE_LOOP('',(#4597,#4598,#4599,#4600));
#1825=AXIS2_PLACEMENT_3D('',#4601,#4602,#4603);
#1826=EDGE_LOOP('',(#4604,#4605,#4606,#4607,#4608));
#1827=AXIS2_PLACEMENT_3D('',#4609,#4610,#4611);
#1828=EDGE_LOOP('',(#4612,#4613,#4614,#4615,#4616,#4617));
#1829=AXIS2_PLACEMENT_3D('',#4618,#4619,#4620);
#1830=EDGE_LOOP('',(#4621,#4622,#4623,#4624));
#1831=AXIS2_PLACEMENT_3D('',#4625,#4626,#4627);
#1832=EDGE_LOOP('',(#4628,#4629,#4630,#4631,#4632,#4633));
#1833=AXIS2_PLACEMENT_3D('',#4634,#4635,#4636);
#1834=EDGE_LOOP('',(#4637,#4638,#4639,#4640));
#1835=AXIS2_PLACEMENT_3D('',#4641,#4642,#4643);
#1836=EDGE_LOOP('',(#4644,#4645,#4646,#4647));
#1837=AXIS2_PLACEMENT_3D('',#4648,#4649,#4650);
#1838=EDGE_LOOP('',(#4651,#4652,#4653,#4654));
#1839=AXIS2_PLACEMENT_3D('',#4655,#4656,#4657);
#1840=EDGE_LOOP('',(#4658,#4659,#4660,#4661));
#1841=AXIS2_PLACEMENT_3D('',#4662,#4663,#4664);
#1842=EDGE_LOOP('',(#4665,#4666,#4667,#4668,#4669));
#1843=AXIS2_PLACEMENT_3D('',#4670,#4671,#4672);
#1844=EDGE_LOOP('',(#4673,#4674,#4675,#4676,#4677));
#1845=AXIS2_PLACEMENT_3D('',#4678,#4679,#4680);
#1846=EDGE_LOOP('',(#4681,#4682,#4683,#4684,#4685,#4686,#4687,#4688,#4689,#4690));
#1847=AXIS2_PLACEMENT_3D('',#4691,#4692,#4693);
#1848=EDGE_LOOP('',(#4694,#4695,#4696,#4697,#4698));
#1849=AXIS2_PLACEMENT_3D('',#4699,#4700,#4701);
#1850=EDGE_LOOP('',(#4702,#4703,#4704,#4705,#4706));
#1851=AXIS2_PLACEMENT_3D('',#4707,#4708,#4709);
#1852=EDGE_LOOP('',(#4710,#4711,#4712,#4713,#4714,#4715,#4716,#4717,#4718,#4719));
#1853=AXIS2_PLACEMENT_3D('',#4720,#4721,#4722);
#1854=EDGE_LOOP('',(#4723,#4724,#4725,#4726,#4727,#4728));
#1855=AXIS2_PLACEMENT_3D('',#4729,#4730,#4731);
#1856=EDGE_LOOP('',(#4732,#4733,#4734,#4735,#4736,#4737));
#1857=AXIS2_PLACEMENT_3D('',#4738,#4739,#4740);
#1858=EDGE_LOOP('',(#4741,#4742,#4743,#4744,#4745,#4746));
#1859=AXIS2_PLACEMENT_3D('',#4747,#4748,#4749);
#1860=EDGE_LOOP('',(#4750,#4751,#4752,#4753,#4754,#4755));
#1861=AXIS2_PLACEMENT_3D('',#4756,#4757,#4758);
#1862=EDGE_LOOP('',(#4759,#4760,#4761,#4762,#4763,#4764,#4765,#4766,#4767,#4768,#4769,#4770,#4771));
#1863=AXIS2_PLACEMENT_3D('',#4772,#4773,#4774);
#1864=EDGE_LOOP('',(#4775,#4776,#4777,#4778,#4779,#4780,#4781,#4782,#4783,#4784,#4785,#4786,#4787));
#1865=AXIS2_PLACEMENT_3D('',#4788,#4789,#4790);
#1866=EDGE_LOOP('',(#4791,#4792,#4793,#4794,#4795,#4796,#4797,#4798,#4799,#4800,#4801,#4802,#4803,#4804));
#1867=AXIS2_PLACEMENT_3D('',#4805,#4806,#4807);
#1868=EDGE_LOOP('',(#4808,#4809,#4810,#4811,#4812,#4813,#4814,#4815,#4816,#4817,#4818,#4819,#4820,#4821));
#1869=AXIS2_PLACEMENT_3D('',#4822,#4823,#4824);
#1870=EDGE_LOOP('',(#4825,#4826,#4827,#4828,#4829,#4830));
#1871=AXIS2_PLACEMENT_3D('',#4831,#4832,#4833);
#1872=EDGE_LOOP('',(#4834,#4835,#4836,#4837,#4838,#4839));
#1873=AXIS2_PLACEMENT_3D('',#4840,#4841,#4842);
#1874=EDGE_LOOP('',(#4843,#4844,#4845,#4846,#4847,#4848));
#1875=AXIS2_PLACEMENT_3D('',#4849,#4850,#4851);
#1876=EDGE_LOOP('',(#4852,#4853,#4854,#4855,#4856,#4857,#4858));
#1877=AXIS2_PLACEMENT_3D('',#4859,#4860,#4861);
#1878=EDGE_LOOP('',(#4862,#4863,#4864,#4865,#4866,#4867,#4868,#4869));
#1879=AXIS2_PLACEMENT_3D('',#4870,#4871,#4872);
#1880=EDGE_LOOP('',(#4873,#4874,#4875,#4876,#4877,#4878,#4879));
#1881=AXIS2_PLACEMENT_3D('',#4880,#4881,#4882);
#1882=EDGE_LOOP('',(#4883,#4884,#4885,#4886,#4887,#4888,#4889));
#1883=AXIS2_PLACEMENT_3D('',#4890,#4891,#4892);
#1884=EDGE_LOOP('',(#4893,#4894,#4895,#4896,#4897,#4898,#4899));
#1885=AXIS2_PLACEMENT_3D('',#4900,#4901,#4902);
#1886=EDGE_LOOP('',(#4903,#4904,#4905,#4906,#4907,#4908,#4909,#4910));
#1887=AXIS2_PLACEMENT_3D('',#4911,#4912,#4913);
#1888=EDGE_LOOP('',(#4914,#4915,#4916,#4917,#4918,#4919,#4920,#4921));
#1889=AXIS2_PLACEMENT_3D('',#4922,#4923,#4924);
#1890=EDGE_LOOP('',(#4925,#4926,#4927,#4928,#4929,#4930,#4931));
#1891=AXIS2_PLACEMENT_3D('',#4932,#4933,#4934);
#1892=EDGE_LOOP('',(#4935,#4936,#4937,#4938,#4939,#4940,#4941,#4942));
#1893=AXIS2_PLACEMENT_3D('',#4943,#4944,#4945);
#1894=EDGE_LOOP('',(#4946,#4947,#4948,#4949));
#1895=AXIS2_PLACEMENT_3D('',#4950,#4951,#4952);
#1896=EDGE_LOOP('',(#4953,#4954,#4955,#4956));
#1897=AXIS2_PLACEMENT_3D('',#4957,#4958,#4959);
#1898=EDGE_LOOP('',(#4960,#4961,#4962,#4963));
#1899=AXIS2_PLACEMENT_3D('',#4964,#4965,#4966);
#1900=EDGE_LOOP('',(#4967,#4968,#4969,#4970,#4971,#4972,#4973,#4974,#4975,#4976,#4977));
#1901=AXIS2_PLACEMENT_3D('',#4978,#4979,#4980);
#1902=EDGE_LOOP('',(#4981,#4982,#4983,#4984,#4985,#4986,#4987,#4988,#4989,#4990,#4991,#4992,#4993,#4994,#4995,#4996,#4997,#4998,#4999,#5000,#5001));
#1904=CARTESIAN_POINT('',(-0.241549076529008,-4.0868679992909,-2.4879651539514));
#1905=CARTESIAN_POINT('',(-2.4429078291968,-3.95675952162335,-2.54815954945358));
#1906=CARTESIAN_POINT('',(-3.54550800309349,-2.047,-2.60646925639128));
#1907=CARTESIAN_POINT('',(-4.72734400412465,-8.68399005467954E-16,-2.66896925639128));
#1908=CARTESIAN_POINT('',(-3.5455080030935,2.047,-2.73146925639128));
#1909=CARTESIAN_POINT('',(-2.36367200206233,4.094,-2.79396925639128));
#1910=CARTESIAN_POINT('',(0.0,4.094,-2.85646925639128));
#1911=CARTESIAN_POINT('',(2.36367200206233,4.094,-2.91896925639127));
#1912=CARTESIAN_POINT('',(3.54550800309349,2.047,-2.98146925639128));
#1913=CARTESIAN_POINT('',(4.72734400412465,2.89466335155985E-16,-3.04396925639127));
#1914=CARTESIAN_POINT('',(3.5455080030935,-2.047,-3.10646925639128));
#1915=CARTESIAN_POINT('',(2.36367200206233,-4.094,-3.16896925639127));
#1916=CARTESIAN_POINT('',(5.01370399570926E-16,-4.094,-3.23146925639128));
#1917=CARTESIAN_POINT('',(-2.36367200206233,-4.094,-3.29396925639127));
#1918=CARTESIAN_POINT('',(-3.54550800309349,-2.047,-3.35646925639128));
#1919=CARTESIAN_POINT('',(-4.72734400412465,-8.68399005467954E-16,-3.41896925639127));
#1920=CARTESIAN_POINT('',(-3.5455080030935,2.047,-3.48146925639128));
#1921=CARTESIAN_POINT('',(-2.36367200206233,4.094,-3.54396925639127));
#1922=CARTESIAN_POINT('',(0.0,4.094,-3.60646925639128));
#1923=CARTESIAN_POINT('',(2.36367200206233,4.094,-3.66896925639127));
#1924=CARTESIAN_POINT('',(3.54550800309349,2.047,-3.73146925639128));
#1925=CARTESIAN_POINT('',(4.72734400412465,2.89466335155985E-16,-3.79396925639127));
#1926=CARTESIAN_POINT('',(3.5455080030935,-2.047,-3.85646925639128));
#1927=CARTESIAN_POINT('',(2.36367200206233,-4.094,-3.91896925639127));
#1928=CARTESIAN_POINT('',(5.01370399570926E-16,-4.094,-3.98146925639128));
#1929=CARTESIAN_POINT('',(-2.36367200206233,-4.094,-4.04396925639127));
#1930=CARTESIAN_POINT('',(-3.54550800309349,-2.047,-4.10646925639127));
#1931=CARTESIAN_POINT('',(-4.72734400412465,-8.68399005467954E-16,-4.16896925639127));
#1932=CARTESIAN_POINT('',(-3.5455080030935,2.047,-4.23146925639127));
#1933=CARTESIAN_POINT('',(-2.36367200206233,4.094,-4.29396925639127));
#1934=CARTESIAN_POINT('',(0.0,4.094,-4.35646925639127));
#1935=CARTESIAN_POINT('',(2.36367200206233,4.094,-4.41896925639128));
#1936=CARTESIAN_POINT('',(3.54550800309349,2.047,-4.48146925639127));
#1937=CARTESIAN_POINT('',(4.72734400412465,2.89466335155985E-16,-4.54396925639127));
#1938=CARTESIAN_POINT('',(3.5455080030935,-2.047,-4.60646925639127));
#1939=CARTESIAN_POINT('',(2.36367200206233,-4.094,-4.66896925639127));
#1940=CARTESIAN_POINT('',(5.01370399570926E-16,-4.094,-4.73146925639127));
#1941=CARTESIAN_POINT('',(-2.36367200206233,-4.094,-4.79396925639127));
#1942=CARTESIAN_POINT('',(-3.54550800309349,-2.047,-4.85646925639127));
#1943=CARTESIAN_POINT('',(-4.72734400412465,-8.68399005467954E-16,-4.91896925639127));
#1944=CARTESIAN_POINT('',(-3.5455080030935,2.047,-4.98146925639127));
#1945=CARTESIAN_POINT('',(-2.36367200206233,4.094,-5.04396925639127));
#1946=CARTESIAN_POINT('',(0.0,4.094,-5.10646925639127));
#1947=CARTESIAN_POINT('',(2.36367200206233,4.094,-5.16896925639127));
#1948=CARTESIAN_POINT('',(3.54550800309349,2.047,-5.23146925639127));
#1949=CARTESIAN_POINT('',(4.72734400412465,2.89466335155985E-16,-5.29396925639128));
#1950=CARTESIAN_POINT('',(3.5455080030935,-2.047,-5.35646925639127));
#1951=CARTESIAN_POINT('',(2.36367200206233,-4.094,-5.41896925639127));
#1952=CARTESIAN_POINT('',(5.01370399570926E-16,-4.094,-5.48146925639127));
#1953=CARTESIAN_POINT('',(-2.36367200206233,-4.094,-5.54396925639126));
#1954=CARTESIAN_POINT('',(-3.54550800309349,-2.047,-5.60646925639127));
#1955=CARTESIAN_POINT('',(-4.72734400412465,-8.68399005467954E-16,-5.66896925639127));
#1956=CARTESIAN_POINT('',(-3.5455080030935,2.047,-5.73146925639127));
#1957=CARTESIAN_POINT('',(-2.36367200206233,4.094,-5.79396925639126));
#1958=CARTESIAN_POINT('',(0.0,4.094,-5.85646925639127));
#1959=CARTESIAN_POINT('',(2.36367200206233,4.094,-5.91896925639127));
#1960=CARTESIAN_POINT('',(3.54550800309349,2.047,-5.98146925639127));
#1961=CARTESIAN_POINT('',(4.72734400412465,2.89466335155985E-16,-6.04396925639126));
#1962=CARTESIAN_POINT('',(3.5455080030935,-2.047,-6.10646925639127));
#1963=CARTESIAN_POINT('',(2.36367200206233,-4.094,-6.16896925639127));
#1964=CARTESIAN_POINT('',(5.01370399570926E-16,-4.094,-6.23146925639127));
#1965=CARTESIAN_POINT('',(-2.36367200206233,-4.094,-6.29396925639127));
#1966=CARTESIAN_POINT('',(-3.54550800309349,-2.047,-6.35646925639127));
#1967=CARTESIAN_POINT('',(-4.72734400412465,-8.68399005467954E-16,-6.41896925639127));
#1968=CARTESIAN_POINT('',(-3.5455080030935,2.047,-6.48146925639127));
#1969=CARTESIAN_POINT('',(-2.36367200206233,4.094,-6.54396925639126));
#1970=CARTESIAN_POINT('',(0.0,4.094,-6.60646925639127));
#1971=CARTESIAN_POINT('',(2.36367200206233,4.094,-6.66896925639127));
#1972=CARTESIAN_POINT('',(3.54550800309349,2.047,-6.73146925639127));
#1973=CARTESIAN_POINT('',(4.72734400412465,2.89466335155985E-16,-6.79396925639127));
#1974=CARTESIAN_POINT('',(3.5455080030935,-2.047,-6.85646925639127));
#1975=CARTESIAN_POINT('',(2.36367200206233,-4.094,-6.91896925639126));
#1976=CARTESIAN_POINT('',(5.01370399570926E-16,-4.094,-6.98146925639127));
#1977=CARTESIAN_POINT('',(-2.36367200206233,-4.094,-7.04396925639127));
#1978=CARTESIAN_POINT('',(-3.54550800309349,-2.047,-7.10646925639127));
#1979=CARTESIAN_POINT('',(-4.72734400412465,-8.68399005467954E-16,-7.16896925639126));
#1980=CARTESIAN_POINT('',(-3.5455080030935,2.047,-7.23146925639127));
#1981=CARTESIAN_POINT('',(-2.36367200206233,4.094,-7.29396925639127));
#1982=CARTESIAN_POINT('',(0.0,4.094,-7.35646925639127));
#1983=CARTESIAN_POINT('',(0.104458587148534,4.094,-7.35923134084761));
#1984=CARTESIAN_POINT('',(0.208781254060973,4.08867293726861,-7.36207115554908));
#1985=CARTESIAN_POINT('',(-0.265503381626901,-4.49216072222986,-2.25356094466042));
#1986=CARTESIAN_POINT('',(-2.68516981714353,-4.34914944975698,-2.31375534016259));
#1987=CARTESIAN_POINT('',(-3.89711431702998,-2.25,-2.37206504710029));
#1988=CARTESIAN_POINT('',(-5.19615242270663,-9.54517714852416E-16,-2.43456504710029));
#1989=CARTESIAN_POINT('',(-3.89711431702998,2.25,-2.49706504710029));
#1990=CARTESIAN_POINT('',(-2.59807621135332,4.5,-2.55956504710028));
#1991=CARTESIAN_POINT('',(0.0,4.5,-2.62206504710029));
#1992=CARTESIAN_POINT('',(2.59807621135332,4.5,-2.68456504710028));
#1993=CARTESIAN_POINT('',(3.89711431702998,2.25,-2.74706504710029));
#1994=CARTESIAN_POINT('',(5.19615242270663,3.18172571617472E-16,-2.80956504710028));
#1995=CARTESIAN_POINT('',(3.89711431702998,-2.25,-2.87206504710028));
#1996=CARTESIAN_POINT('',(2.59807621135332,-4.5,-2.93456504710028));
#1997=CARTESIAN_POINT('',(5.51091059616309E-16,-4.5,-2.99706504710028));
#1998=CARTESIAN_POINT('',(-2.59807621135332,-4.5,-3.05956504710029));
#1999=CARTESIAN_POINT('',(-3.89711431702998,-2.25,-3.12206504710028));
#2000=CARTESIAN_POINT('',(-5.19615242270663,-9.54517714852416E-16,-3.18456504710029));
#2001=CARTESIAN_POINT('',(-3.89711431702998,2.25,-3.24706504710029));
#2002=CARTESIAN_POINT('',(-2.59807621135332,4.5,-3.30956504710029));
#2003=CARTESIAN_POINT('',(0.0,4.5,-3.37206504710028));
#2004=CARTESIAN_POINT('',(2.59807621135332,4.5,-3.43456504710029));
#2005=CARTESIAN_POINT('',(3.89711431702998,2.25,-3.49706504710028));
#2006=CARTESIAN_POINT('',(5.19615242270663,3.18172571617472E-16,-3.55956504710029));
#2007=CARTESIAN_POINT('',(3.89711431702998,-2.25,-3.62206504710028));
#2008=CARTESIAN_POINT('',(2.59807621135332,-4.5,-3.68456504710028));
#2009=CARTESIAN_POINT('',(5.51091059616309E-16,-4.5,-3.74706504710028));
#2010=CARTESIAN_POINT('',(-2.59807621135332,-4.5,-3.80956504710029));
#2011=CARTESIAN_POINT('',(-3.89711431702998,-2.25,-3.87206504710028));
#2012=CARTESIAN_POINT('',(-5.19615242270663,-9.54517714852416E-16,-3.93456504710028));
#2013=CARTESIAN_POINT('',(-3.89711431702998,2.25,-3.99706504710028));
#2014=CARTESIAN_POINT('',(-2.59807621135332,4.5,-4.05956504710029));
#2015=CARTESIAN_POINT('',(0.0,4.5,-4.12206504710028));
#2016=CARTESIAN_POINT('',(2.59807621135332,4.5,-4.18456504710029));
#2017=CARTESIAN_POINT('',(3.89711431702998,2.25,-4.24706504710028));
#2018=CARTESIAN_POINT('',(5.19615242270663,3.18172571617472E-16,-4.30956504710028));
#2019=CARTESIAN_POINT('',(3.89711431702998,-2.25,-4.37206504710029));
#2020=CARTESIAN_POINT('',(2.59807621135332,-4.5,-4.43456504710028));
#2021=CARTESIAN_POINT('',(5.51091059616309E-16,-4.5,-4.49706504710028));
#2022=CARTESIAN_POINT('',(-2.59807621135332,-4.5,-4.55956504710028));
#2023=CARTESIAN_POINT('',(-3.89711431702998,-2.25,-4.62206504710028));
#2024=CARTESIAN_POINT('',(-5.19615242270663,-9.54517714852416E-16,-4.68456504710028));
#2025=CARTESIAN_POINT('',(-3.89711431702998,2.25,-4.74706504710028));
#2026=CARTESIAN_POINT('',(-2.59807621135332,4.5,-4.80956504710028));
#2027=CARTESIAN_POINT('',(0.0,4.5,-4.87206504710028));
#2028=CARTESIAN_POINT('',(2.59807621135332,4.5,-4.93456504710028));
#2029=CARTESIAN_POINT('',(3.89711431702998,2.25,-4.99706504710028));
#2030=CARTESIAN_POINT('',(5.19615242270663,3.18172571617472E-16,-5.05956504710028));
#2031=CARTESIAN_POINT('',(3.89711431702998,-2.25,-5.12206504710028));
#2032=CARTESIAN_POINT('',(2.59807621135332,-4.5,-5.18456504710028));
#2033=CARTESIAN_POINT('',(5.51091059616309E-16,-4.5,-5.24706504710028));
#2034=CARTESIAN_POINT('',(-2.59807621135332,-4.5,-5.30956504710028));
#2035=CARTESIAN_POINT('',(-3.89711431702998,-2.25,-5.37206504710028));
#2036=CARTESIAN_POINT('',(-5.19615242270663,-9.54517714852416E-16,-5.43456504710028));
#2037=CARTESIAN_POINT('',(-3.89711431702998,2.25,-5.49706504710028));
#2038=CARTESIAN_POINT('',(-2.59807621135332,4.5,-5.55956504710028));
#2039=CARTESIAN_POINT('',(0.0,4.5,-5.62206504710028));
#2040=CARTESIAN_POINT('',(2.59807621135332,4.5,-5.68456504710028));
#2041=CARTESIAN_POINT('',(3.89711431702998,2.25,-5.74706504710028));
#2042=CARTESIAN_POINT('',(5.19615242270663,3.18172571617472E-16,-5.80956504710028));
#2043=CARTESIAN_POINT('',(3.89711431702998,-2.25,-5.87206504710028));
#2044=CARTESIAN_POINT('',(2.59807621135332,-4.5,-5.93456504710028));
#2045=CARTESIAN_POINT('',(5.51091059616309E-16,-4.5,-5.99706504710028));
#2046=CARTESIAN_POINT('',(-2.59807621135332,-4.5,-6.05956504710028));
#2047=CARTESIAN_POINT('',(-3.89711431702998,-2.25,-6.12206504710028));
#2048=CARTESIAN_POINT('',(-5.19615242270663,-9.54517714852416E-16,-6.18456504710028));
#2049=CARTESIAN_POINT('',(-3.89711431702998,2.25,-6.24706504710028));
#2050=CARTESIAN_POINT('',(-2.59807621135332,4.5,-6.30956504710028));
#2051=CARTESIAN_POINT('',(0.0,4.5,-6.37206504710028));
#2052=CARTESIAN_POINT('',(2.59807621135332,4.5,-6.43456504710028));
#2053=CARTESIAN_POINT('',(3.89711431702998,2.25,-6.49706504710028));
#2054=CARTESIAN_POINT('',(5.19615242270663,3.18172571617472E-16,-6.55956504710028));
#2055=CARTESIAN_POINT('',(3.89711431702998,-2.25,-6.62206504710028));
#2056=CARTESIAN_POINT('',(2.59807621135332,-4.5,-6.68456504710027));
#2057=CARTESIAN_POINT('',(5.51091059616309E-16,-4.5,-6.74706504710028));
#2058=CARTESIAN_POINT('',(-2.59807621135332,-4.5,-6.80956504710028));
#2059=CARTESIAN_POINT('',(-3.89711431702998,-2.25,-6.87206504710028));
#2060=CARTESIAN_POINT('',(-5.19615242270663,-9.54517714852416E-16,-6.93456504710027));
#2061=CARTESIAN_POINT('',(-3.89711431702998,2.25,-6.99706504710028));
#2062=CARTESIAN_POINT('',(-2.59807621135332,4.5,-7.05956504710028));
#2063=CARTESIAN_POINT('',(0.0,4.5,-7.12206504710028));
#2064=CARTESIAN_POINT('',(0.114817694716269,4.5,-7.12482713155662));
#2065=CARTESIAN_POINT('',(0.229485990052364,4.49414465503389,-7.12766694625808));
#2072=EDGE_LOOP('',(#5002,#5003,#5004,#5005,#5006,#5007,#5008,#5009,#5010,#5011,#5012,#5013,#5014,#5015,#5016,#5017,#5018,#5019,#5020,#5021));
#2074=CARTESIAN_POINT('',(1.54820832709697,4.22528708798676,-2.47546377033607));
#2075=CARTESIAN_POINT('',(3.08092834634857,3.66367556964512,-2.52013544346751));
#2076=CARTESIAN_POINT('',(3.89711431702998,2.25,-2.55940420929098));
#2077=CARTESIAN_POINT('',(5.19615242270663,3.18172571617472E-16,-2.62190420929098));
#2078=CARTESIAN_POINT('',(3.89711431702998,-2.25,-2.68440420929098));
#2079=CARTESIAN_POINT('',(2.59807621135332,-4.5,-2.74690420929099));
#2080=CARTESIAN_POINT('',(5.51091059616309E-16,-4.5,-2.80940420929098));
#2081=CARTESIAN_POINT('',(-2.59807621135332,-4.5,-2.87190420929098));
#2082=CARTESIAN_POINT('',(-3.89711431702998,-2.25,-2.93440420929098));
#2083=CARTESIAN_POINT('',(-5.19615242270663,-9.54517714852416E-16,-2.99690420929098));
#2084=CARTESIAN_POINT('',(-3.89711431702998,2.25,-3.05940420929098));
#2085=CARTESIAN_POINT('',(-2.59807621135332,4.5,-3.12190420929098));
#2086=CARTESIAN_POINT('',(0.0,4.5,-3.18440420929098));
#2087=CARTESIAN_POINT('',(2.59807621135332,4.5,-3.24690420929098));
#2088=CARTESIAN_POINT('',(3.89711431702998,2.25,-3.30940420929098));
#2089=CARTESIAN_POINT('',(5.19615242270663,3.18172571617472E-16,-3.37190420929099));
#2090=CARTESIAN_POINT('',(3.89711431702998,-2.25,-3.43440420929098));
#2091=CARTESIAN_POINT('',(2.59807621135332,-4.5,-3.49690420929099));
#2092=CARTESIAN_POINT('',(5.51091059616309E-16,-4.5,-3.55940420929098));
#2093=CARTESIAN_POINT('',(-2.59807621135332,-4.5,-3.62190420929098));
#2094=CARTESIAN_POINT('',(-3.89711431702998,-2.25,-3.68440420929098));
#2095=CARTESIAN_POINT('',(-5.19615242270663,-9.54517714852416E-16,-3.74690420929098));
#2096=CARTESIAN_POINT('',(-3.89711431702998,2.25,-3.80940420929098));
#2097=CARTESIAN_POINT('',(-2.59807621135332,4.5,-3.87190420929098));
#2098=CARTESIAN_POINT('',(0.0,4.5,-3.93440420929098));
#2099=CARTESIAN_POINT('',(2.59807621135332,4.5,-3.99690420929098));
#2100=CARTESIAN_POINT('',(3.89711431702998,2.25,-4.05940420929098));
#2101=CARTESIAN_POINT('',(5.19615242270663,3.18172571617472E-16,-4.12190420929098));
#2102=CARTESIAN_POINT('',(3.89711431702998,-2.25,-4.18440420929098));
#2103=CARTESIAN_POINT('',(2.59807621135332,-4.5,-4.24690420929098));
#2104=CARTESIAN_POINT('',(5.51091059616309E-16,-4.5,-4.30940420929098));
#2105=CARTESIAN_POINT('',(-2.59807621135332,-4.5,-4.37190420929098));
#2106=CARTESIAN_POINT('',(-3.89711431702998,-2.25,-4.43440420929098));
#2107=CARTESIAN_POINT('',(-5.19615242270663,-9.54517714852416E-16,-4.49690420929098));
#2108=CARTESIAN_POINT('',(-3.89711431702998,2.25,-4.55940420929098));
#2109=CARTESIAN_POINT('',(-2.59807621135332,4.5,-4.62190420929098));
#2110=CARTESIAN_POINT('',(0.0,4.5,-4.68440420929098));
#2111=CARTESIAN_POINT('',(2.59807621135332,4.5,-4.74690420929098));
#2112=CARTESIAN_POINT('',(3.89711431702998,2.25,-4.80940420929098));
#2113=CARTESIAN_POINT('',(5.19615242270663,3.18172571617472E-16,-4.87190420929098));
#2114=CARTESIAN_POINT('',(3.89711431702998,-2.25,-4.93440420929098));
#2115=CARTESIAN_POINT('',(2.59807621135332,-4.5,-4.99690420929098));
#2116=CARTESIAN_POINT('',(5.51091059616309E-16,-4.5,-5.05940420929098));
#2117=CARTESIAN_POINT('',(-2.59807621135332,-4.5,-5.12190420929098));
#2118=CARTESIAN_POINT('',(-3.89711431702998,-2.25,-5.18440420929098));
#2119=CARTESIAN_POINT('',(-5.19615242270663,-9.54517714852416E-16,-5.24690420929098));
#2120=CARTESIAN_POINT('',(-3.89711431702998,2.25,-5.30940420929098));
#2121=CARTESIAN_POINT('',(-2.59807621135332,4.5,-5.37190420929098));
#2122=CARTESIAN_POINT('',(0.0,4.5,-5.43440420929098));
#2123=CARTESIAN_POINT('',(2.59807621135332,4.5,-5.49690420929098));
#2124=CARTESIAN_POINT('',(3.89711431702998,2.25,-5.55940420929098));
#2125=CARTESIAN_POINT('',(5.19615242270663,3.18172571617472E-16,-5.62190420929098));
#2126=CARTESIAN_POINT('',(3.89711431702998,-2.25,-5.68440420929098));
#2127=CARTESIAN_POINT('',(2.59807621135332,-4.5,-5.74690420929098));
#2128=CARTESIAN_POINT('',(5.51091059616309E-16,-4.5,-5.80940420929098));
#2129=CARTESIAN_POINT('',(-2.59807621135332,-4.5,-5.87190420929097));
#2130=CARTESIAN_POINT('',(-3.89711431702998,-2.25,-5.93440420929098));
#2131=CARTESIAN_POINT('',(-5.19615242270663,-9.54517714852416E-16,-5.99690420929098));
#2132=CARTESIAN_POINT('',(-3.89711431702998,2.25,-6.05940420929098));
#2133=CARTESIAN_POINT('',(-2.59807621135332,4.5,-6.12190420929097));
#2134=CARTESIAN_POINT('',(0.0,4.5,-6.18440420929098));
#2135=CARTESIAN_POINT('',(2.59807621135332,4.5,-6.24690420929098));
#2136=CARTESIAN_POINT('',(3.89711431702998,2.25,-6.30940420929098));
#2137=CARTESIAN_POINT('',(5.19615242270663,3.18172571617472E-16,-6.37190420929097));
#2138=CARTESIAN_POINT('',(3.89711431702998,-2.25,-6.43440420929098));
#2139=CARTESIAN_POINT('',(2.59807621135332,-4.5,-6.49690420929098));
#2140=CARTESIAN_POINT('',(5.51091059616309E-16,-4.5,-6.55940420929098));
#2141=CARTESIAN_POINT('',(-2.59807621135332,-4.5,-6.62190420929097));
#2142=CARTESIAN_POINT('',(-3.89711431702998,-2.25,-6.68440420929098));
#2143=CARTESIAN_POINT('',(-5.19615242270663,-9.54517714852416E-16,-6.74690420929098));
#2144=CARTESIAN_POINT('',(-3.89711431702998,2.25,-6.80940420929098));
#2145=CARTESIAN_POINT('',(-2.59807621135332,4.5,-6.87190420929098));
#2146=CARTESIAN_POINT('',(0.0,4.5,-6.93440420929098));
#2147=CARTESIAN_POINT('',(2.59807621135332,4.5,-6.99690420929098));
#2148=CARTESIAN_POINT('',(3.89711431702998,2.25,-7.05940420929098));
#2149=CARTESIAN_POINT('',(5.19615242270663,3.18172571617472E-16,-7.12190420929097));
#2150=CARTESIAN_POINT('',(3.89711431702998,-2.25,-7.18440420929097));
#2151=CARTESIAN_POINT('',(2.59807621135332,-4.5,-7.24690420929098));
#2152=CARTESIAN_POINT('',(5.51091059616309E-16,-4.5,-7.30940420929098));
#2153=CARTESIAN_POINT('',(-1.02749708655208,-4.5,-7.33412194760399));
#2154=CARTESIAN_POINT('',(-1.95316435666076,-4.0540287364386,-7.36258408658029));
#2155=CARTESIAN_POINT('',(1.40852553136333,3.84407229738173,-2.24105956104509));
#2156=CARTESIAN_POINT('',(2.80296014443356,3.33313061825048,-2.28573123417652));
#2157=CARTESIAN_POINT('',(3.54550800309349,2.047,-2.325));
#2158=CARTESIAN_POINT('',(4.72734400412465,2.89466335155985E-16,-2.3875));
#2159=CARTESIAN_POINT('',(3.5455080030935,-2.047,-2.45));
#2160=CARTESIAN_POINT('',(2.36367200206233,-4.094,-2.5125));
#2161=CARTESIAN_POINT('',(5.01370399570926E-16,-4.094,-2.575));
#2162=CARTESIAN_POINT('',(-2.36367200206233,-4.094,-2.6375));
#2163=CARTESIAN_POINT('',(-3.54550800309349,-2.047,-2.7));
#2164=CARTESIAN_POINT('',(-4.72734400412465,-8.68399005467954E-16,-2.7625));
#2165=CARTESIAN_POINT('',(-3.5455080030935,2.047,-2.825));
#2166=CARTESIAN_POINT('',(-2.36367200206233,4.094,-2.8875));
#2167=CARTESIAN_POINT('',(0.0,4.094,-2.95));
#2168=CARTESIAN_POINT('',(2.36367200206233,4.094,-3.0125));
#2169=CARTESIAN_POINT('',(3.54550800309349,2.047,-3.075));
#2170=CARTESIAN_POINT('',(4.72734400412465,2.89466335155985E-16,-3.1375));
#2171=CARTESIAN_POINT('',(3.5455080030935,-2.047,-3.2));
#2172=CARTESIAN_POINT('',(2.36367200206233,-4.094,-3.2625));
#2173=CARTESIAN_POINT('',(5.01370399570926E-16,-4.094,-3.325));
#2174=CARTESIAN_POINT('',(-2.36367200206233,-4.094,-3.3875));
#2175=CARTESIAN_POINT('',(-3.54550800309349,-2.047,-3.45));
#2176=CARTESIAN_POINT('',(-4.72734400412465,-8.68399005467954E-16,-3.51249999999999));
#2177=CARTESIAN_POINT('',(-3.5455080030935,2.047,-3.575));
#2178=CARTESIAN_POINT('',(-2.36367200206233,4.094,-3.63749999999999));
#2179=CARTESIAN_POINT('',(0.0,4.094,-3.7));
#2180=CARTESIAN_POINT('',(2.36367200206233,4.094,-3.76249999999999));
#2181=CARTESIAN_POINT('',(3.54550800309349,2.047,-3.825));
#2182=CARTESIAN_POINT('',(4.72734400412465,2.89466335155985E-16,-3.88749999999999));
#2183=CARTESIAN_POINT('',(3.5455080030935,-2.047,-3.95));
#2184=CARTESIAN_POINT('',(2.36367200206233,-4.094,-4.01249999999999));
#2185=CARTESIAN_POINT('',(5.01370399570926E-16,-4.094,-4.075));
#2186=CARTESIAN_POINT('',(-2.36367200206233,-4.094,-4.13749999999999));
#2187=CARTESIAN_POINT('',(-3.54550800309349,-2.047,-4.2));
#2188=CARTESIAN_POINT('',(-4.72734400412465,-8.68399005467954E-16,-4.26249999999999));
#2189=CARTESIAN_POINT('',(-3.5455080030935,2.047,-4.325));
#2190=CARTESIAN_POINT('',(-2.36367200206233,4.094,-4.38749999999999));
#2191=CARTESIAN_POINT('',(0.0,4.094,-4.45));
#2192=CARTESIAN_POINT('',(2.36367200206233,4.094,-4.51249999999999));
#2193=CARTESIAN_POINT('',(3.54550800309349,2.047,-4.575));
#2194=CARTESIAN_POINT('',(4.72734400412465,2.89466335155985E-16,-4.6375));
#2195=CARTESIAN_POINT('',(3.5455080030935,-2.047,-4.7));
#2196=CARTESIAN_POINT('',(2.36367200206233,-4.094,-4.76249999999999));
#2197=CARTESIAN_POINT('',(5.01370399570926E-16,-4.094,-4.825));
#2198=CARTESIAN_POINT('',(-2.36367200206233,-4.094,-4.88749999999999));
#2199=CARTESIAN_POINT('',(-3.54550800309349,-2.047,-4.95));
#2200=CARTESIAN_POINT('',(-4.72734400412465,-8.68399005467954E-16,-5.01249999999999));
#2201=CARTESIAN_POINT('',(-3.5455080030935,2.047,-5.075));
#2202=CARTESIAN_POINT('',(-2.36367200206233,4.094,-5.13749999999999));
#2203=CARTESIAN_POINT('',(0.0,4.094,-5.2));
#2204=CARTESIAN_POINT('',(2.36367200206233,4.094,-5.26249999999999));
#2205=CARTESIAN_POINT('',(3.54550800309349,2.047,-5.325));
#2206=CARTESIAN_POINT('',(4.72734400412465,2.89466335155985E-16,-5.38749999999999));
#2207=CARTESIAN_POINT('',(3.5455080030935,-2.047,-5.45));
#2208=CARTESIAN_POINT('',(2.36367200206233,-4.094,-5.51249999999999));
#2209=CARTESIAN_POINT('',(5.01370399570926E-16,-4.094,-5.575));
#2210=CARTESIAN_POINT('',(-2.36367200206233,-4.094,-5.63749999999998));
#2211=CARTESIAN_POINT('',(-3.54550800309349,-2.047,-5.7));
#2212=CARTESIAN_POINT('',(-4.72734400412465,-8.68399005467954E-16,-5.76249999999999));
#2213=CARTESIAN_POINT('',(-3.5455080030935,2.047,-5.825));
#2214=CARTESIAN_POINT('',(-2.36367200206233,4.094,-5.88749999999998));
#2215=CARTESIAN_POINT('',(0.0,4.094,-5.95));
#2216=CARTESIAN_POINT('',(2.36367200206233,4.094,-6.01249999999999));
#2217=CARTESIAN_POINT('',(3.54550800309349,2.047,-6.075));
#2218=CARTESIAN_POINT('',(4.72734400412465,2.89466335155985E-16,-6.13749999999998));
#2219=CARTESIAN_POINT('',(3.5455080030935,-2.047,-6.2));
#2220=CARTESIAN_POINT('',(2.36367200206233,-4.094,-6.26249999999999));
#2221=CARTESIAN_POINT('',(5.01370399570926E-16,-4.094,-6.325));
#2222=CARTESIAN_POINT('',(-2.36367200206233,-4.094,-6.38749999999999));
#2223=CARTESIAN_POINT('',(-3.54550800309349,-2.047,-6.45));
#2224=CARTESIAN_POINT('',(-4.72734400412465,-8.68399005467954E-16,-6.51249999999999));
#2225=CARTESIAN_POINT('',(-3.5455080030935,2.047,-6.575));
#2226=CARTESIAN_POINT('',(-2.36367200206233,4.094,-6.63749999999999));
#2227=CARTESIAN_POINT('',(0.0,4.094,-6.7));
#2228=CARTESIAN_POINT('',(2.36367200206233,4.094,-6.76249999999999));
#2229=CARTESIAN_POINT('',(3.54550800309349,2.047,-6.825));
#2230=CARTESIAN_POINT('',(4.72734400412465,2.89466335155985E-16,-6.88749999999999));
#2231=CARTESIAN_POINT('',(3.5455080030935,-2.047,-6.95));
#2232=CARTESIAN_POINT('',(2.36367200206233,-4.094,-7.01249999999999));
#2233=CARTESIAN_POINT('',(5.01370399570926E-16,-4.094,-7.075));
#2234=CARTESIAN_POINT('',(-0.93479401607649,-4.094,-7.09971773831301));
#2235=CARTESIAN_POINT('',(-1.77694552803759,-3.68826525488436,-7.12817987728931));
#2242=EDGE_LOOP('',(#5022,#5023,#5024,#5025,#5026,#5027,#5028));
#2244=CARTESIAN_POINT('',(3.96401602242457,1.02343195863784,-2.35625207747198));
#2245=CARTESIAN_POINT('',(4.38246840137893,-0.59734206624654,-2.4057383386128));
#2246=CARTESIAN_POINT('',(3.5455080030935,-2.047,-2.45));
#2247=CARTESIAN_POINT('',(2.36367200206233,-4.094,-2.5125));
#2248=CARTESIAN_POINT('',(5.01370399570926E-16,-4.094,-2.575));
#2249=CARTESIAN_POINT('',(-2.36367200206233,-4.094,-2.6375));
#2250=CARTESIAN_POINT('',(-3.54550800309349,-2.047,-2.7));
#2251=CARTESIAN_POINT('',(-4.72734400412465,-8.68399005467954E-16,-2.7625));
#2252=CARTESIAN_POINT('',(-3.5455080030935,2.047,-2.825));
#2253=CARTESIAN_POINT('',(-2.36367200206233,4.094,-2.8875));
#2254=CARTESIAN_POINT('',(0.0,4.094,-2.95));
#2255=CARTESIAN_POINT('',(2.36367200206233,4.094,-3.0125));
#2256=CARTESIAN_POINT('',(3.54550800309349,2.047,-3.075));
#2257=CARTESIAN_POINT('',(4.72734400412465,2.89466335155985E-16,-3.1375));
#2258=CARTESIAN_POINT('',(3.5455080030935,-2.047,-3.2));
#2259=CARTESIAN_POINT('',(2.36367200206233,-4.094,-3.2625));
#2260=CARTESIAN_POINT('',(5.01370399570926E-16,-4.094,-3.325));
#2261=CARTESIAN_POINT('',(-2.36367200206233,-4.094,-3.3875));
#2262=CARTESIAN_POINT('',(-3.54550800309349,-2.047,-3.45));
#2263=CARTESIAN_POINT('',(-4.72734400412465,-8.68399005467954E-16,-3.5125));
#2264=CARTESIAN_POINT('',(-3.5455080030935,2.047,-3.575));
#2265=CARTESIAN_POINT('',(-2.36367200206233,4.094,-3.6375));
#2266=CARTESIAN_POINT('',(0.0,4.094,-3.7));
#2267=CARTESIAN_POINT('',(2.36367200206233,4.094,-3.7625));
#2268=CARTESIAN_POINT('',(3.54550800309349,2.047,-3.825));
#2269=CARTESIAN_POINT('',(4.72734400412465,2.89466335155985E-16,-3.88749999999999));
#2270=CARTESIAN_POINT('',(3.5455080030935,-2.047,-3.95));
#2271=CARTESIAN_POINT('',(2.36367200206233,-4.094,-4.01249999999999));
#2272=CARTESIAN_POINT('',(5.01370399570926E-16,-4.094,-4.075));
#2273=CARTESIAN_POINT('',(-2.36367200206233,-4.094,-4.13749999999999));
#2274=CARTESIAN_POINT('',(-3.54550800309349,-2.047,-4.2));
#2275=CARTESIAN_POINT('',(-4.72734400412465,-8.68399005467954E-16,-4.26249999999999));
#2276=CARTESIAN_POINT('',(-3.5455080030935,2.047,-4.325));
#2277=CARTESIAN_POINT('',(-2.36367200206233,4.094,-4.38749999999999));
#2278=CARTESIAN_POINT('',(0.0,4.094,-4.45));
#2279=CARTESIAN_POINT('',(2.36367200206233,4.094,-4.51249999999999));
#2280=CARTESIAN_POINT('',(3.54550800309349,2.047,-4.575));
#2281=CARTESIAN_POINT('',(4.72734400412465,2.89466335155985E-16,-4.6375));
#2282=CARTESIAN_POINT('',(3.5455080030935,-2.047,-4.7));
#2283=CARTESIAN_POINT('',(2.36367200206233,-4.094,-4.76249999999999));
#2284=CARTESIAN_POINT('',(5.01370399570926E-16,-4.094,-4.825));
#2285=CARTESIAN_POINT('',(-2.36367200206233,-4.094,-4.88749999999999));
#2286=CARTESIAN_POINT('',(-3.54550800309349,-2.047,-4.95));
#2287=CARTESIAN_POINT('',(-4.72734400412465,-8.68399005467954E-16,-5.01249999999999));
#2288=CARTESIAN_POINT('',(-3.5455080030935,2.047,-5.075));
#2289=CARTESIAN_POINT('',(-2.36367200206233,4.094,-5.1375));
#2290=CARTESIAN_POINT('',(0.0,4.094,-5.2));
#2291=CARTESIAN_POINT('',(2.36367200206233,4.094,-5.26249999999999));
#2292=CARTESIAN_POINT('',(3.54550800309349,2.047,-5.325));
#2293=CARTESIAN_POINT('',(4.72734400412465,2.89466335155985E-16,-5.38749999999999));
#2294=CARTESIAN_POINT('',(3.5455080030935,-2.047,-5.45));
#2295=CARTESIAN_POINT('',(2.36367200206233,-4.094,-5.51249999999999));
#2296=CARTESIAN_POINT('',(5.01370399570926E-16,-4.094,-5.575));
#2297=CARTESIAN_POINT('',(-2.36367200206233,-4.094,-5.63749999999999));
#2298=CARTESIAN_POINT('',(-3.54550800309349,-2.047,-5.7));
#2299=CARTESIAN_POINT('',(-4.72734400412465,-8.68399005467954E-16,-5.76249999999999));
#2300=CARTESIAN_POINT('',(-3.5455080030935,2.047,-5.825));
#2301=CARTESIAN_POINT('',(-2.36367200206233,4.094,-5.88749999999999));
#2302=CARTESIAN_POINT('',(0.0,4.094,-5.95));
#2303=CARTESIAN_POINT('',(2.36367200206233,4.094,-6.01249999999999));
#2304=CARTESIAN_POINT('',(3.54550800309349,2.047,-6.075));
#2305=CARTESIAN_POINT('',(4.72734400412465,2.89466335155985E-16,-6.13749999999998));
#2306=CARTESIAN_POINT('',(3.5455080030935,-2.047,-6.2));
#2307=CARTESIAN_POINT('',(2.36367200206233,-4.094,-6.26249999999999));
#2308=CARTESIAN_POINT('',(5.01370399570926E-16,-4.094,-6.325));
#2309=CARTESIAN_POINT('',(-2.36367200206233,-4.094,-6.38749999999999));
#2310=CARTESIAN_POINT('',(-3.54550800309349,-2.047,-6.45));
#2311=CARTESIAN_POINT('',(-4.72734400412465,-8.68399005467954E-16,-6.51249999999999));
#2312=CARTESIAN_POINT('',(-3.5455080030935,2.047,-6.575));
#2313=CARTESIAN_POINT('',(-2.36367200206233,4.094,-6.63749999999999));
#2314=CARTESIAN_POINT('',(0.0,4.094,-6.7));
#2315=CARTESIAN_POINT('',(2.36367200206233,4.094,-6.76249999999999));
#2316=CARTESIAN_POINT('',(3.54550800309349,2.047,-6.825));
#2317=CARTESIAN_POINT('',(4.72734400412465,2.89466335155985E-16,-6.88749999999999));
#2318=CARTESIAN_POINT('',(3.5455080030935,-2.047,-6.95));
#2319=CARTESIAN_POINT('',(2.36367200206233,-4.094,-7.01249999999999));
#2320=CARTESIAN_POINT('',(5.01370399570926E-16,-4.094,-7.075));
#2321=CARTESIAN_POINT('',(-2.36367200206233,-4.094,-7.13749999999999));
#2322=CARTESIAN_POINT('',(-3.54550800309349,-2.047,-7.2));
#2323=CARTESIAN_POINT('',(-3.59073557713902,-1.96866354385006,-7.202391806795));
#2324=CARTESIAN_POINT('',(-3.63245908448771,-1.88840594140208,-7.20484227096354));
#2325=CARTESIAN_POINT('',(3.92480189225647,1.01330763173876,-2.33286939156979));
#2326=CARTESIAN_POINT('',(4.33911472031985,-0.591432844535991,-2.38235565271062));
#2327=CARTESIAN_POINT('',(3.51043397424022,-2.02675,-2.42661731409782));
#2328=CARTESIAN_POINT('',(2.34028931616015,-4.0535,-2.48911731409782));
#2329=CARTESIAN_POINT('',(4.96410580034379E-16,-4.0535,-2.55161731409782));
#2330=CARTESIAN_POINT('',(-2.34028931616015,-4.0535,-2.61411731409781));
#2331=CARTESIAN_POINT('',(-3.51043397424022,-2.02675,-2.67661731409782));
#2332=CARTESIAN_POINT('',(-4.68057863232029,-8.59808346034281E-16,-2.73911731409782));
#2333=CARTESIAN_POINT('',(-3.51043397424022,2.02675,-2.80161731409782));
#2334=CARTESIAN_POINT('',(-2.34028931616015,4.0535,-2.86411731409782));
#2335=CARTESIAN_POINT('',(0.0,4.0535,-2.92661731409781));
#2336=CARTESIAN_POINT('',(2.34028931616015,4.0535,-2.98911731409781));
#2337=CARTESIAN_POINT('',(3.51043397424022,2.02675,-3.05161731409782));
#2338=CARTESIAN_POINT('',(4.68057863232029,2.86602782011427E-16,-3.11411731409782));
#2339=CARTESIAN_POINT('',(3.51043397424022,-2.02675,-3.17661731409782));
#2340=CARTESIAN_POINT('',(2.34028931616015,-4.0535,-3.23911731409782));
#2341=CARTESIAN_POINT('',(4.96410580034379E-16,-4.0535,-3.30161731409781));
#2342=CARTESIAN_POINT('',(-2.34028931616015,-4.0535,-3.36411731409781));
#2343=CARTESIAN_POINT('',(-3.51043397424022,-2.02675,-3.42661731409782));
#2344=CARTESIAN_POINT('',(-4.68057863232029,-8.59808346034281E-16,-3.48911731409782));
#2345=CARTESIAN_POINT('',(-3.51043397424022,2.02675,-3.55161731409782));
#2346=CARTESIAN_POINT('',(-2.34028931616015,4.0535,-3.61411731409782));
#2347=CARTESIAN_POINT('',(0.0,4.0535,-3.67661731409781));
#2348=CARTESIAN_POINT('',(2.34028931616015,4.0535,-3.73911731409781));
#2349=CARTESIAN_POINT('',(3.51043397424022,2.02675,-3.80161731409781));
#2350=CARTESIAN_POINT('',(4.68057863232029,2.86602782011427E-16,-3.86411731409781));
#2351=CARTESIAN_POINT('',(3.51043397424022,-2.02675,-3.92661731409782));
#2352=CARTESIAN_POINT('',(2.34028931616015,-4.0535,-3.98911731409782));
#2353=CARTESIAN_POINT('',(4.96410580034379E-16,-4.0535,-4.05161731409781));
#2354=CARTESIAN_POINT('',(-2.34028931616015,-4.0535,-4.11411731409781));
#2355=CARTESIAN_POINT('',(-3.51043397424022,-2.02675,-4.17661731409781));
#2356=CARTESIAN_POINT('',(-4.68057863232029,-8.59808346034281E-16,-4.23911731409781));
#2357=CARTESIAN_POINT('',(-3.51043397424022,2.02675,-4.30161731409782));
#2358=CARTESIAN_POINT('',(-2.34028931616015,4.0535,-4.36411731409782));
#2359=CARTESIAN_POINT('',(0.0,4.0535,-4.42661731409781));
#2360=CARTESIAN_POINT('',(2.34028931616015,4.0535,-4.48911731409781));
#2361=CARTESIAN_POINT('',(3.51043397424022,2.02675,-4.55161731409781));
#2362=CARTESIAN_POINT('',(4.68057863232029,2.86602782011427E-16,-4.61411731409781));
#2363=CARTESIAN_POINT('',(3.51043397424022,-2.02675,-4.67661731409781));
#2364=CARTESIAN_POINT('',(2.34028931616015,-4.0535,-4.73911731409781));
#2365=CARTESIAN_POINT('',(4.96410580034379E-16,-4.0535,-4.80161731409781));
#2366=CARTESIAN_POINT('',(-2.34028931616015,-4.0535,-4.86411731409781));
#2367=CARTESIAN_POINT('',(-3.51043397424022,-2.02675,-4.92661731409781));
#2368=CARTESIAN_POINT('',(-4.68057863232029,-8.59808346034281E-16,-4.98911731409781));
#2369=CARTESIAN_POINT('',(-3.51043397424022,2.02675,-5.05161731409781));
#2370=CARTESIAN_POINT('',(-2.34028931616015,4.0535,-5.11411731409782));
#2371=CARTESIAN_POINT('',(0.0,4.0535,-5.17661731409781));
#2372=CARTESIAN_POINT('',(2.34028931616015,4.0535,-5.23911731409781));
#2373=CARTESIAN_POINT('',(3.51043397424022,2.02675,-5.30161731409781));
#2374=CARTESIAN_POINT('',(4.68057863232029,2.86602782011427E-16,-5.36411731409781));
#2375=CARTESIAN_POINT('',(3.51043397424022,-2.02675,-5.42661731409781));
#2376=CARTESIAN_POINT('',(2.34028931616015,-4.0535,-5.48911731409781));
#2377=CARTESIAN_POINT('',(4.96410580034379E-16,-4.0535,-5.55161731409781));
#2378=CARTESIAN_POINT('',(-2.34028931616015,-4.0535,-5.61411731409781));
#2379=CARTESIAN_POINT('',(-3.51043397424022,-2.02675,-5.67661731409781));
#2380=CARTESIAN_POINT('',(-4.68057863232029,-8.59808346034281E-16,-5.73911731409781));
#2381=CARTESIAN_POINT('',(-3.51043397424022,2.02675,-5.80161731409781));
#2382=CARTESIAN_POINT('',(-2.34028931616015,4.0535,-5.8641173140978));
#2383=CARTESIAN_POINT('',(0.0,4.0535,-5.92661731409781));
#2384=CARTESIAN_POINT('',(2.34028931616015,4.0535,-5.98911731409781));
#2385=CARTESIAN_POINT('',(3.51043397424022,2.02675,-6.05161731409781));
#2386=CARTESIAN_POINT('',(4.68057863232029,2.86602782011427E-16,-6.11411731409781));
#2387=CARTESIAN_POINT('',(3.51043397424022,-2.02675,-6.17661731409781));
#2388=CARTESIAN_POINT('',(2.34028931616015,-4.0535,-6.2391173140978));
#2389=CARTESIAN_POINT('',(4.96410580034379E-16,-4.0535,-6.30161731409781));
#2390=CARTESIAN_POINT('',(-2.34028931616015,-4.0535,-6.36411731409781));
#2391=CARTESIAN_POINT('',(-3.51043397424022,-2.02675,-6.4266173140978));
#2392=CARTESIAN_POINT('',(-4.68057863232029,-8.59808346034281E-16,-6.48911731409781));
#2393=CARTESIAN_POINT('',(-3.51043397424022,2.02675,-6.55161731409781));
#2394=CARTESIAN_POINT('',(-2.34028931616015,4.0535,-6.6141173140978));
#2395=CARTESIAN_POINT('',(0.0,4.0535,-6.67661731409781));
#2396=CARTESIAN_POINT('',(2.34028931616015,4.0535,-6.7391173140978));
#2397=CARTESIAN_POINT('',(3.51043397424022,2.02675,-6.80161731409781));
#2398=CARTESIAN_POINT('',(4.68057863232029,2.86602782011427E-16,-6.86411731409781));
#2399=CARTESIAN_POINT('',(3.51043397424022,-2.02675,-6.92661731409781));
#2400=CARTESIAN_POINT('',(2.34028931616015,-4.0535,-6.9891173140978));
#2401=CARTESIAN_POINT('',(4.96410580034379E-16,-4.0535,-7.0516173140978));
#2402=CARTESIAN_POINT('',(-2.34028931616015,-4.0535,-7.1141173140978));
#2403=CARTESIAN_POINT('',(-3.51043397424022,-2.02675,-7.17661731409781));
#2404=CARTESIAN_POINT('',(-3.55521413334954,-1.94918848925164,-7.17900912089281));
#2405=CARTESIAN_POINT('',(-3.59652488983169,-1.86972483719427,-7.18145958506135));
#2406=CARTESIAN_POINT('',(3.92480189225647,1.01330763173876,-2.28610401976543));
#2407=CARTESIAN_POINT('',(4.33911472031985,-0.591432844535991,-2.33559028090626));
#2408=CARTESIAN_POINT('',(3.51043397424022,-2.02675,-2.37985194229345));
#2409=CARTESIAN_POINT('',(2.34028931616015,-4.0535,-2.44235194229346));
#2410=CARTESIAN_POINT('',(4.96410580034379E-16,-4.0535,-2.50485194229346));
#2411=CARTESIAN_POINT('',(-2.34028931616015,-4.0535,-2.56735194229345));
#2412=CARTESIAN_POINT('',(-3.51043397424022,-2.02675,-2.62985194229346));
#2413=CARTESIAN_POINT('',(-4.68057863232029,-8.59808346034281E-16,-2.69235194229346));
#2414=CARTESIAN_POINT('',(-3.51043397424022,2.02675,-2.75485194229345));
#2415=CARTESIAN_POINT('',(-2.34028931616015,4.0535,-2.81735194229346));
#2416=CARTESIAN_POINT('',(0.0,4.0535,-2.87985194229345));
#2417=CARTESIAN_POINT('',(2.34028931616015,4.0535,-2.94235194229345));
#2418=CARTESIAN_POINT('',(3.51043397424022,2.02675,-3.00485194229346));
#2419=CARTESIAN_POINT('',(4.68057863232029,2.86602782011427E-16,-3.06735194229346));
#2420=CARTESIAN_POINT('',(3.51043397424022,-2.02675,-3.12985194229345));
#2421=CARTESIAN_POINT('',(2.34028931616015,-4.0535,-3.19235194229346));
#2422=CARTESIAN_POINT('',(4.96410580034379E-16,-4.0535,-3.25485194229345));
#2423=CARTESIAN_POINT('',(-2.34028931616015,-4.0535,-3.31735194229345));
#2424=CARTESIAN_POINT('',(-3.51043397424022,-2.02675,-3.37985194229346));
#2425=CARTESIAN_POINT('',(-4.68057863232029,-8.59808346034281E-16,-3.44235194229346));
#2426=CARTESIAN_POINT('',(-3.51043397424022,2.02675,-3.50485194229345));
#2427=CARTESIAN_POINT('',(-2.34028931616015,4.0535,-3.56735194229345));
#2428=CARTESIAN_POINT('',(0.0,4.0535,-3.62985194229345));
#2429=CARTESIAN_POINT('',(2.34028931616015,4.0535,-3.69235194229345));
#2430=CARTESIAN_POINT('',(3.51043397424022,2.02675,-3.75485194229345));
#2431=CARTESIAN_POINT('',(4.68057863232029,2.86602782011427E-16,-3.81735194229345));
#2432=CARTESIAN_POINT('',(3.51043397424022,-2.02675,-3.87985194229346));
#2433=CARTESIAN_POINT('',(2.34028931616015,-4.0535,-3.94235194229346));
#2434=CARTESIAN_POINT('',(4.96410580034379E-16,-4.0535,-4.00485194229345));
#2435=CARTESIAN_POINT('',(-2.34028931616015,-4.0535,-4.06735194229345));
#2436=CARTESIAN_POINT('',(-3.51043397424022,-2.02675,-4.12985194229345));
#2437=CARTESIAN_POINT('',(-4.68057863232029,-8.59808346034281E-16,-4.19235194229345));
#2438=CARTESIAN_POINT('',(-3.51043397424022,2.02675,-4.25485194229345));
#2439=CARTESIAN_POINT('',(-2.34028931616015,4.0535,-4.31735194229345));
#2440=CARTESIAN_POINT('',(0.0,4.0535,-4.37985194229345));
#2441=CARTESIAN_POINT('',(2.34028931616015,4.0535,-4.44235194229345));
#2442=CARTESIAN_POINT('',(3.51043397424022,2.02675,-4.50485194229345));
#2443=CARTESIAN_POINT('',(4.68057863232029,2.86602782011427E-16,-4.56735194229345));
#2444=CARTESIAN_POINT('',(3.51043397424022,-2.02675,-4.62985194229345));
#2445=CARTESIAN_POINT('',(2.34028931616015,-4.0535,-4.69235194229345));
#2446=CARTESIAN_POINT('',(4.96410580034379E-16,-4.0535,-4.75485194229345));
#2447=CARTESIAN_POINT('',(-2.34028931616015,-4.0535,-4.81735194229345));
#2448=CARTESIAN_POINT('',(-3.51043397424022,-2.02675,-4.87985194229345));
#2449=CARTESIAN_POINT('',(-4.68057863232029,-8.59808346034281E-16,-4.94235194229345));
#2450=CARTESIAN_POINT('',(-3.51043397424022,2.02675,-5.00485194229345));
#2451=CARTESIAN_POINT('',(-2.34028931616015,4.0535,-5.06735194229345));
#2452=CARTESIAN_POINT('',(0.0,4.0535,-5.12985194229345));
#2453=CARTESIAN_POINT('',(2.34028931616015,4.0535,-5.19235194229345));
#2454=CARTESIAN_POINT('',(3.51043397424022,2.02675,-5.25485194229345));
#2455=CARTESIAN_POINT('',(4.68057863232029,2.86602782011427E-16,-5.31735194229345));
#2456=CARTESIAN_POINT('',(3.51043397424022,-2.02675,-5.37985194229345));
#2457=CARTESIAN_POINT('',(2.34028931616015,-4.0535,-5.44235194229344));
#2458=CARTESIAN_POINT('',(4.96410580034379E-16,-4.0535,-5.50485194229344));
#2459=CARTESIAN_POINT('',(-2.34028931616015,-4.0535,-5.56735194229345));
#2460=CARTESIAN_POINT('',(-3.51043397424022,-2.02675,-5.62985194229345));
#2461=CARTESIAN_POINT('',(-4.68057863232029,-8.59808346034281E-16,-5.69235194229345));
#2462=CARTESIAN_POINT('',(-3.51043397424022,2.02675,-5.75485194229345));
#2463=CARTESIAN_POINT('',(-2.34028931616015,4.0535,-5.81735194229344));
#2464=CARTESIAN_POINT('',(0.0,4.0535,-5.87985194229345));
#2465=CARTESIAN_POINT('',(2.34028931616015,4.0535,-5.94235194229345));
#2466=CARTESIAN_POINT('',(3.51043397424022,2.02675,-6.00485194229344));
#2467=CARTESIAN_POINT('',(4.68057863232029,2.86602782011427E-16,-6.06735194229345));
#2468=CARTESIAN_POINT('',(3.51043397424022,-2.02675,-6.12985194229345));
#2469=CARTESIAN_POINT('',(2.34028931616015,-4.0535,-6.19235194229344));
#2470=CARTESIAN_POINT('',(4.96410580034379E-16,-4.0535,-6.25485194229344));
#2471=CARTESIAN_POINT('',(-2.34028931616015,-4.0535,-6.31735194229345));
#2472=CARTESIAN_POINT('',(-3.51043397424022,-2.02675,-6.37985194229344));
#2473=CARTESIAN_POINT('',(-4.68057863232029,-8.59808346034281E-16,-6.44235194229345));
#2474=CARTESIAN_POINT('',(-3.51043397424022,2.02675,-6.50485194229345));
#2475=CARTESIAN_POINT('',(-2.34028931616015,4.0535,-6.56735194229344));
#2476=CARTESIAN_POINT('',(0.0,4.0535,-6.62985194229344));
#2477=CARTESIAN_POINT('',(2.34028931616015,4.0535,-6.69235194229344));
#2478=CARTESIAN_POINT('',(3.51043397424022,2.02675,-6.75485194229345));
#2479=CARTESIAN_POINT('',(4.68057863232029,2.86602782011427E-16,-6.81735194229344));
#2480=CARTESIAN_POINT('',(3.51043397424022,-2.02675,-6.87985194229345));
#2481=CARTESIAN_POINT('',(2.34028931616015,-4.0535,-6.94235194229344));
#2482=CARTESIAN_POINT('',(4.96410580034379E-16,-4.0535,-7.00485194229344));
#2483=CARTESIAN_POINT('',(-2.34028931616015,-4.0535,-7.06735194229344));
#2484=CARTESIAN_POINT('',(-3.51043397424022,-2.02675,-7.12985194229345));
#2485=CARTESIAN_POINT('',(-3.55521413334954,-1.94918848925164,-7.13224374908845));
#2486=CARTESIAN_POINT('',(-3.59652488983169,-1.86972483719427,-7.13469421325699));
#2487=CARTESIAN_POINT('',(3.96401602242457,1.02343195863784,-2.26272133386326));
#2488=CARTESIAN_POINT('',(4.38246840137893,-0.59734206624654,-2.31220759500408));
#2489=CARTESIAN_POINT('',(3.5455080030935,-2.047,-2.35646925639128));
#2490=CARTESIAN_POINT('',(2.36367200206233,-4.094,-2.41896925639128));
#2491=CARTESIAN_POINT('',(5.01370399570926E-16,-4.094,-2.48146925639128));
#2492=CARTESIAN_POINT('',(-2.36367200206233,-4.094,-2.54396925639128));
#2493=CARTESIAN_POINT('',(-3.54550800309349,-2.047,-2.60646925639128));
#2494=CARTESIAN_POINT('',(-4.72734400412465,-8.68399005467954E-16,-2.66896925639128));
#2495=CARTESIAN_POINT('',(-3.5455080030935,2.047,-2.73146925639128));
#2496=CARTESIAN_POINT('',(-2.36367200206233,4.094,-2.79396925639128));
#2497=CARTESIAN_POINT('',(0.0,4.094,-2.85646925639128));
#2498=CARTESIAN_POINT('',(2.36367200206233,4.094,-2.91896925639128));
#2499=CARTESIAN_POINT('',(3.54550800309349,2.047,-2.98146925639128));
#2500=CARTESIAN_POINT('',(4.72734400412465,2.89466335155985E-16,-3.04396925639127));
#2501=CARTESIAN_POINT('',(3.5455080030935,-2.047,-3.10646925639128));
#2502=CARTESIAN_POINT('',(2.36367200206233,-4.094,-3.16896925639127));
#2503=CARTESIAN_POINT('',(5.01370399570926E-16,-4.094,-3.23146925639128));
#2504=CARTESIAN_POINT('',(-2.36367200206233,-4.094,-3.29396925639127));
#2505=CARTESIAN_POINT('',(-3.54550800309349,-2.047,-3.35646925639128));
#2506=CARTESIAN_POINT('',(-4.72734400412465,-8.68399005467954E-16,-3.41896925639127));
#2507=CARTESIAN_POINT('',(-3.5455080030935,2.047,-3.48146925639128));
#2508=CARTESIAN_POINT('',(-2.36367200206233,4.094,-3.54396925639127));
#2509=CARTESIAN_POINT('',(0.0,4.094,-3.60646925639128));
#2510=CARTESIAN_POINT('',(2.36367200206233,4.094,-3.66896925639127));
#2511=CARTESIAN_POINT('',(3.54550800309349,2.047,-3.73146925639128));
#2512=CARTESIAN_POINT('',(4.72734400412465,2.89466335155985E-16,-3.79396925639127));
#2513=CARTESIAN_POINT('',(3.5455080030935,-2.047,-3.85646925639128));
#2514=CARTESIAN_POINT('',(2.36367200206233,-4.094,-3.91896925639127));
#2515=CARTESIAN_POINT('',(5.01370399570926E-16,-4.094,-3.98146925639128));
#2516=CARTESIAN_POINT('',(-2.36367200206233,-4.094,-4.04396925639127));
#2517=CARTESIAN_POINT('',(-3.54550800309349,-2.047,-4.10646925639127));
#2518=CARTESIAN_POINT('',(-4.72734400412465,-8.68399005467954E-16,-4.16896925639127));
#2519=CARTESIAN_POINT('',(-3.5455080030935,2.047,-4.23146925639127));
#2520=CARTESIAN_POINT('',(-2.36367200206233,4.094,-4.29396925639127));
#2521=CARTESIAN_POINT('',(0.0,4.094,-4.35646925639127));
#2522=CARTESIAN_POINT('',(2.36367200206233,4.094,-4.41896925639128));
#2523=CARTESIAN_POINT('',(3.54550800309349,2.047,-4.48146925639128));
#2524=CARTESIAN_POINT('',(4.72734400412465,2.89466335155985E-16,-4.54396925639127));
#2525=CARTESIAN_POINT('',(3.5455080030935,-2.047,-4.60646925639127));
#2526=CARTESIAN_POINT('',(2.36367200206233,-4.094,-4.66896925639127));
#2527=CARTESIAN_POINT('',(5.01370399570926E-16,-4.094,-4.73146925639127));
#2528=CARTESIAN_POINT('',(-2.36367200206233,-4.094,-4.79396925639127));
#2529=CARTESIAN_POINT('',(-3.54550800309349,-2.047,-4.85646925639127));
#2530=CARTESIAN_POINT('',(-4.72734400412465,-8.68399005467954E-16,-4.91896925639127));
#2531=CARTESIAN_POINT('',(-3.5455080030935,2.047,-4.98146925639127));
#2532=CARTESIAN_POINT('',(-2.36367200206233,4.094,-5.04396925639127));
#2533=CARTESIAN_POINT('',(0.0,4.094,-5.10646925639127));
#2534=CARTESIAN_POINT('',(2.36367200206233,4.094,-5.16896925639127));
#2535=CARTESIAN_POINT('',(3.54550800309349,2.047,-5.23146925639127));
#2536=CARTESIAN_POINT('',(4.72734400412465,2.89466335155985E-16,-5.29396925639128));
#2537=CARTESIAN_POINT('',(3.5455080030935,-2.047,-5.35646925639127));
#2538=CARTESIAN_POINT('',(2.36367200206233,-4.094,-5.41896925639127));
#2539=CARTESIAN_POINT('',(5.01370399570926E-16,-4.094,-5.48146925639127));
#2540=CARTESIAN_POINT('',(-2.36367200206233,-4.094,-5.54396925639126));
#2541=CARTESIAN_POINT('',(-3.54550800309349,-2.047,-5.60646925639127));
#2542=CARTESIAN_POINT('',(-4.72734400412465,-8.68399005467954E-16,-5.66896925639127));
#2543=CARTESIAN_POINT('',(-3.5455080030935,2.047,-5.73146925639127));
#2544=CARTESIAN_POINT('',(-2.36367200206233,4.094,-5.79396925639126));
#2545=CARTESIAN_POINT('',(0.0,4.094,-5.85646925639127));
#2546=CARTESIAN_POINT('',(2.36367200206233,4.094,-5.91896925639127));
#2547=CARTESIAN_POINT('',(3.54550800309349,2.047,-5.98146925639127));
#2548=CARTESIAN_POINT('',(4.72734400412465,2.89466335155985E-16,-6.04396925639126));
#2549=CARTESIAN_POINT('',(3.5455080030935,-2.047,-6.10646925639127));
#2550=CARTESIAN_POINT('',(2.36367200206233,-4.094,-6.16896925639127));
#2551=CARTESIAN_POINT('',(5.01370399570926E-16,-4.094,-6.23146925639127));
#2552=CARTESIAN_POINT('',(-2.36367200206233,-4.094,-6.29396925639127));
#2553=CARTESIAN_POINT('',(-3.54550800309349,-2.047,-6.35646925639127));
#2554=CARTESIAN_POINT('',(-4.72734400412465,-8.68399005467954E-16,-6.41896925639127));
#2555=CARTESIAN_POINT('',(-3.5455080030935,2.047,-6.48146925639127));
#2556=CARTESIAN_POINT('',(-2.36367200206233,4.094,-6.54396925639126));
#2557=CARTESIAN_POINT('',(0.0,4.094,-6.60646925639127));
#2558=CARTESIAN_POINT('',(2.36367200206233,4.094,-6.66896925639127));
#2559=CARTESIAN_POINT('',(3.54550800309349,2.047,-6.73146925639127));
#2560=CARTESIAN_POINT('',(4.72734400412465,2.89466335155985E-16,-6.79396925639127));
#2561=CARTESIAN_POINT('',(3.5455080030935,-2.047,-6.85646925639127));
#2562=CARTESIAN_POINT('',(2.36367200206233,-4.094,-6.91896925639126));
#2563=CARTESIAN_POINT('',(5.01370399570926E-16,-4.094,-6.98146925639127));
#2564=CARTESIAN_POINT('',(-2.36367200206233,-4.094,-7.04396925639127));
#2565=CARTESIAN_POINT('',(-3.54550800309349,-2.047,-7.10646925639127));
#2566=CARTESIAN_POINT('',(-3.59073557713902,-1.96866354385006,-7.10886106318627));
#2567=CARTESIAN_POINT('',(-3.63245908448771,-1.88840594140208,-7.11131152735481));
#2574=EDGE_LOOP('',(#5029,#5030,#5031,#5032));
#2575=AXIS2_PLACEMENT_3D('',#5033,#5034,#5035);
#2576=EDGE_LOOP('',(#5036,#5037,#5038,#5039));
#2577=AXIS2_PLACEMENT_3D('',#5040,#5041,#5042);
#2578=EDGE_LOOP('',(#5043,#5044,#5045,#5046,#5047,#5048,#5049,#5050,#5051,#5052,#5053,#5054,#5055,#5056,#5057,#5058));
#2579=AXIS2_PLACEMENT_3D('',#5059,#5060,#5061);
#2580=EDGE_LOOP('',(#5062,#5063,#5064,#5065));
#2581=AXIS2_PLACEMENT_3D('',#5066,#5067,#5068);
#2582=EDGE_LOOP('',(#5069,#5070,#5071,#5072,#5073));
#2583=AXIS2_PLACEMENT_3D('',#5074,#5075,#5076);
#2584=EDGE_LOOP('',(#5077,#5078,#5079,#5080,#5081));
#2585=AXIS2_PLACEMENT_3D('',#5082,#5083,#5084);
#2586=EDGE_LOOP('',(#5085,#5086,#5087,#5088,#5089));
#2587=AXIS2_PLACEMENT_3D('',#5090,#5091,#5092);
#2588=EDGE_LOOP('',(#5093,#5094,#5095,#5096,#5097));
#2589=AXIS2_PLACEMENT_3D('',#5098,#5099,#5100);
#2590=EDGE_LOOP('',(#5101,#5102,#5103,#5104));
#2591=AXIS2_PLACEMENT_3D('',#5105,#5106,#5107);
#2592=EDGE_LOOP('',(#5108,#5109,#5110,#5111));
#2593=AXIS2_PLACEMENT_3D('',#5112,#5113,#5114);
#2594=EDGE_LOOP('',(#5115,#5116,#5117,#5118));
#2595=AXIS2_PLACEMENT_3D('',#5119,#5120,#5121);
#2596=EDGE_LOOP('',(#5122,#5123,#5124,#5125));
#2597=AXIS2_PLACEMENT_3D('',#5126,#5127,#5128);
#2598=EDGE_LOOP('',(#5129,#5130,#5131,#5132));
#2599=AXIS2_PLACEMENT_3D('',#5133,#5134,#5135);
#2600=EDGE_LOOP('',(#5136,#5137,#5138,#5139));
#2601=AXIS2_PLACEMENT_3D('',#5140,#5141,#5142);
#2602=EDGE_LOOP('',(#5143,#5144,#5145,#5146));
#2603=AXIS2_PLACEMENT_3D('',#5147,#5148,#5149);
#2604=EDGE_LOOP('',(#5150,#5151,#5152,#5153));
#2605=AXIS2_PLACEMENT_3D('',#5154,#5155,#5156);
#2606=EDGE_LOOP('',(#5157,#5158,#5159,#5160));
#2607=AXIS2_PLACEMENT_3D('',#5161,#5162,#5163);
#2608=EDGE_LOOP('',(#5164,#5165,#5166,#5167));
#2609=AXIS2_PLACEMENT_3D('',#5168,#5169,#5170);
#2610=EDGE_LOOP('',(#5171,#5172,#5173,#5174));
#2611=AXIS2_PLACEMENT_3D('',#5175,#5176,#5177);
#2612=EDGE_LOOP('',(#5178,#5179,#5180,#5181));
#2613=AXIS2_PLACEMENT_3D('',#5182,#5183,#5184);
#2614=EDGE_LOOP('',(#5185,#5186,#5187,#5188));
#2615=AXIS2_PLACEMENT_3D('',#5189,#5190,#5191);
#2616=EDGE_LOOP('',(#5192,#5193,#5194,#5195));
#2617=AXIS2_PLACEMENT_3D('',#5196,#5197,#5198);
#2618=EDGE_LOOP('',(#5199,#5200,#5201,#5202));
#2619=AXIS2_PLACEMENT_3D('',#5203,#5204,#5205);
#2620=EDGE_LOOP('',(#5206,#5207,#5208,#5209));
#2621=AXIS2_PLACEMENT_3D('',#5210,#5211,#5212);
#2622=EDGE_LOOP('',(#5213,#5214,#5215,#5216));
#2623=AXIS2_PLACEMENT_3D('',#5217,#5218,#5219);
#2624=EDGE_LOOP('',(#5220,#5221,#5222,#5223,#5224));
#2625=AXIS2_PLACEMENT_3D('',#5225,#5226,#5227);
#2626=EDGE_LOOP('',(#5228,#5229,#5230,#5231));
#2627=AXIS2_PLACEMENT_3D('',#5232,#5233,#5234);
#2628=EDGE_LOOP('',(#5235,#5236,#5237,#5238));
#2629=AXIS2_PLACEMENT_3D('',#5239,#5240,#5241);
#2630=EDGE_LOOP('',(#5242,#5243,#5244,#5245));
#2631=AXIS2_PLACEMENT_3D('',#5246,#5247,#5248);
#2632=EDGE_LOOP('',(#5249,#5250,#5251,#5252));
#2633=AXIS2_PLACEMENT_3D('',#5253,#5254,#5255);
#2634=EDGE_LOOP('',(#5256,#5257,#5258,#5259));
#2635=AXIS2_PLACEMENT_3D('',#5260,#5261,#5262);
#2636=EDGE_LOOP('',(#5263,#5264,#5265,#5266));
#2637=AXIS2_PLACEMENT_3D('',#5267,#5268,#5269);
#2638=EDGE_LOOP('',(#5270,#5271,#5272,#5273));
#2639=AXIS2_PLACEMENT_3D('',#5274,#5275,#5276);
#2640=EDGE_LOOP('',(#5277,#5278,#5279,#5280,#5281,#5282));
#2641=AXIS2_PLACEMENT_3D('',#5283,#5284,#5285);
#2642=EDGE_LOOP('',(#5286,#5287,#5288,#5289));
#2643=AXIS2_PLACEMENT_3D('',#5290,#5291,#5292);
#2644=EDGE_LOOP('',(#5293,#5294,#5295,#5296,#5297,#5298,#5299,#5300));
#2645=AXIS2_PLACEMENT_3D('',#5301,#5302,#5303);
#2646=EDGE_LOOP('',(#5304,#5305,#5306,#5307));
#2647=AXIS2_PLACEMENT_3D('',#5308,#5309,#5310);
#2648=EDGE_LOOP('',(#5311,#5312,#5313,#5314));
#2649=AXIS2_PLACEMENT_3D('',#5315,#5316,#5317);
#2650=EDGE_LOOP('',(#5318,#5319,#5320,#5321,#5322,#5323,#5324,#5325,#5326));
#2651=AXIS2_PLACEMENT_3D('',#5327,#5328,#5329);
#2652=EDGE_LOOP('',(#5330,#5331,#5332,#5333));
#2653=AXIS2_PLACEMENT_3D('',#5334,#5335,#5336);
#2654=EDGE_LOOP('',(#5337,#5338,#5339,#5340));
#2655=AXIS2_PLACEMENT_3D('',#5341,#5342,#5343);
#2656=EDGE_LOOP('',(#5344,#5345,#5346,#5347));
#2657=AXIS2_PLACEMENT_3D('',#5348,#5349,#5350);
#2658=EDGE_LOOP('',(#5351,#5352,#5353,#5354));
#2659=AXIS2_PLACEMENT_3D('',#5355,#5356,#5357);
#2660=EDGE_LOOP('',(#5358,#5359,#5360,#5361));
#2661=AXIS2_PLACEMENT_3D('',#5362,#5363,#5364);
#2662=EDGE_LOOP('',(#5365,#5366,#5367,#5368));
#2663=AXIS2_PLACEMENT_3D('',#5369,#5370,#5371);
#2664=EDGE_LOOP('',(#5372,#5373,#5374,#5375));
#2665=AXIS2_PLACEMENT_3D('',#5376,#5377,#5378);
#2666=EDGE_LOOP('',(#5379,#5380,#5381,#5382));
#2667=AXIS2_PLACEMENT_3D('',#5383,#5384,#5385);
#2668=EDGE_LOOP('',(#5386,#5387,#5388,#5389));
#2669=AXIS2_PLACEMENT_3D('',#5390,#5391,#5392);
#2670=EDGE_LOOP('',(#5393,#5394,#5395,#5396));
#2671=AXIS2_PLACEMENT_3D('',#5397,#5398,#5399);
#2672=EDGE_LOOP('',(#5400,#5401,#5402,#5403));
#2673=AXIS2_PLACEMENT_3D('',#5404,#5405,#5406);
#2674=EDGE_LOOP('',(#5407,#5408,#5409,#5410));
#2675=AXIS2_PLACEMENT_3D('',#5411,#5412,#5413);
#2676=EDGE_LOOP('',(#5414,#5415,#5416,#5417));
#2677=AXIS2_PLACEMENT_3D('',#5418,#5419,#5420);
#2678=EDGE_LOOP('',(#5421,#5422,#5423,#5424));
#2679=AXIS2_PLACEMENT_3D('',#5425,#5426,#5427);
#2680=EDGE_LOOP('',(#5428,#5429,#5430,#5431));
#2681=AXIS2_PLACEMENT_3D('',#5432,#5433,#5434);
#2682=EDGE_LOOP('',(#5435,#5436,#5437,#5438));
#2683=AXIS2_PLACEMENT_3D('',#5439,#5440,#5441);
#2684=EDGE_LOOP('',(#5442,#5443,#5444,#5445,#5446));
#2685=AXIS2_PLACEMENT_3D('',#5447,#5448,#5449);
#2686=EDGE_LOOP('',(#5450,#5451,#5452,#5453));
#2687=AXIS2_PLACEMENT_3D('',#5454,#5455,#5456);
#2688=EDGE_LOOP('',(#5457,#5458,#5459,#5460));
#2689=AXIS2_PLACEMENT_3D('',#5461,#5462,#5463);
#2690=EDGE_LOOP('',(#5464,#5465,#5466,#5467));
#2691=AXIS2_PLACEMENT_3D('',#5468,#5469,#5470);
#2692=EDGE_LOOP('',(#5471,#5472,#5473,#5474));
#2693=AXIS2_PLACEMENT_3D('',#5475,#5476,#5477);
#2694=EDGE_LOOP('',(#5478,#5479,#5480,#5481));
#2695=AXIS2_PLACEMENT_3D('',#5482,#5483,#5484);
#2696=EDGE_LOOP('',(#5485,#5486,#5487,#5488));
#2697=AXIS2_PLACEMENT_3D('',#5489,#5490,#5491);
#2698=EDGE_LOOP('',(#5492,#5493,#5494,#5495,#5496));
#2699=AXIS2_PLACEMENT_3D('',#5497,#5498,#5499);
#2700=EDGE_LOOP('',(#5500,#5501,#5502,#5503,#5504,#5505));
#2701=AXIS2_PLACEMENT_3D('',#5506,#5507,#5508);
#2702=EDGE_LOOP('',(#5509,#5510,#5511,#5512));
#2703=AXIS2_PLACEMENT_3D('',#5513,#5514,#5515);
#2704=EDGE_LOOP('',(#5516,#5517,#5518,#5519,#5520,#5521,#5522,#5523));
#2705=AXIS2_PLACEMENT_3D('',#5524,#5525,#5526);
#2706=EDGE_LOOP('',(#5527,#5528,#5529,#5530,#5531,#5532,#5533,#5534,#5535));
#2707=AXIS2_PLACEMENT_3D('',#5536,#5537,#5538);
#2708=EDGE_LOOP('',(#5539,#5540,#5541,#5542));
#2709=AXIS2_PLACEMENT_3D('',#5543,#5544,#5545);
#2710=EDGE_LOOP('',(#5546,#5547,#5548,#5549));
#2711=AXIS2_PLACEMENT_3D('',#5550,#5551,#5552);
#2712=EDGE_LOOP('',(#5553,#5554,#5555,#5556));
#2713=AXIS2_PLACEMENT_3D('',#5557,#5558,#5559);
#2714=EDGE_LOOP('',(#5560,#5561,#5562,#5563,#5564,#5565,#5566,#5567,#5568,#5569,#5570,#5571,#5572,#5573));
#2715=AXIS2_PLACEMENT_3D('',#5574,#5575,#5576);
#2716=EDGE_LOOP('',(#5577,#5578,#5579,#5580,#5581,#5582,#5583,#5584,#5585,#5586,#5587,#5588,#5589,#5590));
#2717=AXIS2_PLACEMENT_3D('',#5591,#5592,#5593);
#2718=EDGE_LOOP('',(#5594,#5595,#5596,#5597));
#2719=AXIS2_PLACEMENT_3D('',#5598,#5599,#5600);
#2720=EDGE_LOOP('',(#5601,#5602,#5603,#5604));
#2721=AXIS2_PLACEMENT_3D('',#5605,#5606,#5607);
#2722=EDGE_LOOP('',(#5608,#5609,#5610,#5611,#5612));
#2723=AXIS2_PLACEMENT_3D('',#5613,#5614,#5615);
#2724=EDGE_LOOP('',(#5616,#5617,#5618,#5619,#5620));
#2725=AXIS2_PLACEMENT_3D('',#5621,#5622,#5623);
#2726=EDGE_LOOP('',(#5624,#5625,#5626,#5627));
#2727=AXIS2_PLACEMENT_3D('',#5628,#5629,#5630);
#2728=EDGE_LOOP('',(#5631,#5632,#5633,#5634));
#2729=AXIS2_PLACEMENT_3D('',#5635,#5636,#5637);
#2730=EDGE_LOOP('',(#5638,#5639,#5640,#5641));
#2731=AXIS2_PLACEMENT_3D('',#5642,#5643,#5644);
#2732=EDGE_LOOP('',(#5645,#5646,#5647,#5648,#5649,#5650,#5651,#5652));
#2733=AXIS2_PLACEMENT_3D('',#5653,#5654,#5655);
#2734=EDGE_LOOP('',(#5656,#5657,#5658,#5659,#5660,#5661,#5662,#5663));
#2735=AXIS2_PLACEMENT_3D('',#5664,#5665,#5666);
#2736=EDGE_LOOP('',(#5667,#5668,#5669,#5670));
#2737=AXIS2_PLACEMENT_3D('',#5671,#5672,#5673);
#2738=EDGE_LOOP('',(#5674,#5675,#5676,#5677));
#2739=AXIS2_PLACEMENT_3D('',#5678,#5679,#5680);
#2740=EDGE_LOOP('',(#5681,#5682,#5683,#5684));
#2741=AXIS2_PLACEMENT_3D('',#5685,#5686,#5687);
#2742=EDGE_LOOP('',(#5688,#5689,#5690,#5691));
#2743=AXIS2_PLACEMENT_3D('',#5692,#5693,#5694);
#2744=EDGE_LOOP('',(#5695,#5696,#5697,#5698));
#2745=AXIS2_PLACEMENT_3D('',#5699,#5700,#5701);
#2746=EDGE_LOOP('',(#5702,#5703,#5704,#5705));
#2747=AXIS2_PLACEMENT_3D('',#5706,#5707,#5708);
#2748=EDGE_LOOP('',(#5709,#5710,#5711,#5712));
#2749=AXIS2_PLACEMENT_3D('',#5713,#5714,#5715);
#2750=EDGE_LOOP('',(#5716,#5717,#5718,#5719));
#2751=AXIS2_PLACEMENT_3D('',#5720,#5721,#5722);
#2752=EDGE_LOOP('',(#5723,#5724,#5725,#5726));
#2753=AXIS2_PLACEMENT_3D('',#5727,#5728,#5729);
#2754=EDGE_LOOP('',(#5730,#5731,#5732,#5733));
#2755=AXIS2_PLACEMENT_3D('',#5734,#5735,#5736);
#2756=EDGE_LOOP('',(#5737,#5738,#5739,#5740));
#2757=AXIS2_PLACEMENT_3D('',#5741,#5742,#5743);
#2758=EDGE_LOOP('',(#5744,#5745,#5746,#5747));
#2759=AXIS2_PLACEMENT_3D('',#5748,#5749,#5750);
#2760=EDGE_LOOP('',(#5751,#5752,#5753,#5754));
#2761=AXIS2_PLACEMENT_3D('',#5755,#5756,#5757);
#2762=EDGE_LOOP('',(#5758,#5759,#5760,#5761,#5762));
#2763=AXIS2_PLACEMENT_3D('',#5763,#5764,#5765);
#2764=EDGE_LOOP('',(#5766,#5767,#5768,#5769));
#2765=AXIS2_PLACEMENT_3D('',#5770,#5771,#5772);
#2766=EDGE_LOOP('',(#5773,#5774,#5775,#5776));
#2767=AXIS2_PLACEMENT_3D('',#5777,#5778,#5779);
#2768=EDGE_LOOP('',(#5780,#5781,#5782,#5783));
#2769=AXIS2_PLACEMENT_3D('',#5784,#5785,#5786);
#2770=EDGE_LOOP('',(#5787,#5788,#5789,#5790));
#2771=AXIS2_PLACEMENT_3D('',#5791,#5792,#5793);
#2772=EDGE_LOOP('',(#5794,#5795,#5796,#5797,#5798));
#2773=AXIS2_PLACEMENT_3D('',#5799,#5800,#5801);
#2774=EDGE_LOOP('',(#5802,#5803,#5804,#5805,#5806,#5807));
#2775=AXIS2_PLACEMENT_3D('',#5808,#5809,#5810);
#2776=EDGE_LOOP('',(#5811,#5812,#5813,#5814,#5815));
#2777=AXIS2_PLACEMENT_3D('',#5816,#5817,#5818);
#2778=EDGE_LOOP('',(#5819,#5820,#5821,#5822));
#2779=AXIS2_PLACEMENT_3D('',#5823,#5824,#5825);
#2780=EDGE_LOOP('',(#5826,#5827,#5828,#5829));
#2781=AXIS2_PLACEMENT_3D('',#5830,#5831,#5832);
#2782=EDGE_LOOP('',(#5833,#5834,#5835,#5836));
#2783=AXIS2_PLACEMENT_3D('',#5837,#5838,#5839);
#2784=EDGE_LOOP('',(#5840,#5841,#5842,#5843));
#2785=AXIS2_PLACEMENT_3D('',#5844,#5845,#5846);
#2786=EDGE_LOOP('',(#5847,#5848,#5849,#5850,#5851,#5852));
#2787=AXIS2_PLACEMENT_3D('',#5853,#5854,#5855);
#2788=EDGE_LOOP('',(#5856,#5857,#5858,#5859));
#2789=AXIS2_PLACEMENT_3D('',#5860,#5861,#5862);
#2790=EDGE_LOOP('',(#5863,#5864,#5865,#5866,#5867));
#2791=AXIS2_PLACEMENT_3D('',#5868,#5869,#5870);
#2792=EDGE_LOOP('',(#5871,#5872,#5873,#5874,#5875,#5876,#5877,#5878));
#2793=AXIS2_PLACEMENT_3D('',#5879,#5880,#5881);
#2794=EDGE_LOOP('',(#5882,#5883,#5884,#5885));
#2795=AXIS2_PLACEMENT_3D('',#5886,#5887,#5888);
#2796=EDGE_LOOP('',(#5889,#5890,#5891,#5892));
#2797=AXIS2_PLACEMENT_3D('',#5893,#5894,#5895);
#2798=EDGE_LOOP('',(#5896,#5897,#5898,#5899,#5900,#5901,#5902,#5903,#5904));
#2799=AXIS2_PLACEMENT_3D('',#5905,#5906,#5907);
#2800=EDGE_LOOP('',(#5908,#5909,#5910,#5911));
#2801=AXIS2_PLACEMENT_3D('',#5912,#5913,#5914);
#2802=EDGE_LOOP('',(#5915,#5916,#5917,#5918));
#2803=AXIS2_PLACEMENT_3D('',#5919,#5920,#5921);
#2804=EDGE_LOOP('',(#5922,#5923,#5924,#5925));
#2805=AXIS2_PLACEMENT_3D('',#5926,#5927,#5928);
#2806=EDGE_LOOP('',(#5929,#5930,#5931,#5932));
#2807=AXIS2_PLACEMENT_3D('',#5933,#5934,#5935);
#2808=EDGE_LOOP('',(#5936,#5937,#5938,#5939));
#2809=AXIS2_PLACEMENT_3D('',#5940,#5941,#5942);
#2810=EDGE_LOOP('',(#5943,#5944,#5945,#5946));
#2811=AXIS2_PLACEMENT_3D('',#5947,#5948,#5949);
#2812=EDGE_LOOP('',(#5950,#5951,#5952,#5953));
#2813=AXIS2_PLACEMENT_3D('',#5954,#5955,#5956);
#2814=EDGE_LOOP('',(#5957,#5958,#5959,#5960));
#2815=AXIS2_PLACEMENT_3D('',#5961,#5962,#5963);
#2816=EDGE_LOOP('',(#5964,#5965,#5966,#5967));
#2817=AXIS2_PLACEMENT_3D('',#5968,#5969,#5970);
#2818=EDGE_LOOP('',(#5971,#5972,#5973,#5974));
#2819=AXIS2_PLACEMENT_3D('',#5975,#5976,#5977);
#2820=EDGE_LOOP('',(#5978,#5979,#5980,#5981,#5982,#5983,#5984,#5985,#5986,#5987,#5988,#5989,#5990,#5991));
#2821=AXIS2_PLACEMENT_3D('',#5992,#5993,#5994);
#2822=EDGE_LOOP('',(#5995,#5996,#5997,#5998));
#2823=AXIS2_PLACEMENT_3D('',#5999,#6000,#6001);
#2824=EDGE_LOOP('',(#6002,#6003,#6004,#6005));
#2825=AXIS2_PLACEMENT_3D('',#6006,#6007,#6008);
#2826=EDGE_LOOP('',(#6009,#6010,#6011,#6012));
#2827=AXIS2_PLACEMENT_3D('',#6013,#6014,#6015);
#2828=EDGE_LOOP('',(#6016,#6017,#6018,#6019));
#2829=AXIS2_PLACEMENT_3D('',#6020,#6021,#6022);
#2830=EDGE_LOOP('',(#6023,#6024,#6025,#6026));
#2831=AXIS2_PLACEMENT_3D('',#6027,#6028,#6029);
#2832=EDGE_LOOP('',(#6030,#6031,#6032,#6033));
#2833=AXIS2_PLACEMENT_3D('',#6034,#6035,#6036);
#2834=EDGE_LOOP('',(#6037,#6038,#6039,#6040));
#2835=AXIS2_PLACEMENT_3D('',#6041,#6042,#6043);
#2836=EDGE_LOOP('',(#6044,#6045,#6046,#6047));
#2837=AXIS2_PLACEMENT_3D('',#6048,#6049,#6050);
#2838=EDGE_LOOP('',(#6051,#6052,#6053,#6054,#6055));
#2839=AXIS2_PLACEMENT_3D('',#6056,#6057,#6058);
#2840=EDGE_LOOP('',(#6059,#6060,#6061,#6062));
#2841=AXIS2_PLACEMENT_3D('',#6063,#6064,#6065);
#2842=EDGE_LOOP('',(#6066,#6067,#6068,#6069));
#2843=AXIS2_PLACEMENT_3D('',#6070,#6071,#6072);
#2844=EDGE_LOOP('',(#6073,#6074,#6075,#6076));
#2845=AXIS2_PLACEMENT_3D('',#6077,#6078,#6079);
#2846=EDGE_LOOP('',(#6080,#6081,#6082,#6083,#6084,#6085));
#2847=AXIS2_PLACEMENT_3D('',#6086,#6087,#6088);
#2848=EDGE_LOOP('',(#6089,#6090,#6091,#6092,#6093));
#2849=AXIS2_PLACEMENT_3D('',#6094,#6095,#6096);
#2850=EDGE_LOOP('',(#6097,#6098,#6099,#6100,#6101));
#2851=AXIS2_PLACEMENT_3D('',#6102,#6103,#6104);
#2852=EDGE_LOOP('',(#6105,#6106,#6107,#6108,#6109,#6110,#6111,#6112));
#2853=AXIS2_PLACEMENT_3D('',#6113,#6114,#6115);
#2854=EDGE_LOOP('',(#6116,#6117,#6118,#6119,#6120,#6121,#6122,#6123));
#2855=AXIS2_PLACEMENT_3D('',#6124,#6125,#6126);
#2856=EDGE_LOOP('',(#6127,#6128,#6129,#6130));
#2857=AXIS2_PLACEMENT_3D('',#6131,#6132,#6133);
#2858=EDGE_LOOP('',(#6134,#6135,#6136,#6137));
#2859=AXIS2_PLACEMENT_3D('',#6138,#6139,#6140);
#2860=EDGE_LOOP('',(#6141,#6142,#6143,#6144));
#2861=AXIS2_PLACEMENT_3D('',#6145,#6146,#6147);
#2862=EDGE_LOOP('',(#6148,#6149,#6150,#6151));
#2863=AXIS2_PLACEMENT_3D('',#6152,#6153,#6154);
#2864=EDGE_LOOP('',(#6155,#6156,#6157,#6158,#6159,#6160));
#2865=AXIS2_PLACEMENT_3D('',#6161,#6162,#6163);
#2866=EDGE_LOOP('',(#6164,#6165,#6166,#6167));
#2867=AXIS2_PLACEMENT_3D('',#6168,#6169,#6170);
#2868=EDGE_LOOP('',(#6171,#6172,#6173,#6174,#6175,#6176,#6177,#6178));
#2869=AXIS2_PLACEMENT_3D('',#6179,#6180,#6181);
#2870=EDGE_LOOP('',(#6182,#6183,#6184,#6185,#6186,#6187,#6188,#6189,#6190));
#2871=AXIS2_PLACEMENT_3D('',#6191,#6192,#6193);
#2872=EDGE_LOOP('',(#6194,#6195,#6196,#6197));
#2873=AXIS2_PLACEMENT_3D('',#6198,#6199,#6200);
#2874=EDGE_LOOP('',(#6201,#6202,#6203,#6204));
#2875=AXIS2_PLACEMENT_3D('',#6205,#6206,#6207);
#2876=EDGE_LOOP('',(#6208,#6209,#6210,#6211,#6212,#6213,#6214,#6215,#6216,#6217,#6218,#6219,#6220));
#2877=AXIS2_PLACEMENT_3D('',#6221,#6222,#6223);
#2878=EDGE_LOOP('',(#6224,#6225,#6226,#6227,#6228,#6229,#6230,#6231));
#2879=AXIS2_PLACEMENT_3D('',#6232,#6233,#6234);
#2880=EDGE_LOOP('',(#6235,#6236,#6237,#6238));
#2881=AXIS2_PLACEMENT_3D('',#6239,#6240,#6241);
#2882=EDGE_LOOP('',(#6242,#6243,#6244,#6245));
#2883=AXIS2_PLACEMENT_3D('',#6246,#6247,#6248);
#2884=EDGE_LOOP('',(#6249,#6250,#6251,#6252,#6253,#6254,#6255,#6256,#6257,#6258,#6259,#6260,#6261,#6262));
#2885=AXIS2_PLACEMENT_3D('',#6263,#6264,#6265);
#2886=EDGE_LOOP('',(#6266,#6267,#6268,#6269,#6270));
#2887=AXIS2_PLACEMENT_3D('',#6271,#6272,#6273);
#2888=EDGE_LOOP('',(#6274,#6275,#6276,#6277,#6278));
#2889=AXIS2_PLACEMENT_3D('',#6279,#6280,#6281);
#2890=EDGE_LOOP('',(#6282,#6283,#6284,#6285,#6286,#6287,#6288,#6289,#6290,#6291,#6292,#6293,#6294));
#2891=AXIS2_PLACEMENT_3D('',#6295,#6296,#6297);
#2892=EDGE_LOOP('',(#6298,#6299,#6300,#6301,#6302,#6303,#6304,#6305));
#2893=AXIS2_PLACEMENT_3D('',#6306,#6307,#6308);
#2894=EDGE_LOOP('',(#6309,#6310,#6311,#6312,#6313,#6314,#6315,#6316,#6317,#6318,#6319,#6320,#6321));
#2895=AXIS2_PLACEMENT_3D('',#6322,#6323,#6324);
#2896=EDGE_LOOP('',(#6325,#6326,#6327,#6328));
#2897=AXIS2_PLACEMENT_3D('',#6329,#6330,#6331);
#2898=EDGE_LOOP('',(#6332,#6333,#6334,#6335));
#2899=AXIS2_PLACEMENT_3D('',#6336,#6337,#6338);
#2900=EDGE_LOOP('',(#6339,#6340,#6341,#6342,#6343,#6344,#6345,#6346,#6347,#6348,#6349,#6350,#6351,#6352));
#2901=AXIS2_PLACEMENT_3D('',#6353,#6354,#6355);
#2902=EDGE_LOOP('',(#6356,#6357,#6358,#6359,#6360,#6361,#6362,#6363,#6364,#6365,#6366,#6367,#6368,#6369));
#2903=AXIS2_PLACEMENT_3D('',#6370,#6371,#6372);
#2904=EDGE_LOOP('',(#6373,#6374,#6375,#6376,#6377,#6378));
#2905=AXIS2_PLACEMENT_3D('',#6379,#6380,#6381);
#2906=EDGE_LOOP('',(#6382,#6383,#6384,#6385,#6386,#6387,#6388,#6389));
#2907=AXIS2_PLACEMENT_3D('',#6390,#6391,#6392);
#2908=EDGE_LOOP('',(#6393,#6394,#6395,#6396));
#2909=AXIS2_PLACEMENT_3D('',#6397,#6398,#6399);
#2910=EDGE_LOOP('',(#6400,#6401,#6402,#6403,#6404,#6405));
#2911=AXIS2_PLACEMENT_3D('',#6406,#6407,#6408);
#2912=EDGE_LOOP('',(#6409,#6410,#6411,#6412,#6413,#6414,#6415,#6416));
#2913=AXIS2_PLACEMENT_3D('',#6417,#6418,#6419);
#2914=EDGE_LOOP('',(#6420,#6421,#6422,#6423,#6424,#6425,#6426,#6427,#6428,#6429,#6430,#6431,#6432));
#2915=AXIS2_PLACEMENT_3D('',#6433,#6434,#6435);
#2916=EDGE_LOOP('',(#6436,#6437,#6438,#6439));
#2917=AXIS2_PLACEMENT_3D('',#6440,#6441,#6442);
#2918=EDGE_LOOP('',(#6443,#6444,#6445,#6446,#6447,#6448,#6449,#6450,#6451,#6452,#6453,#6454,#6455,#6456,#6457,#6458,#6459,#6460,#6461,#6462,#6463,#6464,#6465,#6466,#6467,#6468,#6469,#6470,#6471,#6472,#6473,#6474,#6475,#6476,#6477,#6478,#6479,#6480,#6481,#6482,#6483,#6484,#6485,#6486,#6487,#6488,#6489,#6490,#6491,#6492,#6493,#6494,#6495,#6496,#6497,#6498,#6499,#6500,#6501,#6502,#6503,#6504,#6505,#6506));
#2919=AXIS2_PLACEMENT_3D('',#6507,#6508,#6509);
#2920=EDGE_LOOP('',(#6510,#6511,#6512,#6513,#6514,#6515,#6516));
#2921=AXIS2_PLACEMENT_3D('',#6517,#6518,#6519);
#2922=EDGE_LOOP('',(#6520,#6521,#6522,#6523,#6524,#6525,#6526,#6527,#6528,#6529,#6530,#6531,#6532,#6533));
#2923=AXIS2_PLACEMENT_3D('',#6534,#6535,#6536);
#2924=EDGE_LOOP('',(#6537,#6538,#6539,#6540));
#2925=AXIS2_PLACEMENT_3D('',#6541,#6542,#6543);
#2926=EDGE_LOOP('',(#6544,#6545,#6546,#6547,#6548,#6549,#6550,#6551,#6552,#6553,#6554,#6555,#6556,#6557));
#2927=AXIS2_PLACEMENT_3D('',#6558,#6559,#6560);
#2928=EDGE_LOOP('',(#6561,#6562,#6563,#6564));
#2929=AXIS2_PLACEMENT_3D('',#6565,#6566,#6567);
#2930=EDGE_LOOP('',(#6568,#6569,#6570,#6571));
#2931=AXIS2_PLACEMENT_3D('',#6572,#6573,#6574);
#2932=EDGE_LOOP('',(#6575,#6576));
#2933=EDGE_LOOP('',(#6577,#6578));
#2934=AXIS2_PLACEMENT_3D('',#6579,#6580,#6581);
#2935=EDGE_LOOP('',(#6582,#6583,#6584,#6585));
#2936=AXIS2_PLACEMENT_3D('',#6586,#6587,#6588);
#2937=EDGE_LOOP('',(#6589,#6590,#6591,#6592,#6593,#6594,#6595));
#2938=AXIS2_PLACEMENT_3D('',#6596,#6597,#6598);
#2939=EDGE_LOOP('',(#6599,#6600,#6601,#6602));
#2940=AXIS2_PLACEMENT_3D('',#6603,#6604,#6605);
#2941=EDGE_LOOP('',(#6606,#6607,#6608,#6609,#6610,#6611));
#2942=AXIS2_PLACEMENT_3D('',#6612,#6613,#6614);
#2943=EDGE_LOOP('',(#6615,#6616,#6617,#6618,#6619,#6620));
#2944=AXIS2_PLACEMENT_3D('',#6621,#6622,#6623);
#2945=EDGE_LOOP('',(#6624,#6625,#6626,#6627));
#2946=AXIS2_PLACEMENT_3D('',#6628,#6629,#6630);
#2947=ORIENTED_EDGE('',*,*,#6631,.F.);
#2948=ORIENTED_EDGE('',*,*,#6632,.F.);
#2949=ORIENTED_EDGE('',*,*,#6633,.T.);
#2950=ORIENTED_EDGE('',*,*,#6634,.T.);
#2951=CARTESIAN_POINT('',(5.41541087226755,0.5,9.35963554221509));
#2952=DIRECTION('',(0.0,1.0,-1.38777878078145E-17));
#2953=DIRECTION('',(-1.0,0.0,0.0));
#2954=ORIENTED_EDGE('',*,*,#6635,.F.);
#2955=ORIENTED_EDGE('',*,*,#6636,.T.);
#2956=ORIENTED_EDGE('',*,*,#6637,.F.);
#2957=ORIENTED_EDGE('',*,*,#6638,.F.);
#2958=CARTESIAN_POINT('',(5.6,0.5,9.31871311781489));
#2959=DIRECTION('',(0.0,1.0,-1.38777878078145E-17));
#2960=DIRECTION('',(-1.0,0.0,0.0));
#2961=ORIENTED_EDGE('',*,*,#6639,.F.);
#2962=ORIENTED_EDGE('',*,*,#6640,.T.);
#2963=ORIENTED_EDGE('',*,*,#6641,.F.);
#2964=ORIENTED_EDGE('',*,*,#6642,.T.);
#2965=CARTESIAN_POINT('',(-6.06761691790701,5.72725329258399E-17,10.8004170635261));
#2966=DIRECTION('',(-0.90630778703665,5.31916480900535E-18,0.4226182617407));
#2967=DIRECTION('',(-0.4226182617407,-1.14069857442429E-17,-0.90630778703665));
#2968=ORIENTED_EDGE('',*,*,#6643,.F.);
#2969=ORIENTED_EDGE('',*,*,#6644,.F.);
#2970=ORIENTED_EDGE('',*,*,#6645,.T.);
#2971=ORIENTED_EDGE('',*,*,#6646,.T.);
#2972=CARTESIAN_POINT('',(2.36044790219791E-16,-3.07643400453119E-15,-17.5));
#2973=DIRECTION('',(1.19993072676424E-16,6.92780328106235E-17,1.0));
#2974=DIRECTION('',(-0.5,0.866025403784438,1.12054105855257E-32));
#2975=ORIENTED_EDGE('',*,*,#6647,.F.);
#2976=ORIENTED_EDGE('',*,*,#6648,.T.);
#2977=ORIENTED_EDGE('',*,*,#6649,.T.);
#2978=ORIENTED_EDGE('',*,*,#6650,.F.);
#2979=CARTESIAN_POINT('',(6.42760450096174E-15,-9.85,10.6931416529423));
#2980=DIRECTION('',(6.80986534936153E-16,-1.0,5.78241158658936E-15));
#2981=DIRECTION('',(8.10634336807235E-17,-5.78241158658936E-15,-1.0));
#2982=ORIENTED_EDGE('',*,*,#6651,.F.);
#2983=ORIENTED_EDGE('',*,*,#6652,.T.);
#2984=ORIENTED_EDGE('',*,*,#6653,.T.);
#2985=ORIENTED_EDGE('',*,*,#6654,.F.);
#2986=CARTESIAN_POINT('',(3.61325933287328E-15,-7.35,10.6931416529423));
#2987=DIRECTION('',(5.42208656858009E-16,-1.0,2.89120579329468E-15));
#2988=DIRECTION('',(1.00613961606657E-16,-2.89120579329468E-15,-1.0));
#2989=ORIENTED_EDGE('',*,*,#6655,.F.);
#2990=ORIENTED_EDGE('',*,*,#6656,.T.);
#2991=ORIENTED_EDGE('',*,*,#6657,.T.);
#2992=ORIENTED_EDGE('',*,*,#6658,.F.);
#2993=CARTESIAN_POINT('',(-2.5,-9.85,10.8431416529423));
#2994=DIRECTION('',(5.99326915022059E-16,-1.0,5.78241158658936E-15));
#2995=DIRECTION('',(0.0,-5.78241158658936E-15,-1.0));
#2996=ORIENTED_EDGE('',*,*,#6659,.F.);
#2997=ORIENTED_EDGE('',*,*,#6660,.T.);
#2998=ORIENTED_EDGE('',*,*,#6661,.T.);
#2999=ORIENTED_EDGE('',*,*,#6662,.F.);
#3000=CARTESIAN_POINT('',(2.5,-9.85,10.8431416529423));
#3001=DIRECTION('',(5.40004162163775E-16,-1.0,5.78241158658936E-15));
#3002=DIRECTION('',(0.0,-5.78241158658936E-15,-1.0));
#3003=ORIENTED_EDGE('',*,*,#6663,.F.);
#3004=ORIENTED_EDGE('',*,*,#6664,.T.);
#3005=ORIENTED_EDGE('',*,*,#6665,.T.);
#3006=ORIENTED_EDGE('',*,*,#6666,.F.);
#3007=CARTESIAN_POINT('',(2.5,-7.35,10.8431416529423));
#3008=DIRECTION('',(5.43943380333986E-16,-1.0,2.89120579329468E-15));
#3009=DIRECTION('',(0.0,-2.89120579329468E-15,-1.0));
#3010=ORIENTED_EDGE('',*,*,#6667,.F.);
#3011=ORIENTED_EDGE('',*,*,#6668,.T.);
#3012=ORIENTED_EDGE('',*,*,#6669,.T.);
#3013=ORIENTED_EDGE('',*,*,#6670,.F.);
#3014=CARTESIAN_POINT('',(-2.5,-7.35,10.8431416529423));
#3015=DIRECTION('',(5.6302533856973E-16,-1.0,2.89120579329468E-15));
#3016=DIRECTION('',(0.0,-2.89120579329468E-15,-1.0));
#3017=ORIENTED_EDGE('',*,*,#6671,.F.);
#3018=ORIENTED_EDGE('',*,*,#6672,.F.);
#3019=ORIENTED_EDGE('',*,*,#6673,.T.);
#3020=ORIENTED_EDGE('',*,*,#6644,.T.);
#3021=ORIENTED_EDGE('',*,*,#6674,.F.);
#3022=ORIENTED_EDGE('',*,*,#6675,.F.);
#3023=CARTESIAN_POINT('',(-4.83162410914098E-16,6.83021465437245E-15,13.7542984189723));
#3024=DIRECTION('',(-1.19993072676424E-16,-6.92780328106235E-17,-1.0));
#3025=DIRECTION('',(-0.5,0.866025403784438,8.21730109605221E-33));
#3026=ORIENTED_EDGE('',*,*,#6676,.F.);
#3027=ORIENTED_EDGE('',*,*,#6677,.T.);
#3028=ORIENTED_EDGE('',*,*,#6678,.F.);
#3029=ORIENTED_EDGE('',*,*,#6679,.F.);
#3030=CARTESIAN_POINT('',(0.0,0.0,3.32393121091964));
#3031=DIRECTION('',(0.0,0.0,-1.0));
#3032=DIRECTION('',(1.0,0.0,0.0));
#3033=ORIENTED_EDGE('',*,*,#6680,.F.);
#3034=ORIENTED_EDGE('',*,*,#6681,.T.);
#3035=ORIENTED_EDGE('',*,*,#6682,.F.);
#3036=ORIENTED_EDGE('',*,*,#6677,.F.);
#3037=CARTESIAN_POINT('',(0.0,0.0,-7.5));
#3038=DIRECTION('',(-0.0,-0.0,1.0));
#3039=DIRECTION('',(1.0,0.0,0.0));
#3040=ORIENTED_EDGE('',*,*,#6683,.F.);
#3041=ORIENTED_EDGE('',*,*,#6684,.T.);
#3042=ORIENTED_EDGE('',*,*,#6685,.T.);
#3043=ORIENTED_EDGE('',*,*,#6686,.F.);
#3044=CARTESIAN_POINT('',(0.0,0.0,-1.9));
#3045=DIRECTION('',(0.0,0.0,1.0));
#3046=DIRECTION('',(-1.0,0.0,0.0));
#3047=ORIENTED_EDGE('',*,*,#6683,.T.);
#3048=ORIENTED_EDGE('',*,*,#6687,.F.);
#3049=ORIENTED_EDGE('',*,*,#6688,.T.);
#3050=ORIENTED_EDGE('',*,*,#6689,.T.);
#3051=CARTESIAN_POINT('',(0.0,0.0,-1.9));
#3052=DIRECTION('',(0.0,0.0,1.0));
#3053=DIRECTION('',(-1.0,0.0,0.0));
#3054=ORIENTED_EDGE('',*,*,#6690,.F.);
#3055=ORIENTED_EDGE('',*,*,#6691,.T.);
#3056=ORIENTED_EDGE('',*,*,#6688,.F.);
#3057=ORIENTED_EDGE('',*,*,#6692,.F.);
#3058=CARTESIAN_POINT('',(0.0,0.0,-1.9));
#3059=DIRECTION('',(0.0,0.0,1.0));
#3060=DIRECTION('',(-1.0,0.0,0.0));
#3061=ORIENTED_EDGE('',*,*,#6690,.T.);
#3062=ORIENTED_EDGE('',*,*,#6693,.F.);
#3063=ORIENTED_EDGE('',*,*,#6694,.T.);
#3064=ORIENTED_EDGE('',*,*,#6695,.T.);
#3065=CARTESIAN_POINT('',(0.0,0.0,-1.9));
#3066=DIRECTION('',(0.0,0.0,1.0));
#3067=DIRECTION('',(-1.0,0.0,0.0));
#3068=ORIENTED_EDGE('',*,*,#6696,.F.);
#3069=ORIENTED_EDGE('',*,*,#6697,.T.);
#3070=ORIENTED_EDGE('',*,*,#6694,.F.);
#3071=ORIENTED_EDGE('',*,*,#6698,.F.);
#3072=CARTESIAN_POINT('',(0.0,0.0,-1.9));
#3073=DIRECTION('',(0.0,0.0,1.0));
#3074=DIRECTION('',(-1.0,0.0,0.0));
#3075=ORIENTED_EDGE('',*,*,#6696,.T.);
#3076=ORIENTED_EDGE('',*,*,#6699,.F.);
#3077=ORIENTED_EDGE('',*,*,#6700,.T.);
#3078=ORIENTED_EDGE('',*,*,#6701,.T.);
#3079=CARTESIAN_POINT('',(0.0,0.0,-1.9));
#3080=DIRECTION('',(0.0,0.0,1.0));
#3081=DIRECTION('',(-1.0,0.0,0.0));
#3082=ORIENTED_EDGE('',*,*,#6702,.F.);
#3083=ORIENTED_EDGE('',*,*,#6703,.T.);
#3084=ORIENTED_EDGE('',*,*,#6700,.F.);
#3085=ORIENTED_EDGE('',*,*,#6704,.F.);
#3086=CARTESIAN_POINT('',(0.0,0.0,-1.9));
#3087=DIRECTION('',(0.0,0.0,1.0));
#3088=DIRECTION('',(-1.0,0.0,0.0));
#3089=ORIENTED_EDGE('',*,*,#6702,.T.);
#3090=ORIENTED_EDGE('',*,*,#6705,.F.);
#3091=ORIENTED_EDGE('',*,*,#6706,.T.);
#3092=ORIENTED_EDGE('',*,*,#6707,.T.);
#3093=CARTESIAN_POINT('',(0.0,0.0,-1.9));
#3094=DIRECTION('',(0.0,0.0,1.0));
#3095=DIRECTION('',(-1.0,0.0,0.0));
#3096=ORIENTED_EDGE('',*,*,#6708,.F.);
#3097=ORIENTED_EDGE('',*,*,#6709,.T.);
#3098=ORIENTED_EDGE('',*,*,#6706,.F.);
#3099=ORIENTED_EDGE('',*,*,#6710,.F.);
#3100=CARTESIAN_POINT('',(0.0,0.0,-1.9));
#3101=DIRECTION('',(0.0,0.0,1.0));
#3102=DIRECTION('',(-1.0,0.0,0.0));
#3103=ORIENTED_EDGE('',*,*,#6708,.T.);
#3104=ORIENTED_EDGE('',*,*,#6711,.F.);
#3105=ORIENTED_EDGE('',*,*,#6712,.T.);
#3106=ORIENTED_EDGE('',*,*,#6713,.T.);
#3107=CARTESIAN_POINT('',(0.0,0.0,-1.9));
#3108=DIRECTION('',(0.0,0.0,1.0));
#3109=DIRECTION('',(-1.0,0.0,0.0));
#3110=ORIENTED_EDGE('',*,*,#6714,.F.);
#3111=ORIENTED_EDGE('',*,*,#6715,.F.);
#3112=ORIENTED_EDGE('',*,*,#6716,.F.);
#3113=ORIENTED_EDGE('',*,*,#6717,.T.);
#3114=ORIENTED_EDGE('',*,*,#6718,.F.);
#3115=ORIENTED_EDGE('',*,*,#6719,.T.);
#3116=ORIENTED_EDGE('',*,*,#6720,.F.);
#3117=ORIENTED_EDGE('',*,*,#6721,.T.);
#3118=CARTESIAN_POINT('',(0.0,0.0,-1.9));
#3119=DIRECTION('',(0.0,0.0,1.0));
#3120=DIRECTION('',(-1.0,0.0,0.0));
#3121=ORIENTED_EDGE('',*,*,#6722,.F.);
#3122=ORIENTED_EDGE('',*,*,#6723,.T.);
#3123=ORIENTED_EDGE('',*,*,#6712,.F.);
#3124=ORIENTED_EDGE('',*,*,#6724,.F.);
#3125=CARTESIAN_POINT('',(0.0,0.0,-1.9));
#3126=DIRECTION('',(0.0,0.0,1.0));
#3127=DIRECTION('',(-1.0,0.0,0.0));
#3128=ORIENTED_EDGE('',*,*,#6725,.F.);
#3129=ORIENTED_EDGE('',*,*,#6726,.F.);
#3130=ORIENTED_EDGE('',*,*,#6727,.F.);
#3131=ORIENTED_EDGE('',*,*,#6728,.T.);
#3132=CARTESIAN_POINT('',(-5.41541087226755,0.5,9.35963554221509));
#3133=DIRECTION('',(0.0,1.0,-1.38777878078145E-17));
#3134=DIRECTION('',(-1.0,0.0,0.0));
#3135=ORIENTED_EDGE('',*,*,#6729,.F.);
#3136=ORIENTED_EDGE('',*,*,#6730,.T.);
#3137=ORIENTED_EDGE('',*,*,#6731,.T.);
#3138=ORIENTED_EDGE('',*,*,#6732,.F.);
#3139=CARTESIAN_POINT('',(-5.6,0.5,9.31871311781489));
#3140=DIRECTION('',(0.0,1.0,-1.38777878078145E-17));
#3141=DIRECTION('',(-1.0,0.0,0.0));
#3142=ORIENTED_EDGE('',*,*,#6733,.F.);
#3143=ORIENTED_EDGE('',*,*,#6734,.T.);
#3144=ORIENTED_EDGE('',*,*,#6735,.T.);
#3145=ORIENTED_EDGE('',*,*,#6736,.F.);
#3146=CARTESIAN_POINT('',(6.06761691790701,5.72725329258399E-17,10.8004170635261));
#3147=DIRECTION('',(0.90630778703665,5.31916480900535E-18,0.4226182617407));
#3148=DIRECTION('',(-0.4226182617407,1.14069857442429E-17,0.90630778703665));
#3149=ORIENTED_EDGE('',*,*,#6733,.T.);
#3150=ORIENTED_EDGE('',*,*,#6737,.F.);
#3151=ORIENTED_EDGE('',*,*,#6738,.F.);
#3152=ORIENTED_EDGE('',*,*,#6739,.T.);
#3153=CARTESIAN_POINT('',(6.06761691790701,5.72725329258399E-17,10.8004170635261));
#3154=DIRECTION('',(0.90630778703665,5.31916480900535E-18,0.4226182617407));
#3155=DIRECTION('',(-0.4226182617407,1.14069857442429E-17,0.90630778703665));
#3156=ORIENTED_EDGE('',*,*,#6729,.T.);
#3157=ORIENTED_EDGE('',*,*,#6740,.F.);
#3158=ORIENTED_EDGE('',*,*,#6741,.F.);
#3159=ORIENTED_EDGE('',*,*,#6742,.T.);
#3160=CARTESIAN_POINT('',(-5.6,0.5,9.31871311781489));
#3161=DIRECTION('',(0.0,1.0,-1.38777878078145E-17));
#3162=DIRECTION('',(-1.0,0.0,0.0));
#3163=ORIENTED_EDGE('',*,*,#6725,.T.);
#3164=ORIENTED_EDGE('',*,*,#6743,.T.);
#3165=ORIENTED_EDGE('',*,*,#6744,.T.);
#3166=ORIENTED_EDGE('',*,*,#6745,.F.);
#3167=CARTESIAN_POINT('',(-5.41541087226755,0.5,9.35963554221509));
#3168=DIRECTION('',(0.0,1.0,-1.38777878078145E-17));
#3169=DIRECTION('',(-1.0,0.0,0.0));
#3170=ORIENTED_EDGE('',*,*,#6722,.T.);
#3171=ORIENTED_EDGE('',*,*,#6746,.F.);
#3172=ORIENTED_EDGE('',*,*,#6714,.T.);
#3173=ORIENTED_EDGE('',*,*,#6747,.T.);
#3174=CARTESIAN_POINT('',(0.0,0.0,-1.9));
#3175=DIRECTION('',(0.0,0.0,1.0));
#3176=DIRECTION('',(-1.0,0.0,0.0));
#3177=ORIENTED_EDGE('',*,*,#6680,.T.);
#3178=ORIENTED_EDGE('',*,*,#6748,.F.);
#3179=ORIENTED_EDGE('',*,*,#6682,.T.);
#3180=ORIENTED_EDGE('',*,*,#6749,.T.);
#3181=CARTESIAN_POINT('',(0.0,0.0,-7.5));
#3182=DIRECTION('',(-0.0,-0.0,1.0));
#3183=DIRECTION('',(1.0,0.0,0.0));
#3184=ORIENTED_EDGE('',*,*,#6676,.T.);
#3185=ORIENTED_EDGE('',*,*,#6750,.F.);
#3186=ORIENTED_EDGE('',*,*,#6678,.T.);
#3187=ORIENTED_EDGE('',*,*,#6748,.T.);
#3188=CARTESIAN_POINT('',(0.0,0.0,3.32393121091964));
#3189=DIRECTION('',(0.0,0.0,-1.0));
#3190=DIRECTION('',(1.0,0.0,0.0));
#3191=ORIENTED_EDGE('',*,*,#6671,.T.);
#3192=ORIENTED_EDGE('',*,*,#6751,.F.);
#3193=ORIENTED_EDGE('',*,*,#6674,.T.);
#3194=ORIENTED_EDGE('',*,*,#6752,.T.);
#3195=ORIENTED_EDGE('',*,*,#6753,.F.);
#3196=ORIENTED_EDGE('',*,*,#6754,.F.);
#3197=CARTESIAN_POINT('',(-4.83162410914098E-16,6.83021465437245E-15,13.7542984189723));
#3198=DIRECTION('',(-1.19993072676424E-16,-6.92780328106235E-17,-1.0));
#3199=DIRECTION('',(-0.5,0.866025403784438,8.21730109605221E-33));
#3200=ORIENTED_EDGE('',*,*,#6755,.T.);
#3201=ORIENTED_EDGE('',*,*,#6756,.T.);
#3202=ORIENTED_EDGE('',*,*,#6757,.F.);
#3203=ORIENTED_EDGE('',*,*,#6758,.T.);
#3204=ORIENTED_EDGE('',*,*,#6759,.F.);
#3205=ORIENTED_EDGE('',*,*,#6760,.T.);
#3206=ORIENTED_EDGE('',*,*,#6761,.T.);
#3207=ORIENTED_EDGE('',*,*,#6762,.T.);
#3208=ORIENTED_EDGE('',*,*,#6763,.T.);
#3209=ORIENTED_EDGE('',*,*,#6764,.T.);
#3210=ORIENTED_EDGE('',*,*,#6765,.T.);
#3211=ORIENTED_EDGE('',*,*,#6766,.T.);
#3212=CARTESIAN_POINT('',(4.75,4.85,6.25));
#3213=DIRECTION('',(7.2858994099385E-33,1.0,-1.68973329876198E-17));
#3214=DIRECTION('',(1.0,0.0,4.31186354395493E-16));
#3215=ORIENTED_EDGE('',*,*,#6767,.F.);
#3216=ORIENTED_EDGE('',*,*,#6768,.T.);
#3217=ORIENTED_EDGE('',*,*,#6755,.F.);
#3218=ORIENTED_EDGE('',*,*,#6769,.F.);
#3219=ORIENTED_EDGE('',*,*,#6770,.F.);
#3220=CARTESIAN_POINT('',(3.75,3.85,6.25));
#3221=DIRECTION('',(-7.32805005375543E-33,1.689733298762E-17,1.0));
#3222=DIRECTION('',(-1.0,-4.33680868994202E-16,0.0));
#3223=ORIENTED_EDGE('',*,*,#6771,.F.);
#3224=ORIENTED_EDGE('',*,*,#6772,.F.);
#3225=ORIENTED_EDGE('',*,*,#6773,.F.);
#3226=ORIENTED_EDGE('',*,*,#6774,.F.);
#3227=ORIENTED_EDGE('',*,*,#6775,.T.);
#3228=ORIENTED_EDGE('',*,*,#6776,.T.);
#3229=ORIENTED_EDGE('',*,*,#6777,.T.);
#3230=ORIENTED_EDGE('',*,*,#6778,.F.);
#3231=ORIENTED_EDGE('',*,*,#6779,.T.);
#3232=ORIENTED_EDGE('',*,*,#6780,.F.);
#3233=ORIENTED_EDGE('',*,*,#6781,.T.);
#3234=ORIENTED_EDGE('',*,*,#6767,.T.);
#3235=ORIENTED_EDGE('',*,*,#6782,.T.);
#3236=ORIENTED_EDGE('',*,*,#6783,.T.);
#3237=ORIENTED_EDGE('',*,*,#6784,.F.);
#3238=ORIENTED_EDGE('',*,*,#6785,.T.);
#3239=ORIENTED_EDGE('',*,*,#6786,.F.);
#3240=ORIENTED_EDGE('',*,*,#6787,.T.);
#3241=ORIENTED_EDGE('',*,*,#6788,.T.);
#3242=ORIENTED_EDGE('',*,*,#6789,.F.);
#3243=ORIENTED_EDGE('',*,*,#6790,.T.);
#3244=ORIENTED_EDGE('',*,*,#6791,.F.);
#3245=ORIENTED_EDGE('',*,*,#6792,.T.);
#3246=CARTESIAN_POINT('',(4.75,4.85,6.25));
#3247=DIRECTION('',(1.0,-4.76884088057827E-33,-1.7347234759768E-17));
#3248=DIRECTION('',(0.0,1.0,-2.74904960163348E-16));
#3249=ORIENTED_EDGE('',*,*,#6765,.F.);
#3250=ORIENTED_EDGE('',*,*,#6793,.T.);
#3251=ORIENTED_EDGE('',*,*,#6794,.F.);
#3252=ORIENTED_EDGE('',*,*,#6795,.F.);
#3253=ORIENTED_EDGE('',*,*,#6796,.F.);
#3254=CARTESIAN_POINT('',(-3.75,3.85,6.25));
#3255=DIRECTION('',(-7.32805005375543E-33,1.689733298762E-17,1.0));
#3256=DIRECTION('',(-1.0,-4.33680868994202E-16,0.0));
#3257=ORIENTED_EDGE('',*,*,#6794,.T.);
#3258=ORIENTED_EDGE('',*,*,#6797,.T.);
#3259=ORIENTED_EDGE('',*,*,#6798,.T.);
#3260=ORIENTED_EDGE('',*,*,#6799,.T.);
#3261=ORIENTED_EDGE('',*,*,#6800,.F.);
#3262=ORIENTED_EDGE('',*,*,#6801,.T.);
#3263=ORIENTED_EDGE('',*,*,#6802,.F.);
#3264=ORIENTED_EDGE('',*,*,#6803,.T.);
#3265=ORIENTED_EDGE('',*,*,#6804,.T.);
#3266=ORIENTED_EDGE('',*,*,#6805,.F.);
#3267=ORIENTED_EDGE('',*,*,#6806,.T.);
#3268=ORIENTED_EDGE('',*,*,#6807,.F.);
#3269=ORIENTED_EDGE('',*,*,#6808,.F.);
#3270=ORIENTED_EDGE('',*,*,#6809,.F.);
#3271=ORIENTED_EDGE('',*,*,#6810,.T.);
#3272=ORIENTED_EDGE('',*,*,#6811,.T.);
#3273=ORIENTED_EDGE('',*,*,#6812,.T.);
#3274=ORIENTED_EDGE('',*,*,#6813,.T.);
#3275=ORIENTED_EDGE('',*,*,#6814,.F.);
#3276=ORIENTED_EDGE('',*,*,#6815,.T.);
#3277=ORIENTED_EDGE('',*,*,#6816,.F.);
#3278=ORIENTED_EDGE('',*,*,#6817,.T.);
#3279=ORIENTED_EDGE('',*,*,#6818,.F.);
#3280=CARTESIAN_POINT('',(-4.75,4.85,6.25));
#3281=DIRECTION('',(-1.0,-2.74904960163348E-16,1.7347234759768E-17));
#3282=DIRECTION('',(-2.74904960163348E-16,1.0,0.0));
#3283=ORIENTED_EDGE('',*,*,#6819,.T.);
#3284=ORIENTED_EDGE('',*,*,#6820,.T.);
#3285=ORIENTED_EDGE('',*,*,#6670,.T.);
#3286=ORIENTED_EDGE('',*,*,#6821,.T.);
#3287=ORIENTED_EDGE('',*,*,#6822,.T.);
#3288=ORIENTED_EDGE('',*,*,#6823,.T.);
#3289=ORIENTED_EDGE('',*,*,#6824,.T.);
#3290=ORIENTED_EDGE('',*,*,#6825,.T.);
#3291=ORIENTED_EDGE('',*,*,#6826,.T.);
#3292=ORIENTED_EDGE('',*,*,#6827,.T.);
#3293=ORIENTED_EDGE('',*,*,#6828,.T.);
#3294=CARTESIAN_POINT('',(-1.6,-7.65,2.04314165294232));
#3295=DIRECTION('',(1.78778211982722E-30,1.0,-3.17531378670946E-15));
#3296=DIRECTION('',(1.0,0.0,5.6302533856973E-16));
#3297=ORIENTED_EDGE('',*,*,#6829,.F.);
#3298=ORIENTED_EDGE('',*,*,#6830,.F.);
#3299=ORIENTED_EDGE('',*,*,#6831,.F.);
#3300=ORIENTED_EDGE('',*,*,#6832,.F.);
#3301=ORIENTED_EDGE('',*,*,#6833,.F.);
#3302=ORIENTED_EDGE('',*,*,#6834,.F.);
#3303=ORIENTED_EDGE('',*,*,#6835,.F.);
#3304=ORIENTED_EDGE('',*,*,#6836,.F.);
#3305=ORIENTED_EDGE('',*,*,#6837,.F.);
#3306=ORIENTED_EDGE('',*,*,#6838,.F.);
#3307=ORIENTED_EDGE('',*,*,#6668,.F.);
#3308=CARTESIAN_POINT('',(-1.6,-7.35,2.04314165294232));
#3309=DIRECTION('',(1.78778211982722E-30,1.0,-3.17531378670946E-15));
#3310=DIRECTION('',(1.0,0.0,5.6302533856973E-16));
#3311=ORIENTED_EDGE('',*,*,#6831,.T.);
#3312=ORIENTED_EDGE('',*,*,#6839,.T.);
#3313=ORIENTED_EDGE('',*,*,#6828,.F.);
#3314=ORIENTED_EDGE('',*,*,#6840,.F.);
#3315=CARTESIAN_POINT('',(-2.05,-7.35,6.64314165294232));
#3316=DIRECTION('',(1.0,1.79623308292988E-31,3.21694831267255E-16));
#3317=DIRECTION('',(0.0,1.0,-5.5836554036444E-16));
#3318=ORIENTED_EDGE('',*,*,#6822,.F.);
#3319=ORIENTED_EDGE('',*,*,#6841,.F.);
#3320=ORIENTED_EDGE('',*,*,#6837,.T.);
#3321=ORIENTED_EDGE('',*,*,#6842,.T.);
#3322=CARTESIAN_POINT('',(-2.95,-7.35,6.64314165294232));
#3323=DIRECTION('',(-1.0,-5.5836554036444E-16,-3.0964814046186E-16));
#3324=DIRECTION('',(-5.5836554036444E-16,1.0,0.0));
#3325=ORIENTED_EDGE('',*,*,#6823,.F.);
#3326=ORIENTED_EDGE('',*,*,#6842,.F.);
#3327=ORIENTED_EDGE('',*,*,#6836,.T.);
#3328=ORIENTED_EDGE('',*,*,#6843,.T.);
#3329=CARTESIAN_POINT('',(-2.95,-7.35,6.64314165294232));
#3330=DIRECTION('',(-5.83878885156162E-31,3.17531378670946E-15,1.0));
#3331=DIRECTION('',(1.0,1.83880688453543E-16,0.0));
#3332=ORIENTED_EDGE('',*,*,#6827,.F.);
#3333=ORIENTED_EDGE('',*,*,#6844,.F.);
#3334=ORIENTED_EDGE('',*,*,#6832,.T.);
#3335=ORIENTED_EDGE('',*,*,#6840,.T.);
#3336=CARTESIAN_POINT('',(-1.6,-7.35,6.64314165294232));
#3337=DIRECTION('',(-5.83878885156162E-31,3.17531378670946E-15,1.0));
#3338=DIRECTION('',(1.0,1.83880688453543E-16,0.0));
#3339=ORIENTED_EDGE('',*,*,#6845,.F.);
#3340=ORIENTED_EDGE('',*,*,#6846,.F.);
#3341=ORIENTED_EDGE('',*,*,#6847,.T.);
#3342=ORIENTED_EDGE('',*,*,#6848,.F.);
#3343=CARTESIAN_POINT('',(-1.6,-4.35,5.15));
#3344=DIRECTION('',(6.64401226277727E-32,-3.30173474768428E-16,1.0));
#3345=DIRECTION('',(1.0,2.01227923213309E-16,0.0));
#3346=ORIENTED_EDGE('',*,*,#6849,.F.);
#3347=ORIENTED_EDGE('',*,*,#6848,.T.);
#3348=ORIENTED_EDGE('',*,*,#6850,.F.);
#3349=ORIENTED_EDGE('',*,*,#6833,.T.);
#3350=ORIENTED_EDGE('',*,*,#6844,.T.);
#3351=ORIENTED_EDGE('',*,*,#6826,.F.);
#3352=ORIENTED_EDGE('',*,*,#6851,.T.);
#3353=ORIENTED_EDGE('',*,*,#6852,.F.);
#3354=CARTESIAN_POINT('',(-1.6,-8.95,5.15));
#3355=DIRECTION('',(1.0,7.31915109317683E-32,1.83880688453542E-16));
#3356=DIRECTION('',(0.0,1.0,-3.98038051452371E-16));
#3357=ORIENTED_EDGE('',*,*,#6853,.T.);
#3358=ORIENTED_EDGE('',*,*,#6854,.T.);
#3359=ORIENTED_EDGE('',*,*,#6852,.T.);
#3360=ORIENTED_EDGE('',*,*,#6855,.F.);
#3361=CARTESIAN_POINT('',(-1.6,-4.35,4.85));
#3362=DIRECTION('',(6.64401226277727E-32,-3.30173474768428E-16,1.0));
#3363=DIRECTION('',(1.0,2.01227923213309E-16,0.0));
#3364=ORIENTED_EDGE('',*,*,#6856,.F.);
#3365=ORIENTED_EDGE('',*,*,#6853,.F.);
#3366=ORIENTED_EDGE('',*,*,#6857,.T.);
#3367=ORIENTED_EDGE('',*,*,#6824,.F.);
#3368=ORIENTED_EDGE('',*,*,#6843,.F.);
#3369=ORIENTED_EDGE('',*,*,#6835,.T.);
#3370=ORIENTED_EDGE('',*,*,#6858,.F.);
#3371=ORIENTED_EDGE('',*,*,#6846,.T.);
#3372=CARTESIAN_POINT('',(-3.4,-8.95,5.15));
#3373=DIRECTION('',(-1.0,-5.63025338569731E-16,-1.83880688453542E-16));
#3374=DIRECTION('',(-5.63025338569731E-16,1.0,0.0));
#3375=ORIENTED_EDGE('',*,*,#6850,.T.);
#3376=ORIENTED_EDGE('',*,*,#6847,.F.);
#3377=ORIENTED_EDGE('',*,*,#6858,.T.);
#3378=ORIENTED_EDGE('',*,*,#6834,.T.);
#3379=CARTESIAN_POINT('',(-4.45694882988932,-7.05,5.45));
#3380=DIRECTION('',(-1.0,-0.0,-1.83880688453542E-16));
#3381=DIRECTION('',(0.0,-1.0,0.0));
#3382=ORIENTED_EDGE('',*,*,#6851,.F.);
#3383=ORIENTED_EDGE('',*,*,#6825,.F.);
#3384=ORIENTED_EDGE('',*,*,#6857,.F.);
#3385=ORIENTED_EDGE('',*,*,#6855,.T.);
#3386=CARTESIAN_POINT('',(-4.45694882988932,-7.05,5.45));
#3387=DIRECTION('',(-1.0,-0.0,-1.83880688453542E-16));
#3388=DIRECTION('',(0.0,-1.0,0.0));
#3389=ORIENTED_EDGE('',*,*,#6669,.F.);
#3390=ORIENTED_EDGE('',*,*,#6838,.T.);
#3391=ORIENTED_EDGE('',*,*,#6841,.T.);
#3392=ORIENTED_EDGE('',*,*,#6821,.F.);
#3393=CARTESIAN_POINT('',(-6.66213203435596,-7.35,7.10527368729827));
#3394=DIRECTION('',(0.707106781186549,-1.8504618510048E-15,-0.707106781186546));
#3395=DIRECTION('',(0.0,-1.0,2.61694824634501E-15));
#3396=ORIENTED_EDGE('',*,*,#6667,.T.);
#3397=ORIENTED_EDGE('',*,*,#6820,.F.);
#3398=ORIENTED_EDGE('',*,*,#6859,.F.);
#3399=ORIENTED_EDGE('',*,*,#6829,.T.);
#3400=CARTESIAN_POINT('',(-2.5,-7.35,10.8431416529423));
#3401=DIRECTION('',(5.6302533856973E-16,-1.0,2.89120579329468E-15));
#3402=DIRECTION('',(0.0,-2.89120579329468E-15,-1.0));
#3403=ORIENTED_EDGE('',*,*,#6830,.T.);
#3404=ORIENTED_EDGE('',*,*,#6859,.T.);
#3405=ORIENTED_EDGE('',*,*,#6819,.F.);
#3406=ORIENTED_EDGE('',*,*,#6839,.F.);
#3407=CARTESIAN_POINT('',(2.56213203435597,-7.35,6.20527368729834));
#3408=DIRECTION('',(-0.707106781186544,-2.64010997094998E-15,-0.707106781186551));
#3409=DIRECTION('',(-0.707106781186551,0.0,0.707106781186544));
#3410=ORIENTED_EDGE('',*,*,#6860,.T.);
#3411=ORIENTED_EDGE('',*,*,#6861,.T.);
#3412=ORIENTED_EDGE('',*,*,#6666,.T.);
#3413=ORIENTED_EDGE('',*,*,#6862,.T.);
#3414=ORIENTED_EDGE('',*,*,#6863,.T.);
#3415=ORIENTED_EDGE('',*,*,#6864,.T.);
#3416=ORIENTED_EDGE('',*,*,#6865,.T.);
#3417=ORIENTED_EDGE('',*,*,#6866,.T.);
#3418=ORIENTED_EDGE('',*,*,#6867,.T.);
#3419=ORIENTED_EDGE('',*,*,#6868,.T.);
#3420=ORIENTED_EDGE('',*,*,#6869,.T.);
#3421=CARTESIAN_POINT('',(3.4,-7.65,2.04314165294232));
#3422=DIRECTION('',(1.72719091476385E-30,1.0,-3.17531378670946E-15));
#3423=DIRECTION('',(1.0,0.0,5.43943380333986E-16));
#3424=ORIENTED_EDGE('',*,*,#6870,.F.);
#3425=ORIENTED_EDGE('',*,*,#6871,.F.);
#3426=ORIENTED_EDGE('',*,*,#6872,.F.);
#3427=ORIENTED_EDGE('',*,*,#6873,.F.);
#3428=ORIENTED_EDGE('',*,*,#6874,.F.);
#3429=ORIENTED_EDGE('',*,*,#6875,.F.);
#3430=ORIENTED_EDGE('',*,*,#6876,.F.);
#3431=ORIENTED_EDGE('',*,*,#6877,.F.);
#3432=ORIENTED_EDGE('',*,*,#6878,.F.);
#3433=ORIENTED_EDGE('',*,*,#6879,.F.);
#3434=ORIENTED_EDGE('',*,*,#6664,.F.);
#3435=CARTESIAN_POINT('',(3.4,-7.35,2.04314165294232));
#3436=DIRECTION('',(1.72719091476385E-30,1.0,-3.17531378670946E-15));
#3437=DIRECTION('',(1.0,0.0,5.43943380333986E-16));
#3438=ORIENTED_EDGE('',*,*,#6872,.T.);
#3439=ORIENTED_EDGE('',*,*,#6880,.T.);
#3440=ORIENTED_EDGE('',*,*,#6869,.F.);
#3441=ORIENTED_EDGE('',*,*,#6881,.F.);
#3442=CARTESIAN_POINT('',(2.95,-7.35,6.64314165294232));
#3443=DIRECTION('',(1.0,1.19225283330696E-31,2.210808696606E-16));
#3444=DIRECTION('',(0.0,1.0,-5.39283582128695E-16));
#3445=ORIENTED_EDGE('',*,*,#6863,.F.);
#3446=ORIENTED_EDGE('',*,*,#6882,.F.);
#3447=ORIENTED_EDGE('',*,*,#6878,.T.);
#3448=ORIENTED_EDGE('',*,*,#6883,.T.);
#3449=CARTESIAN_POINT('',(2.05,-7.35,6.64314165294232));
#3450=DIRECTION('',(-1.0,-5.39283582128695E-16,-2.09034178855205E-16));
#3451=DIRECTION('',(-5.39283582128695E-16,1.0,0.0));
#3452=ORIENTED_EDGE('',*,*,#6864,.F.);
#3453=ORIENTED_EDGE('',*,*,#6883,.F.);
#3454=ORIENTED_EDGE('',*,*,#6877,.T.);
#3455=ORIENTED_EDGE('',*,*,#6884,.T.);
#3456=CARTESIAN_POINT('',(2.05,-7.35,6.64314165294232));
#3457=DIRECTION('',(-2.64397985731095E-31,3.17531378670946E-15,1.0));
#3458=DIRECTION('',(1.0,8.32667268468885E-17,0.0));
#3459=ORIENTED_EDGE('',*,*,#6868,.F.);
#3460=ORIENTED_EDGE('',*,*,#6885,.F.);
#3461=ORIENTED_EDGE('',*,*,#6873,.T.);
#3462=ORIENTED_EDGE('',*,*,#6881,.T.);
#3463=CARTESIAN_POINT('',(3.4,-7.35,6.64314165294232));
#3464=DIRECTION('',(-2.64397985731095E-31,3.17531378670946E-15,1.0));
#3465=DIRECTION('',(1.0,8.32667268468885E-17,0.0));
#3466=ORIENTED_EDGE('',*,*,#6886,.F.);
#3467=ORIENTED_EDGE('',*,*,#6887,.F.);
#3468=ORIENTED_EDGE('',*,*,#6888,.T.);
#3469=ORIENTED_EDGE('',*,*,#6889,.F.);
#3470=CARTESIAN_POINT('',(3.4,-4.35,5.15));
#3471=DIRECTION('',(3.32200613138863E-32,-3.30173474768428E-16,1.0));
#3472=DIRECTION('',(1.0,1.00613961606655E-16,0.0));
#3473=ORIENTED_EDGE('',*,*,#6890,.F.);
#3474=ORIENTED_EDGE('',*,*,#6889,.T.);
#3475=ORIENTED_EDGE('',*,*,#6891,.F.);
#3476=ORIENTED_EDGE('',*,*,#6874,.T.);
#3477=ORIENTED_EDGE('',*,*,#6885,.T.);
#3478=ORIENTED_EDGE('',*,*,#6867,.F.);
#3479=ORIENTED_EDGE('',*,*,#6892,.T.);
#3480=ORIENTED_EDGE('',*,*,#6893,.F.);
#3481=CARTESIAN_POINT('',(3.4,-8.95,5.15));
#3482=DIRECTION('',(1.0,3.15544335008322E-32,8.32667268468868E-17));
#3483=DIRECTION('',(0.0,1.0,-3.78956093216626E-16));
#3484=ORIENTED_EDGE('',*,*,#6894,.T.);
#3485=ORIENTED_EDGE('',*,*,#6895,.T.);
#3486=ORIENTED_EDGE('',*,*,#6893,.T.);
#3487=ORIENTED_EDGE('',*,*,#6896,.F.);
#3488=CARTESIAN_POINT('',(3.4,-4.35,4.85));
#3489=DIRECTION('',(3.32200613138863E-32,-3.30173474768428E-16,1.0));
#3490=DIRECTION('',(1.0,1.00613961606655E-16,0.0));
#3491=ORIENTED_EDGE('',*,*,#6897,.F.);
#3492=ORIENTED_EDGE('',*,*,#6894,.F.);
#3493=ORIENTED_EDGE('',*,*,#6898,.T.);
#3494=ORIENTED_EDGE('',*,*,#6865,.F.);
#3495=ORIENTED_EDGE('',*,*,#6884,.F.);
#3496=ORIENTED_EDGE('',*,*,#6876,.T.);
#3497=ORIENTED_EDGE('',*,*,#6899,.F.);
#3498=ORIENTED_EDGE('',*,*,#6887,.T.);
#3499=CARTESIAN_POINT('',(1.6,-8.95,5.15));
#3500=DIRECTION('',(-1.0,-5.43943380333986E-16,-8.32667268468868E-17));
#3501=DIRECTION('',(-5.43943380333986E-16,1.0,0.0));
#3502=ORIENTED_EDGE('',*,*,#6891,.T.);
#3503=ORIENTED_EDGE('',*,*,#6888,.F.);
#3504=ORIENTED_EDGE('',*,*,#6899,.T.);
#3505=ORIENTED_EDGE('',*,*,#6875,.T.);
#3506=CARTESIAN_POINT('',(0.543051170110688,-7.05,5.45));
#3507=DIRECTION('',(-1.0,-7.2280144832367E-16,-8.32667268468868E-17));
#3508=DIRECTION('',(7.2280144832367E-16,-1.0,6.84227765783603E-48));
#3509=ORIENTED_EDGE('',*,*,#6892,.F.);
#3510=ORIENTED_EDGE('',*,*,#6866,.F.);
#3511=ORIENTED_EDGE('',*,*,#6898,.F.);
#3512=ORIENTED_EDGE('',*,*,#6896,.T.);
#3513=CARTESIAN_POINT('',(0.543051170110688,-7.05,5.45));
#3514=DIRECTION('',(-1.0,-5.42101086242752E-16,-8.32667268468868E-17));
#3515=DIRECTION('',(5.42101086242752E-16,-1.0,0.0));
#3516=ORIENTED_EDGE('',*,*,#6665,.F.);
#3517=ORIENTED_EDGE('',*,*,#6879,.T.);
#3518=ORIENTED_EDGE('',*,*,#6882,.T.);
#3519=ORIENTED_EDGE('',*,*,#6862,.F.);
#3520=CARTESIAN_POINT('',(-1.66213203435596,-7.35,7.10527368729827));
#3521=DIRECTION('',(0.707106781186549,-1.86395483307161E-15,-0.707106781186546));
#3522=DIRECTION('',(0.0,-1.0,2.63603020458076E-15));
#3523=ORIENTED_EDGE('',*,*,#6663,.T.);
#3524=ORIENTED_EDGE('',*,*,#6861,.F.);
#3525=ORIENTED_EDGE('',*,*,#6900,.F.);
#3526=ORIENTED_EDGE('',*,*,#6870,.T.);
#3527=CARTESIAN_POINT('',(2.5,-7.35,10.8431416529423));
#3528=DIRECTION('',(5.43943380333986E-16,-1.0,2.89120579329468E-15));
#3529=DIRECTION('',(0.0,-2.89120579329468E-15,-1.0));
#3530=ORIENTED_EDGE('',*,*,#6871,.T.);
#3531=ORIENTED_EDGE('',*,*,#6900,.T.);
#3532=ORIENTED_EDGE('',*,*,#6860,.F.);
#3533=ORIENTED_EDGE('',*,*,#6880,.F.);
#3534=CARTESIAN_POINT('',(7.56213203435597,-7.35,6.20527368729834));
#3535=DIRECTION('',(-0.707106781186544,-2.62661698888317E-15,-0.707106781186551));
#3536=DIRECTION('',(-0.707106781186551,0.0,0.707106781186544));
#3537=ORIENTED_EDGE('',*,*,#6901,.T.);
#3538=ORIENTED_EDGE('',*,*,#6902,.T.);
#3539=ORIENTED_EDGE('',*,*,#6662,.T.);
#3540=ORIENTED_EDGE('',*,*,#6903,.T.);
#3541=ORIENTED_EDGE('',*,*,#6904,.T.);
#3542=ORIENTED_EDGE('',*,*,#6905,.T.);
#3543=ORIENTED_EDGE('',*,*,#6906,.T.);
#3544=ORIENTED_EDGE('',*,*,#6907,.T.);
#3545=ORIENTED_EDGE('',*,*,#6908,.T.);
#3546=ORIENTED_EDGE('',*,*,#6909,.T.);
#3547=ORIENTED_EDGE('',*,*,#6910,.T.);
#3548=CARTESIAN_POINT('',(3.4,-10.15,6.64314165294233));
#3549=DIRECTION('',(1.71468266099912E-30,1.0,-3.17531378670946E-15));
#3550=DIRECTION('',(1.0,0.0,5.40004162163775E-16));
#3551=ORIENTED_EDGE('',*,*,#6911,.F.);
#3552=ORIENTED_EDGE('',*,*,#6912,.F.);
#3553=ORIENTED_EDGE('',*,*,#6913,.F.);
#3554=ORIENTED_EDGE('',*,*,#6914,.F.);
#3555=ORIENTED_EDGE('',*,*,#6915,.F.);
#3556=ORIENTED_EDGE('',*,*,#6916,.F.);
#3557=ORIENTED_EDGE('',*,*,#6917,.F.);
#3558=ORIENTED_EDGE('',*,*,#6918,.F.);
#3559=ORIENTED_EDGE('',*,*,#6919,.F.);
#3560=ORIENTED_EDGE('',*,*,#6920,.F.);
#3561=ORIENTED_EDGE('',*,*,#6660,.F.);
#3562=CARTESIAN_POINT('',(3.4,-9.85,6.64314165294233));
#3563=DIRECTION('',(1.71468266099912E-30,1.0,-3.17531378670946E-15));
#3564=DIRECTION('',(1.0,0.0,5.40004162163775E-16));
#3565=ORIENTED_EDGE('',*,*,#6913,.T.);
#3566=ORIENTED_EDGE('',*,*,#6921,.T.);
#3567=ORIENTED_EDGE('',*,*,#6910,.F.);
#3568=ORIENTED_EDGE('',*,*,#6922,.F.);
#3569=CARTESIAN_POINT('',(2.95,-9.85,6.64314165294233));
#3570=DIRECTION('',(1.0,1.162217806196E-31,2.17611422708647E-16));
#3571=DIRECTION('',(0.0,1.0,-5.34079411700765E-16));
#3572=ORIENTED_EDGE('',*,*,#6904,.F.);
#3573=ORIENTED_EDGE('',*,*,#6923,.F.);
#3574=ORIENTED_EDGE('',*,*,#6919,.T.);
#3575=ORIENTED_EDGE('',*,*,#6924,.T.);
#3576=CARTESIAN_POINT('',(2.05,-9.85,6.64314165294233));
#3577=DIRECTION('',(-1.0,-5.34079411700765E-16,-2.17611422708646E-16));
#3578=DIRECTION('',(-5.34079411700765E-16,1.0,0.0));
#3579=ORIENTED_EDGE('',*,*,#6905,.F.);
#3580=ORIENTED_EDGE('',*,*,#6924,.F.);
#3581=ORIENTED_EDGE('',*,*,#6918,.T.);
#3582=ORIENTED_EDGE('',*,*,#6925,.T.);
#3583=CARTESIAN_POINT('',(2.05,-9.85,6.64314165294233));
#3584=DIRECTION('',(-4.29646726813026E-31,3.17531378670946E-15,1.0));
#3585=DIRECTION('',(1.0,1.35308431126193E-16,0.0));
#3586=ORIENTED_EDGE('',*,*,#6909,.F.);
#3587=ORIENTED_EDGE('',*,*,#6926,.F.);
#3588=ORIENTED_EDGE('',*,*,#6914,.T.);
#3589=ORIENTED_EDGE('',*,*,#6922,.T.);
#3590=CARTESIAN_POINT('',(3.4,-9.85,6.64314165294233));
#3591=DIRECTION('',(-4.29646726813026E-31,3.17531378670946E-15,1.0));
#3592=DIRECTION('',(1.0,1.35308431126193E-16,0.0));
#3593=ORIENTED_EDGE('',*,*,#6927,.F.);
#3594=ORIENTED_EDGE('',*,*,#6928,.F.);
#3595=ORIENTED_EDGE('',*,*,#6929,.T.);
#3596=ORIENTED_EDGE('',*,*,#6930,.F.);
#3597=CARTESIAN_POINT('',(3.4,-13.95,2.65));
#3598=DIRECTION('',(3.32169001326406E-32,-3.41932843565174E-16,1.0));
#3599=DIRECTION('',(1.0,9.71445146547011E-17,0.0));
#3600=ORIENTED_EDGE('',*,*,#6931,.F.);
#3601=ORIENTED_EDGE('',*,*,#6930,.T.);
#3602=ORIENTED_EDGE('',*,*,#6932,.F.);
#3603=ORIENTED_EDGE('',*,*,#6915,.T.);
#3604=ORIENTED_EDGE('',*,*,#6926,.T.);
#3605=ORIENTED_EDGE('',*,*,#6908,.F.);
#3606=ORIENTED_EDGE('',*,*,#6933,.T.);
#3607=ORIENTED_EDGE('',*,*,#6934,.F.);
#3608=CARTESIAN_POINT('',(3.4,-13.95,2.65));
#3609=DIRECTION('',(1.0,7.00108306718558E-32,1.35308431126191E-16));
#3610=DIRECTION('',(0.0,1.0,-5.1741661690366E-16));
#3611=ORIENTED_EDGE('',*,*,#6935,.T.);
#3612=ORIENTED_EDGE('',*,*,#6936,.T.);
#3613=ORIENTED_EDGE('',*,*,#6934,.T.);
#3614=ORIENTED_EDGE('',*,*,#6937,.F.);
#3615=CARTESIAN_POINT('',(3.4,-13.95,2.35000000000003));
#3616=DIRECTION('',(3.32169001326406E-32,-3.41932843565174E-16,1.0));
#3617=DIRECTION('',(1.0,9.71445146547011E-17,0.0));
#3618=ORIENTED_EDGE('',*,*,#6938,.F.);
#3619=ORIENTED_EDGE('',*,*,#6935,.F.);
#3620=ORIENTED_EDGE('',*,*,#6939,.T.);
#3621=ORIENTED_EDGE('',*,*,#6906,.F.);
#3622=ORIENTED_EDGE('',*,*,#6925,.F.);
#3623=ORIENTED_EDGE('',*,*,#6917,.T.);
#3624=ORIENTED_EDGE('',*,*,#6940,.F.);
#3625=ORIENTED_EDGE('',*,*,#6928,.T.);
#3626=CARTESIAN_POINT('',(1.6,-13.95,2.65));
#3627=DIRECTION('',(-1.0,-5.96473025314062E-16,-1.35308431126191E-16));
#3628=DIRECTION('',(-5.96473025314062E-16,1.0,0.0));
#3629=ORIENTED_EDGE('',*,*,#6932,.T.);
#3630=ORIENTED_EDGE('',*,*,#6929,.F.);
#3631=ORIENTED_EDGE('',*,*,#6940,.T.);
#3632=ORIENTED_EDGE('',*,*,#6916,.T.);
#3633=CARTESIAN_POINT('',(0.54305117011069,-9.55,2.95000000000004));
#3634=DIRECTION('',(-1.0,-3.61400724161835E-16,-1.35308431126191E-16));
#3635=DIRECTION('',(3.61400724161835E-16,-1.0,5.55935059699177E-48));
#3636=ORIENTED_EDGE('',*,*,#6933,.F.);
#3637=ORIENTED_EDGE('',*,*,#6907,.F.);
#3638=ORIENTED_EDGE('',*,*,#6939,.F.);
#3639=ORIENTED_EDGE('',*,*,#6937,.T.);
#3640=CARTESIAN_POINT('',(0.54305117011069,-9.55,2.95000000000004));
#3641=DIRECTION('',(-1.0,-5.42101086242752E-16,-1.35308431126191E-16));
#3642=DIRECTION('',(5.42101086242752E-16,-1.0,0.0));
#3643=ORIENTED_EDGE('',*,*,#6661,.F.);
#3644=ORIENTED_EDGE('',*,*,#6920,.T.);
#3645=ORIENTED_EDGE('',*,*,#6923,.T.);
#3646=ORIENTED_EDGE('',*,*,#6903,.F.);
#3647=CARTESIAN_POINT('',(0.637867965644037,-9.85,9.40527368729829));
#3648=DIRECTION('',(0.707106781186549,-1.86763473727165E-15,-0.707106781186546));
#3649=DIRECTION('',(0.0,-1.0,2.64123437500869E-15));
#3650=ORIENTED_EDGE('',*,*,#6659,.T.);
#3651=ORIENTED_EDGE('',*,*,#6902,.F.);
#3652=ORIENTED_EDGE('',*,*,#6941,.F.);
#3653=ORIENTED_EDGE('',*,*,#6911,.T.);
#3654=CARTESIAN_POINT('',(2.5,-9.85,10.8431416529423));
#3655=DIRECTION('',(5.40004162163775E-16,-1.0,5.78241158658936E-15));
#3656=DIRECTION('',(0.0,-5.78241158658936E-15,-1.0));
#3657=ORIENTED_EDGE('',*,*,#6912,.T.);
#3658=ORIENTED_EDGE('',*,*,#6941,.T.);
#3659=ORIENTED_EDGE('',*,*,#6901,.F.);
#3660=ORIENTED_EDGE('',*,*,#6921,.F.);
#3661=CARTESIAN_POINT('',(5.26213203435597,-9.85,8.50527368729833));
#3662=DIRECTION('',(-0.707106781186541,-2.62293708468314E-15,-0.707106781186554));
#3663=DIRECTION('',(-0.707106781186554,0.0,0.707106781186541));
#3664=ORIENTED_EDGE('',*,*,#6942,.T.);
#3665=ORIENTED_EDGE('',*,*,#6943,.T.);
#3666=ORIENTED_EDGE('',*,*,#6658,.T.);
#3667=ORIENTED_EDGE('',*,*,#6944,.T.);
#3668=ORIENTED_EDGE('',*,*,#6945,.T.);
#3669=ORIENTED_EDGE('',*,*,#6946,.T.);
#3670=ORIENTED_EDGE('',*,*,#6947,.T.);
#3671=ORIENTED_EDGE('',*,*,#6948,.T.);
#3672=ORIENTED_EDGE('',*,*,#6949,.T.);
#3673=ORIENTED_EDGE('',*,*,#6950,.T.);
#3674=ORIENTED_EDGE('',*,*,#6951,.T.);
#3675=CARTESIAN_POINT('',(-1.6,-10.15,6.64314165294233));
#3676=DIRECTION('',(1.90305101601559E-30,1.0,-3.17531378670946E-15));
#3677=DIRECTION('',(1.0,0.0,5.99326915022059E-16));
#3678=ORIENTED_EDGE('',*,*,#6952,.F.);
#3679=ORIENTED_EDGE('',*,*,#6953,.F.);
#3680=ORIENTED_EDGE('',*,*,#6954,.F.);
#3681=ORIENTED_EDGE('',*,*,#6955,.F.);
#3682=ORIENTED_EDGE('',*,*,#6956,.F.);
#3683=ORIENTED_EDGE('',*,*,#6957,.F.);
#3684=ORIENTED_EDGE('',*,*,#6958,.F.);
#3685=ORIENTED_EDGE('',*,*,#6959,.F.);
#3686=ORIENTED_EDGE('',*,*,#6960,.F.);
#3687=ORIENTED_EDGE('',*,*,#6961,.F.);
#3688=ORIENTED_EDGE('',*,*,#6656,.F.);
#3689=CARTESIAN_POINT('',(-1.6,-9.85,6.64314165294233));
#3690=DIRECTION('',(1.90305101601559E-30,1.0,-3.17531378670946E-15));
#3691=DIRECTION('',(1.0,0.0,5.99326915022059E-16));
#3692=ORIENTED_EDGE('',*,*,#6954,.T.);
#3693=ORIENTED_EDGE('',*,*,#6962,.T.);
#3694=ORIENTED_EDGE('',*,*,#6951,.F.);
#3695=ORIENTED_EDGE('',*,*,#6963,.F.);
#3696=CARTESIAN_POINT('',(-2.05,-9.85,6.64314165294233));
#3697=DIRECTION('',(1.0,1.38737714399722E-31,2.31489210516461E-16));
#3698=DIRECTION('',(0.0,1.0,-5.99326915022059E-16));
#3699=ORIENTED_EDGE('',*,*,#6945,.F.);
#3700=ORIENTED_EDGE('',*,*,#6964,.F.);
#3701=ORIENTED_EDGE('',*,*,#6960,.T.);
#3702=ORIENTED_EDGE('',*,*,#6965,.T.);
#3703=CARTESIAN_POINT('',(-2.95,-9.85,6.64314165294233));
#3704=DIRECTION('',(-1.0,-5.99326915022059E-16,-2.31489210516461E-16));
#3705=DIRECTION('',(-5.99326915022059E-16,1.0,0.0));
#3706=ORIENTED_EDGE('',*,*,#6946,.F.);
#3707=ORIENTED_EDGE('',*,*,#6965,.F.);
#3708=ORIENTED_EDGE('',*,*,#6959,.T.);
#3709=ORIENTED_EDGE('',*,*,#6966,.T.);
#3710=CARTESIAN_POINT('',(-2.95,-9.85,6.64314165294233));
#3711=DIRECTION('',(-3.52530647641459E-31,3.17531378670946E-15,1.0));
#3712=DIRECTION('',(1.0,1.11022302462518E-16,0.0));
#3713=ORIENTED_EDGE('',*,*,#6950,.F.);
#3714=ORIENTED_EDGE('',*,*,#6967,.F.);
#3715=ORIENTED_EDGE('',*,*,#6955,.T.);
#3716=ORIENTED_EDGE('',*,*,#6963,.T.);
#3717=CARTESIAN_POINT('',(-1.6,-9.85,6.64314165294233));
#3718=DIRECTION('',(-3.52530647641459E-31,3.17531378670946E-15,1.0));
#3719=DIRECTION('',(1.0,1.11022302462518E-16,0.0));
#3720=ORIENTED_EDGE('',*,*,#6968,.F.);
#3721=ORIENTED_EDGE('',*,*,#6969,.F.);
#3722=ORIENTED_EDGE('',*,*,#6970,.T.);
#3723=ORIENTED_EDGE('',*,*,#6971,.F.);
#3724=CARTESIAN_POINT('',(-1.6,-13.95,2.65));
#3725=DIRECTION('',(3.51018741184734E-32,-3.16169574399927E-16,1.0));
#3726=DIRECTION('',(1.0,1.11022302462515E-16,0.0));
#3727=ORIENTED_EDGE('',*,*,#6972,.F.);
#3728=ORIENTED_EDGE('',*,*,#6971,.T.);
#3729=ORIENTED_EDGE('',*,*,#6973,.F.);
#3730=ORIENTED_EDGE('',*,*,#6956,.T.);
#3731=ORIENTED_EDGE('',*,*,#6967,.T.);
#3732=ORIENTED_EDGE('',*,*,#6949,.F.);
#3733=ORIENTED_EDGE('',*,*,#6974,.T.);
#3734=ORIENTED_EDGE('',*,*,#6975,.F.);
#3735=CARTESIAN_POINT('',(-1.6,-13.95,2.65));
#3736=DIRECTION('',(1.0,6.40309327517514E-32,1.11022302462516E-16));
#3737=DIRECTION('',(0.0,1.0,-5.76739369761944E-16));
#3738=ORIENTED_EDGE('',*,*,#6976,.T.);
#3739=ORIENTED_EDGE('',*,*,#6977,.T.);
#3740=ORIENTED_EDGE('',*,*,#6975,.T.);
#3741=ORIENTED_EDGE('',*,*,#6978,.F.);
#3742=CARTESIAN_POINT('',(-1.6,-13.95,2.35000000000003));
#3743=DIRECTION('',(3.51018741184734E-32,-3.16169574399927E-16,1.0));
#3744=DIRECTION('',(1.0,1.11022302462515E-16,0.0));
#3745=ORIENTED_EDGE('',*,*,#6979,.F.);
#3746=ORIENTED_EDGE('',*,*,#6976,.F.);
#3747=ORIENTED_EDGE('',*,*,#6980,.T.);
#3748=ORIENTED_EDGE('',*,*,#6947,.F.);
#3749=ORIENTED_EDGE('',*,*,#6966,.F.);
#3750=ORIENTED_EDGE('',*,*,#6958,.T.);
#3751=ORIENTED_EDGE('',*,*,#6981,.F.);
#3752=ORIENTED_EDGE('',*,*,#6969,.T.);
#3753=CARTESIAN_POINT('',(-3.4,-13.95,2.65));
#3754=DIRECTION('',(-1.0,-6.55795778172346E-16,-1.11022302462516E-16));
#3755=DIRECTION('',(-6.55795778172346E-16,1.0,0.0));
#3756=ORIENTED_EDGE('',*,*,#6973,.T.);
#3757=ORIENTED_EDGE('',*,*,#6970,.F.);
#3758=ORIENTED_EDGE('',*,*,#6981,.T.);
#3759=ORIENTED_EDGE('',*,*,#6957,.T.);
#3760=CARTESIAN_POINT('',(-4.45694882988931,-9.55,2.95000000000004));
#3761=DIRECTION('',(-1.0,-0.0,-1.11022302462516E-16));
#3762=DIRECTION('',(0.0,-1.0,0.0));
#3763=ORIENTED_EDGE('',*,*,#6974,.F.);
#3764=ORIENTED_EDGE('',*,*,#6948,.F.);
#3765=ORIENTED_EDGE('',*,*,#6980,.F.);
#3766=ORIENTED_EDGE('',*,*,#6978,.T.);
#3767=CARTESIAN_POINT('',(-4.45694882988931,-9.55,2.95000000000004));
#3768=DIRECTION('',(-1.0,-0.0,-1.11022302462516E-16));
#3769=DIRECTION('',(0.0,-1.0,0.0));
#3770=ORIENTED_EDGE('',*,*,#6657,.F.);
#3771=ORIENTED_EDGE('',*,*,#6961,.T.);
#3772=ORIENTED_EDGE('',*,*,#6964,.T.);
#3773=ORIENTED_EDGE('',*,*,#6944,.F.);
#3774=CARTESIAN_POINT('',(-4.36213203435596,-9.85,9.40527368729829));
#3775=DIRECTION('',(0.707106781186549,-1.82149778521767E-15,-0.707106781186546));
#3776=DIRECTION('',(0.0,-1.0,2.57598687168739E-15));
#3777=ORIENTED_EDGE('',*,*,#6655,.T.);
#3778=ORIENTED_EDGE('',*,*,#6943,.F.);
#3779=ORIENTED_EDGE('',*,*,#6982,.F.);
#3780=ORIENTED_EDGE('',*,*,#6952,.T.);
#3781=CARTESIAN_POINT('',(-2.5,-9.85,10.8431416529423));
#3782=DIRECTION('',(5.99326915022059E-16,-1.0,5.78241158658936E-15));
#3783=DIRECTION('',(0.0,-5.78241158658936E-15,-1.0));
#3784=ORIENTED_EDGE('',*,*,#6953,.T.);
#3785=ORIENTED_EDGE('',*,*,#6982,.T.);
#3786=ORIENTED_EDGE('',*,*,#6942,.F.);
#3787=ORIENTED_EDGE('',*,*,#6962,.F.);
#3788=CARTESIAN_POINT('',(0.262132034355971,-9.85,8.50527368729833));
#3789=DIRECTION('',(-0.707106781186542,-2.66907403673711E-15,-0.707106781186553));
#3790=DIRECTION('',(-0.707106781186553,0.0,0.707106781186542));
#3791=ORIENTED_EDGE('',*,*,#6983,.T.);
#3792=ORIENTED_EDGE('',*,*,#6984,.T.);
#3793=ORIENTED_EDGE('',*,*,#6654,.T.);
#3794=ORIENTED_EDGE('',*,*,#6985,.T.);
#3795=ORIENTED_EDGE('',*,*,#6986,.T.);
#3796=ORIENTED_EDGE('',*,*,#6987,.T.);
#3797=ORIENTED_EDGE('',*,*,#6988,.T.);
#3798=ORIENTED_EDGE('',*,*,#6989,.T.);
#3799=ORIENTED_EDGE('',*,*,#6990,.T.);
#3800=ORIENTED_EDGE('',*,*,#6991,.T.);
#3801=ORIENTED_EDGE('',*,*,#6992,.T.);
#3802=CARTESIAN_POINT('',(0.9,-7.65,2.04314165294232));
#3803=DIRECTION('',(1.72168262339445E-30,1.0,-3.17531378670946E-15));
#3804=DIRECTION('',(1.0,0.0,5.42208656858009E-16));
#3805=ORIENTED_EDGE('',*,*,#6993,.F.);
#3806=ORIENTED_EDGE('',*,*,#6994,.F.);
#3807=ORIENTED_EDGE('',*,*,#6995,.F.);
#3808=ORIENTED_EDGE('',*,*,#6996,.F.);
#3809=ORIENTED_EDGE('',*,*,#6997,.F.);
#3810=ORIENTED_EDGE('',*,*,#6998,.F.);
#3811=ORIENTED_EDGE('',*,*,#6999,.F.);
#3812=ORIENTED_EDGE('',*,*,#7000,.F.);
#3813=ORIENTED_EDGE('',*,*,#7001,.F.);
#3814=ORIENTED_EDGE('',*,*,#7002,.F.);
#3815=ORIENTED_EDGE('',*,*,#6652,.F.);
#3816=CARTESIAN_POINT('',(0.9,-7.35,2.04314165294232));
#3817=DIRECTION('',(1.72168262339445E-30,1.0,-3.17531378670946E-15));
#3818=DIRECTION('',(1.0,0.0,5.42208656858009E-16));
#3819=ORIENTED_EDGE('',*,*,#6995,.T.);
#3820=ORIENTED_EDGE('',*,*,#7003,.T.);
#3821=ORIENTED_EDGE('',*,*,#6992,.F.);
#3822=ORIENTED_EDGE('',*,*,#7004,.F.);
#3823=CARTESIAN_POINT('',(0.45,-7.35,6.64314165294232));
#3824=DIRECTION('',(1.0,1.21074763946689E-31,2.25234900972805E-16));
#3825=DIRECTION('',(0.0,1.0,-5.37548858652718E-16));
#3826=ORIENTED_EDGE('',*,*,#6986,.F.);
#3827=ORIENTED_EDGE('',*,*,#7005,.F.);
#3828=ORIENTED_EDGE('',*,*,#7001,.T.);
#3829=ORIENTED_EDGE('',*,*,#7006,.T.);
#3830=CARTESIAN_POINT('',(-0.45,-7.35,6.64314165294232));
#3831=DIRECTION('',(-1.0,-5.37548858652718E-16,-2.1277280703619E-16));
#3832=DIRECTION('',(-5.37548858652718E-16,1.0,0.0));
#3833=ORIENTED_EDGE('',*,*,#6987,.F.);
#3834=ORIENTED_EDGE('',*,*,#7006,.F.);
#3835=ORIENTED_EDGE('',*,*,#7000,.T.);
#3836=ORIENTED_EDGE('',*,*,#7007,.T.);
#3837=CARTESIAN_POINT('',(-0.45,-7.35,6.64314165294232));
#3838=DIRECTION('',(-2.3350615573747E-31,3.17531378670946E-15,1.0));
#3839=DIRECTION('',(1.0,7.35379781093855E-17,0.0));
#3840=ORIENTED_EDGE('',*,*,#6991,.F.);
#3841=ORIENTED_EDGE('',*,*,#7008,.F.);
#3842=ORIENTED_EDGE('',*,*,#6996,.T.);
#3843=ORIENTED_EDGE('',*,*,#7004,.T.);
#3844=CARTESIAN_POINT('',(0.9,-7.35,6.64314165294232));
#3845=DIRECTION('',(-2.3350615573747E-31,3.17531378670946E-15,1.0));
#3846=DIRECTION('',(1.0,7.35379781093855E-17,0.0));
#3847=ORIENTED_EDGE('',*,*,#7009,.F.);
#3848=ORIENTED_EDGE('',*,*,#7010,.F.);
#3849=ORIENTED_EDGE('',*,*,#7011,.T.);
#3850=ORIENTED_EDGE('',*,*,#7012,.F.);
#3851=CARTESIAN_POINT('',(0.9,-4.35,5.15));
#3852=DIRECTION('',(3.23253716993284E-32,-3.21281173935908E-16,1.0));
#3853=DIRECTION('',(1.0,1.00613961606655E-16,0.0));
#3854=ORIENTED_EDGE('',*,*,#7013,.F.);
#3855=ORIENTED_EDGE('',*,*,#7012,.T.);
#3856=ORIENTED_EDGE('',*,*,#7014,.F.);
#3857=ORIENTED_EDGE('',*,*,#6997,.T.);
#3858=ORIENTED_EDGE('',*,*,#7008,.T.);
#3859=ORIENTED_EDGE('',*,*,#6990,.F.);
#3860=ORIENTED_EDGE('',*,*,#7015,.T.);
#3861=ORIENTED_EDGE('',*,*,#7016,.F.);
#3862=CARTESIAN_POINT('',(0.9,-8.95,5.15));
#3863=DIRECTION('',(1.0,2.77400968303797E-32,7.35379781093838E-17));
#3864=DIRECTION('',(0.0,1.0,-3.7722136974065E-16));
#3865=ORIENTED_EDGE('',*,*,#7017,.T.);
#3866=ORIENTED_EDGE('',*,*,#7018,.T.);
#3867=ORIENTED_EDGE('',*,*,#7016,.T.);
#3868=ORIENTED_EDGE('',*,*,#7019,.F.);
#3869=CARTESIAN_POINT('',(0.9,-4.35,4.85));
#3870=DIRECTION('',(3.23253716993284E-32,-3.21281173935908E-16,1.0));
#3871=DIRECTION('',(1.0,1.00613961606655E-16,0.0));
#3872=ORIENTED_EDGE('',*,*,#7020,.F.);
#3873=ORIENTED_EDGE('',*,*,#7017,.F.);
#3874=ORIENTED_EDGE('',*,*,#7021,.T.);
#3875=ORIENTED_EDGE('',*,*,#6988,.F.);
#3876=ORIENTED_EDGE('',*,*,#7007,.F.);
#3877=ORIENTED_EDGE('',*,*,#6999,.T.);
#3878=ORIENTED_EDGE('',*,*,#7022,.F.);
#3879=ORIENTED_EDGE('',*,*,#7010,.T.);
#3880=CARTESIAN_POINT('',(-0.9,-8.95,5.15));
#3881=DIRECTION('',(-1.0,-5.42208656858009E-16,-7.35379781093838E-17));
#3882=DIRECTION('',(-5.42208656858009E-16,1.0,0.0));
#3883=ORIENTED_EDGE('',*,*,#7014,.T.);
#3884=ORIENTED_EDGE('',*,*,#7011,.F.);
#3885=ORIENTED_EDGE('',*,*,#7022,.T.);
#3886=ORIENTED_EDGE('',*,*,#6998,.T.);
#3887=CARTESIAN_POINT('',(-1.95694882988931,-7.05,5.45));
#3888=DIRECTION('',(-1.0,-0.0,-7.35379781093838E-17));
#3889=DIRECTION('',(0.0,-1.0,0.0));
#3890=ORIENTED_EDGE('',*,*,#7015,.F.);
#3891=ORIENTED_EDGE('',*,*,#6989,.F.);
#3892=ORIENTED_EDGE('',*,*,#7021,.F.);
#3893=ORIENTED_EDGE('',*,*,#7019,.T.);
#3894=CARTESIAN_POINT('',(-1.95694882988931,-7.05,5.45));
#3895=DIRECTION('',(-1.0,-7.2280144832367E-16,-7.35379781093838E-17));
#3896=DIRECTION('',(7.2280144832367E-16,-1.0,6.04283708119703E-48));
#3897=ORIENTED_EDGE('',*,*,#6653,.F.);
#3898=ORIENTED_EDGE('',*,*,#7002,.T.);
#3899=ORIENTED_EDGE('',*,*,#7005,.T.);
#3900=ORIENTED_EDGE('',*,*,#6985,.F.);
#3901=CARTESIAN_POINT('',(-4.08713203435596,-7.35,7.03027368729827));
#3902=DIRECTION('',(0.707106781186549,-1.86518146780496E-15,-0.707106781186546));
#3903=DIRECTION('',(0.0,-1.0,2.63776492805673E-15));
#3904=ORIENTED_EDGE('',*,*,#6651,.T.);
#3905=ORIENTED_EDGE('',*,*,#6984,.F.);
#3906=ORIENTED_EDGE('',*,*,#7023,.F.);
#3907=ORIENTED_EDGE('',*,*,#6993,.T.);
#3908=CARTESIAN_POINT('',(3.61325933287328E-15,-7.35,10.6931416529423));
#3909=DIRECTION('',(5.42208656858009E-16,-1.0,2.89120579329468E-15));
#3910=DIRECTION('',(1.00613961606657E-16,-2.89120579329468E-15,-1.0));
#3911=ORIENTED_EDGE('',*,*,#6994,.T.);
#3912=ORIENTED_EDGE('',*,*,#7023,.T.);
#3913=ORIENTED_EDGE('',*,*,#6983,.F.);
#3914=ORIENTED_EDGE('',*,*,#7003,.F.);
#3915=CARTESIAN_POINT('',(4.98713203435597,-7.35,6.13027368729833));
#3916=DIRECTION('',(-0.707106781186544,-2.62539035414982E-15,-0.707106781186551));
#3917=DIRECTION('',(-0.707106781186551,0.0,0.707106781186544));
#3918=ORIENTED_EDGE('',*,*,#7024,.T.);
#3919=ORIENTED_EDGE('',*,*,#7025,.T.);
#3920=ORIENTED_EDGE('',*,*,#6650,.T.);
#3921=ORIENTED_EDGE('',*,*,#7026,.T.);
#3922=ORIENTED_EDGE('',*,*,#7027,.T.);
#3923=ORIENTED_EDGE('',*,*,#7028,.T.);
#3924=ORIENTED_EDGE('',*,*,#7029,.T.);
#3925=ORIENTED_EDGE('',*,*,#7030,.T.);
#3926=ORIENTED_EDGE('',*,*,#7031,.T.);
#3927=ORIENTED_EDGE('',*,*,#7032,.T.);
#3928=ORIENTED_EDGE('',*,*,#7033,.T.);
#3929=CARTESIAN_POINT('',(0.9,-10.15,6.64314165294233));
#3930=DIRECTION('',(2.28312798379796E-30,1.0,-3.35267713334746E-15));
#3931=DIRECTION('',(1.0,0.0,6.80986534936153E-16));
#3932=ORIENTED_EDGE('',*,*,#7034,.F.);
#3933=ORIENTED_EDGE('',*,*,#7035,.F.);
#3934=ORIENTED_EDGE('',*,*,#7036,.F.);
#3935=ORIENTED_EDGE('',*,*,#7037,.F.);
#3936=ORIENTED_EDGE('',*,*,#7038,.F.);
#3937=ORIENTED_EDGE('',*,*,#7039,.F.);
#3938=ORIENTED_EDGE('',*,*,#7040,.F.);
#3939=ORIENTED_EDGE('',*,*,#7041,.F.);
#3940=ORIENTED_EDGE('',*,*,#7042,.F.);
#3941=ORIENTED_EDGE('',*,*,#7043,.F.);
#3942=ORIENTED_EDGE('',*,*,#6648,.F.);
#3943=CARTESIAN_POINT('',(0.9,-9.85,6.64314165294233));
#3944=DIRECTION('',(2.28312798379796E-30,1.0,-3.35267713334746E-15));
#3945=DIRECTION('',(1.0,0.0,6.80986534936153E-16));
#3946=ORIENTED_EDGE('',*,*,#7036,.T.);
#3947=ORIENTED_EDGE('',*,*,#7044,.T.);
#3948=ORIENTED_EDGE('',*,*,#7033,.F.);
#3949=ORIENTED_EDGE('',*,*,#7045,.F.);
#3950=CARTESIAN_POINT('',(0.45,-9.85,6.64314165294233));
#3951=DIRECTION('',(1.0,1.21983176312157E-31,2.05684373046871E-16));
#3952=DIRECTION('',(0.0,1.0,-5.93060009883976E-16));
#3953=ORIENTED_EDGE('',*,*,#7027,.F.);
#3954=ORIENTED_EDGE('',*,*,#7046,.F.);
#3955=ORIENTED_EDGE('',*,*,#7042,.T.);
#3956=ORIENTED_EDGE('',*,*,#7047,.T.);
#3957=CARTESIAN_POINT('',(-0.45,-9.85,6.64314165294233));
#3958=DIRECTION('',(-1.0,-5.93060009883976E-16,-2.0568437304687E-16));
#3959=DIRECTION('',(-5.93060009883976E-16,1.0,0.0));
#3960=ORIENTED_EDGE('',*,*,#7028,.F.);
#3961=ORIENTED_EDGE('',*,*,#7047,.F.);
#3962=ORIENTED_EDGE('',*,*,#7041,.T.);
#3963=ORIENTED_EDGE('',*,*,#7048,.T.);
#3964=CARTESIAN_POINT('',(-0.45,-9.85,6.64314165294233));
#3965=DIRECTION('',(-2.21006773762368E-31,3.35267713334746E-15,1.0));
#3966=DIRECTION('',(1.0,6.59194920871207E-17,0.0));
#3967=ORIENTED_EDGE('',*,*,#7032,.F.);
#3968=ORIENTED_EDGE('',*,*,#7049,.F.);
#3969=ORIENTED_EDGE('',*,*,#7037,.T.);
#3970=ORIENTED_EDGE('',*,*,#7045,.T.);
#3971=CARTESIAN_POINT('',(0.9,-9.85,6.64314165294233));
#3972=DIRECTION('',(-2.21006773762368E-31,3.35267713334746E-15,1.0));
#3973=DIRECTION('',(1.0,6.59194920871207E-17,0.0));
#3974=ORIENTED_EDGE('',*,*,#7050,.F.);
#3975=ORIENTED_EDGE('',*,*,#7051,.F.);
#3976=ORIENTED_EDGE('',*,*,#7052,.T.);
#3977=ORIENTED_EDGE('',*,*,#7053,.F.);
#3978=CARTESIAN_POINT('',(0.9,-13.95,2.65000000000003));
#3979=DIRECTION('',(1.2140240864303E-32,-1.4976223326684E-16,1.0));
#3980=DIRECTION('',(1.0,8.10634336807201E-17,0.0));
#3981=ORIENTED_EDGE('',*,*,#7054,.F.);
#3982=ORIENTED_EDGE('',*,*,#7053,.T.);
#3983=ORIENTED_EDGE('',*,*,#7055,.F.);
#3984=ORIENTED_EDGE('',*,*,#7038,.T.);
#3985=ORIENTED_EDGE('',*,*,#7049,.T.);
#3986=ORIENTED_EDGE('',*,*,#7031,.F.);
#3987=ORIENTED_EDGE('',*,*,#7056,.T.);
#3988=ORIENTED_EDGE('',*,*,#7057,.F.);
#3989=CARTESIAN_POINT('',(0.9,-13.95,2.65000000000003));
#3990=DIRECTION('',(1.0,4.34013269901169E-32,6.59194920871191E-17));
#3991=DIRECTION('',(0.0,1.0,-6.58398989676039E-16));
#3992=ORIENTED_EDGE('',*,*,#7058,.T.);
#3993=ORIENTED_EDGE('',*,*,#7059,.T.);
#3994=ORIENTED_EDGE('',*,*,#7057,.T.);
#3995=ORIENTED_EDGE('',*,*,#7060,.F.);
#3996=CARTESIAN_POINT('',(0.9,-13.95,2.35000000000004));
#3997=DIRECTION('',(1.2140240864303E-32,-1.4976223326684E-16,1.0));
#3998=DIRECTION('',(1.0,8.10634336807201E-17,0.0));
#3999=ORIENTED_EDGE('',*,*,#7061,.F.);
#4000=ORIENTED_EDGE('',*,*,#7058,.F.);
#4001=ORIENTED_EDGE('',*,*,#7062,.T.);
#4002=ORIENTED_EDGE('',*,*,#7029,.F.);
#4003=ORIENTED_EDGE('',*,*,#7048,.F.);
#4004=ORIENTED_EDGE('',*,*,#7040,.T.);
#4005=ORIENTED_EDGE('',*,*,#7063,.F.);
#4006=ORIENTED_EDGE('',*,*,#7051,.T.);
#4007=CARTESIAN_POINT('',(-0.9,-13.95,2.65000000000003));
#4008=DIRECTION('',(-1.0,-7.3745539808644E-16,-6.59194920871187E-17));
#4009=DIRECTION('',(-7.3745539808644E-16,1.0,0.0));
#4010=ORIENTED_EDGE('',*,*,#7055,.T.);
#4011=ORIENTED_EDGE('',*,*,#7052,.F.);
#4012=ORIENTED_EDGE('',*,*,#7063,.T.);
#4013=ORIENTED_EDGE('',*,*,#7039,.T.);
#4014=CARTESIAN_POINT('',(-1.95694882988931,-9.55,2.95000000000004));
#4015=DIRECTION('',(-1.0,-0.0,-6.59194920871187E-17));
#4016=DIRECTION('',(0.0,-1.0,0.0));
#4017=ORIENTED_EDGE('',*,*,#7056,.F.);
#4018=ORIENTED_EDGE('',*,*,#7030,.F.);
#4019=ORIENTED_EDGE('',*,*,#7062,.F.);
#4020=ORIENTED_EDGE('',*,*,#7060,.T.);
#4021=CARTESIAN_POINT('',(-1.95694882988931,-9.55,2.95000000000004));
#4022=DIRECTION('',(-1.0,-7.2280144832367E-16,-6.59194920871187E-17));
#4023=DIRECTION('',(7.2280144832367E-16,-1.0,5.41680314578685E-48));
#4024=ORIENTED_EDGE('',*,*,#6649,.F.);
#4025=ORIENTED_EDGE('',*,*,#7043,.T.);
#4026=ORIENTED_EDGE('',*,*,#7046,.T.);
#4027=ORIENTED_EDGE('',*,*,#7026,.F.);
#4028=CARTESIAN_POINT('',(-1.78713203435596,-9.85,9.33027368729828));
#4029=DIRECTION('',(0.70710678118655,-1.95134398147953E-15,-0.707106781186545));
#4030=DIRECTION('',(0.0,-1.0,2.75961712346348E-15));
#4031=ORIENTED_EDGE('',*,*,#6647,.T.);
#4032=ORIENTED_EDGE('',*,*,#7025,.F.);
#4033=ORIENTED_EDGE('',*,*,#7064,.F.);
#4034=ORIENTED_EDGE('',*,*,#7034,.T.);
#4035=CARTESIAN_POINT('',(6.42760450096174E-15,-9.85,10.6931416529423));
#4036=DIRECTION('',(6.80986534936153E-16,-1.0,5.78241158658936E-15));
#4037=DIRECTION('',(8.10634336807235E-17,-5.78241158658936E-15,-1.0));
#4038=ORIENTED_EDGE('',*,*,#7035,.T.);
#4039=ORIENTED_EDGE('',*,*,#7064,.T.);
#4040=ORIENTED_EDGE('',*,*,#7024,.F.);
#4041=ORIENTED_EDGE('',*,*,#7044,.F.);
#4042=CARTESIAN_POINT('',(2.68713203435598,-9.85,8.43027368729831));
#4043=DIRECTION('',(-0.707106781186545,-2.79005749075859E-15,-0.70710678118655));
#4044=DIRECTION('',(-0.70710678118655,0.0,0.707106781186545));
#4045=ORIENTED_EDGE('',*,*,#7065,.T.);
#4046=ORIENTED_EDGE('',*,*,#6785,.F.);
#4047=ORIENTED_EDGE('',*,*,#7066,.T.);
#4048=ORIENTED_EDGE('',*,*,#7067,.T.);
#4049=ORIENTED_EDGE('',*,*,#7068,.T.);
#4050=ORIENTED_EDGE('',*,*,#7069,.T.);
#4051=CARTESIAN_POINT('',(-4.75,-6.25,6.25));
#4052=DIRECTION('',(-1.7347234759768E-17,-1.689733298762E-17,-1.0));
#4053=DIRECTION('',(-1.0,0.0,1.7347234759768E-17));
#4054=ORIENTED_EDGE('',*,*,#7070,.T.);
#4055=ORIENTED_EDGE('',*,*,#6817,.F.);
#4056=ORIENTED_EDGE('',*,*,#7071,.T.);
#4057=ORIENTED_EDGE('',*,*,#7072,.T.);
#4058=ORIENTED_EDGE('',*,*,#7073,.T.);
#4059=ORIENTED_EDGE('',*,*,#7074,.T.);
#4060=CARTESIAN_POINT('',(-4.75,-6.25,6.25));
#4061=DIRECTION('',(-1.7347234759768E-17,-1.689733298762E-17,-1.0));
#4062=DIRECTION('',(-1.0,0.0,1.7347234759768E-17));
#4063=ORIENTED_EDGE('',*,*,#6783,.F.);
#4064=ORIENTED_EDGE('',*,*,#7075,.F.);
#4065=ORIENTED_EDGE('',*,*,#7076,.T.);
#4066=ORIENTED_EDGE('',*,*,#7077,.F.);
#4067=ORIENTED_EDGE('',*,*,#7078,.T.);
#4068=ORIENTED_EDGE('',*,*,#7079,.F.);
#4069=CARTESIAN_POINT('',(-4.75,-6.25,6.25));
#4070=DIRECTION('',(-1.7347234759768E-17,-1.689733298762E-17,-1.0));
#4071=DIRECTION('',(-1.0,0.0,1.7347234759768E-17));
#4072=ORIENTED_EDGE('',*,*,#6815,.F.);
#4073=ORIENTED_EDGE('',*,*,#7080,.F.);
#4074=ORIENTED_EDGE('',*,*,#7081,.T.);
#4075=ORIENTED_EDGE('',*,*,#7082,.F.);
#4076=ORIENTED_EDGE('',*,*,#7083,.T.);
#4077=ORIENTED_EDGE('',*,*,#7084,.F.);
#4078=CARTESIAN_POINT('',(-4.75,-6.25,6.25));
#4079=DIRECTION('',(-1.7347234759768E-17,-1.689733298762E-17,-1.0));
#4080=DIRECTION('',(-1.0,0.0,1.7347234759768E-17));
#4081=ORIENTED_EDGE('',*,*,#7085,.T.);
#4082=ORIENTED_EDGE('',*,*,#7086,.T.);
#4083=ORIENTED_EDGE('',*,*,#6813,.F.);
#4084=ORIENTED_EDGE('',*,*,#7087,.T.);
#4085=ORIENTED_EDGE('',*,*,#7088,.F.);
#4086=ORIENTED_EDGE('',*,*,#7089,.T.);
#4087=ORIENTED_EDGE('',*,*,#6787,.F.);
#4088=ORIENTED_EDGE('',*,*,#7090,.T.);
#4089=ORIENTED_EDGE('',*,*,#7091,.T.);
#4090=ORIENTED_EDGE('',*,*,#7092,.T.);
#4091=ORIENTED_EDGE('',*,*,#7093,.T.);
#4092=ORIENTED_EDGE('',*,*,#7094,.T.);
#4093=ORIENTED_EDGE('',*,*,#7095,.T.);
#4094=ORIENTED_EDGE('',*,*,#7096,.T.);
#4095=ORIENTED_EDGE('',*,*,#7097,.T.);
#4096=ORIENTED_EDGE('',*,*,#7098,.T.);
#4097=ORIENTED_EDGE('',*,*,#7099,.T.);
#4098=ORIENTED_EDGE('',*,*,#7100,.T.);
#4099=ORIENTED_EDGE('',*,*,#7101,.F.);
#4100=ORIENTED_EDGE('',*,*,#7102,.T.);
#4101=ORIENTED_EDGE('',*,*,#7103,.F.);
#4102=ORIENTED_EDGE('',*,*,#7104,.T.);
#4103=ORIENTED_EDGE('',*,*,#7105,.T.);
#4104=ORIENTED_EDGE('',*,*,#7106,.F.);
#4105=CARTESIAN_POINT('',(-4.75,-6.25,6.25));
#4106=DIRECTION('',(-1.7347234759768E-17,-1.689733298762E-17,-1.0));
#4107=DIRECTION('',(-1.0,0.0,1.7347234759768E-17));
#4108=ORIENTED_EDGE('',*,*,#6807,.T.);
#4109=ORIENTED_EDGE('',*,*,#7107,.F.);
#4110=ORIENTED_EDGE('',*,*,#7108,.F.);
#4111=ORIENTED_EDGE('',*,*,#7109,.F.);
#4112=ORIENTED_EDGE('',*,*,#7110,.F.);
#4113=ORIENTED_EDGE('',*,*,#7111,.F.);
#4114=ORIENTED_EDGE('',*,*,#6771,.T.);
#4115=ORIENTED_EDGE('',*,*,#7112,.F.);
#4116=CARTESIAN_POINT('',(-4.75,-6.25,1.00483318978393E-16));
#4117=DIRECTION('',(-1.7347234759768E-17,-1.689733298762E-17,-1.0));
#4118=DIRECTION('',(-1.0,0.0,1.7347234759768E-17));
#4119=ORIENTED_EDGE('',*,*,#7088,.T.);
#4120=ORIENTED_EDGE('',*,*,#7113,.T.);
#4121=ORIENTED_EDGE('',*,*,#7114,.T.);
#4122=ORIENTED_EDGE('',*,*,#7115,.T.);
#4123=ORIENTED_EDGE('',*,*,#7116,.F.);
#4124=ORIENTED_EDGE('',*,*,#7117,.T.);
#4125=ORIENTED_EDGE('',*,*,#7118,.T.);
#4126=ORIENTED_EDGE('',*,*,#7119,.T.);
#4127=ORIENTED_EDGE('',*,*,#6856,.T.);
#4128=ORIENTED_EDGE('',*,*,#6845,.T.);
#4129=ORIENTED_EDGE('',*,*,#6849,.T.);
#4130=ORIENTED_EDGE('',*,*,#6854,.F.);
#4131=ORIENTED_EDGE('',*,*,#6897,.T.);
#4132=ORIENTED_EDGE('',*,*,#6886,.T.);
#4133=ORIENTED_EDGE('',*,*,#6890,.T.);
#4134=ORIENTED_EDGE('',*,*,#6895,.F.);
#4135=ORIENTED_EDGE('',*,*,#6938,.T.);
#4136=ORIENTED_EDGE('',*,*,#6927,.T.);
#4137=ORIENTED_EDGE('',*,*,#6931,.T.);
#4138=ORIENTED_EDGE('',*,*,#6936,.F.);
#4139=ORIENTED_EDGE('',*,*,#6979,.T.);
#4140=ORIENTED_EDGE('',*,*,#6968,.T.);
#4141=ORIENTED_EDGE('',*,*,#6972,.T.);
#4142=ORIENTED_EDGE('',*,*,#6977,.F.);
#4143=ORIENTED_EDGE('',*,*,#7020,.T.);
#4144=ORIENTED_EDGE('',*,*,#7009,.T.);
#4145=ORIENTED_EDGE('',*,*,#7013,.T.);
#4146=ORIENTED_EDGE('',*,*,#7018,.F.);
#4147=ORIENTED_EDGE('',*,*,#7061,.T.);
#4148=ORIENTED_EDGE('',*,*,#7050,.T.);
#4149=ORIENTED_EDGE('',*,*,#7054,.T.);
#4150=ORIENTED_EDGE('',*,*,#7059,.F.);
#4151=CARTESIAN_POINT('',(4.75,-6.25,6.25));
#4152=DIRECTION('',(4.31186354395493E-16,-1.0,1.689733298762E-17));
#4153=DIRECTION('',(0.0,-1.689733298762E-17,-1.0));
#4154=ORIENTED_EDGE('',*,*,#7120,.T.);
#4155=ORIENTED_EDGE('',*,*,#7121,.T.);
#4156=ORIENTED_EDGE('',*,*,#6769,.T.);
#4157=ORIENTED_EDGE('',*,*,#6766,.F.);
#4158=ORIENTED_EDGE('',*,*,#6796,.T.);
#4159=ORIENTED_EDGE('',*,*,#7122,.T.);
#4160=ORIENTED_EDGE('',*,*,#7123,.T.);
#4161=ORIENTED_EDGE('',*,*,#7124,.T.);
#4162=ORIENTED_EDGE('',*,*,#7125,.T.);
#4163=ORIENTED_EDGE('',*,*,#7126,.T.);
#4164=ORIENTED_EDGE('',*,*,#7127,.T.);
#4165=ORIENTED_EDGE('',*,*,#7128,.T.);
#4166=ORIENTED_EDGE('',*,*,#7129,.T.);
#4167=ORIENTED_EDGE('',*,*,#7130,.T.);
#4168=ORIENTED_EDGE('',*,*,#7131,.T.);
#4169=ORIENTED_EDGE('',*,*,#7132,.T.);
#4170=ORIENTED_EDGE('',*,*,#7133,.F.);
#4171=ORIENTED_EDGE('',*,*,#7134,.T.);
#4172=ORIENTED_EDGE('',*,*,#7135,.F.);
#4173=ORIENTED_EDGE('',*,*,#7136,.T.);
#4174=ORIENTED_EDGE('',*,*,#7137,.T.);
#4175=ORIENTED_EDGE('',*,*,#7138,.F.);
#4176=CARTESIAN_POINT('',(-4.75,-6.25,6.25));
#4177=DIRECTION('',(-1.7347234759768E-17,-1.689733298762E-17,-1.0));
#4178=DIRECTION('',(-1.0,0.0,1.7347234759768E-17));
#4179=ORIENTED_EDGE('',*,*,#7112,.T.);
#4180=ORIENTED_EDGE('',*,*,#6792,.F.);
#4181=ORIENTED_EDGE('',*,*,#7139,.F.);
#4182=ORIENTED_EDGE('',*,*,#6808,.T.);
#4183=CARTESIAN_POINT('',(4.75,-5.5,0.5));
#4184=DIRECTION('',(7.2858994099385E-33,1.0,-1.68973329876198E-17));
#4185=DIRECTION('',(1.0,0.0,4.31186354395493E-16));
#4186=ORIENTED_EDGE('',*,*,#7140,.F.);
#4187=ORIENTED_EDGE('',*,*,#7141,.T.);
#4188=ORIENTED_EDGE('',*,*,#6809,.T.);
#4189=ORIENTED_EDGE('',*,*,#7139,.T.);
#4190=ORIENTED_EDGE('',*,*,#6791,.T.);
#4191=ORIENTED_EDGE('',*,*,#7142,.T.);
#4192=ORIENTED_EDGE('',*,*,#7143,.F.);
#4193=ORIENTED_EDGE('',*,*,#7144,.T.);
#4194=ORIENTED_EDGE('',*,*,#7116,.T.);
#4195=ORIENTED_EDGE('',*,*,#7145,.T.);
#4196=CARTESIAN_POINT('',(4.75,-5.5,0.5));
#4197=DIRECTION('',(2.93122002150217E-34,1.689733298762E-17,1.0));
#4198=DIRECTION('',(1.0,-1.7347234759768E-17,0.0));
#4199=ORIENTED_EDGE('',*,*,#6811,.F.);
#4200=ORIENTED_EDGE('',*,*,#7146,.T.);
#4201=ORIENTED_EDGE('',*,*,#7147,.F.);
#4202=ORIENTED_EDGE('',*,*,#7148,.T.);
#4203=ORIENTED_EDGE('',*,*,#7114,.F.);
#4204=ORIENTED_EDGE('',*,*,#7149,.T.);
#4205=CARTESIAN_POINT('',(-4.75,-6.5,1.1));
#4206=DIRECTION('',(-1.7347234759768E-17,-1.689733298762E-17,-1.0));
#4207=DIRECTION('',(-1.0,0.0,1.7347234759768E-17));
#4208=ORIENTED_EDGE('',*,*,#7147,.T.);
#4209=ORIENTED_EDGE('',*,*,#7150,.T.);
#4210=ORIENTED_EDGE('',*,*,#7140,.T.);
#4211=ORIENTED_EDGE('',*,*,#7151,.T.);
#4212=CARTESIAN_POINT('',(-3.75,-6.5,0.5));
#4213=DIRECTION('',(7.2858994099385E-33,1.0,-1.68973329876198E-17));
#4214=DIRECTION('',(1.0,0.0,4.31186354395493E-16));
#4215=ORIENTED_EDGE('',*,*,#7118,.F.);
#4216=ORIENTED_EDGE('',*,*,#7152,.T.);
#4217=ORIENTED_EDGE('',*,*,#7153,.F.);
#4218=ORIENTED_EDGE('',*,*,#7154,.T.);
#4219=ORIENTED_EDGE('',*,*,#6789,.T.);
#4220=ORIENTED_EDGE('',*,*,#7155,.T.);
#4221=CARTESIAN_POINT('',(4.75,-6.5,1.1));
#4222=DIRECTION('',(-1.7347234759768E-17,-1.689733298762E-17,-1.0));
#4223=DIRECTION('',(-1.0,0.0,1.7347234759768E-17));
#4224=ORIENTED_EDGE('',*,*,#7153,.T.);
#4225=ORIENTED_EDGE('',*,*,#7156,.T.);
#4226=ORIENTED_EDGE('',*,*,#7143,.T.);
#4227=ORIENTED_EDGE('',*,*,#7157,.T.);
#4228=CARTESIAN_POINT('',(3.75,-6.5,1.1));
#4229=DIRECTION('',(4.31186354395493E-16,-1.0,1.689733298762E-17));
#4230=DIRECTION('',(0.0,-1.689733298762E-17,-1.0));
#4231=ORIENTED_EDGE('',*,*,#7087,.F.);
#4232=ORIENTED_EDGE('',*,*,#6812,.F.);
#4233=ORIENTED_EDGE('',*,*,#7149,.F.);
#4234=ORIENTED_EDGE('',*,*,#7113,.F.);
#4235=CARTESIAN_POINT('',(-4.25,-5.75,6.25));
#4236=DIRECTION('',(0.0,1.689733298762E-17,1.0));
#4237=DIRECTION('',(-1.0,0.0,0.0));
#4238=ORIENTED_EDGE('',*,*,#7089,.F.);
#4239=ORIENTED_EDGE('',*,*,#7119,.F.);
#4240=ORIENTED_EDGE('',*,*,#7155,.F.);
#4241=ORIENTED_EDGE('',*,*,#6788,.F.);
#4242=CARTESIAN_POINT('',(4.25,-5.75,6.25));
#4243=DIRECTION('',(0.0,1.689733298762E-17,1.0));
#4244=DIRECTION('',(-1.0,0.0,0.0));
#4245=ORIENTED_EDGE('',*,*,#7146,.F.);
#4246=ORIENTED_EDGE('',*,*,#6810,.F.);
#4247=ORIENTED_EDGE('',*,*,#7141,.F.);
#4248=ORIENTED_EDGE('',*,*,#7150,.F.);
#4249=CARTESIAN_POINT('',(-4.45,-6.2,0.5));
#4250=DIRECTION('',(0.0,-1.689733298762E-17,-1.0));
#4251=DIRECTION('',(1.0,0.0,0.0));
#4252=ORIENTED_EDGE('',*,*,#7145,.F.);
#4253=ORIENTED_EDGE('',*,*,#7115,.F.);
#4254=ORIENTED_EDGE('',*,*,#7148,.F.);
#4255=ORIENTED_EDGE('',*,*,#7151,.F.);
#4256=CARTESIAN_POINT('',(-4.04580398915498,-6.2,1.1));
#4257=DIRECTION('',(0.0,-1.689733298762E-17,-1.0));
#4258=DIRECTION('',(1.0,0.0,0.0));
#4259=ORIENTED_EDGE('',*,*,#7152,.F.);
#4260=ORIENTED_EDGE('',*,*,#7117,.F.);
#4261=ORIENTED_EDGE('',*,*,#7144,.F.);
#4262=ORIENTED_EDGE('',*,*,#7156,.F.);
#4263=CARTESIAN_POINT('',(4.04580398915498,-6.2,1.1));
#4264=DIRECTION('',(0.0,1.689733298762E-17,1.0));
#4265=DIRECTION('',(-1.0,0.0,0.0));
#4266=ORIENTED_EDGE('',*,*,#7142,.F.);
#4267=ORIENTED_EDGE('',*,*,#6790,.F.);
#4268=ORIENTED_EDGE('',*,*,#7154,.F.);
#4269=ORIENTED_EDGE('',*,*,#7157,.F.);
#4270=CARTESIAN_POINT('',(4.45,-6.2,1.1));
#4271=DIRECTION('',(0.0,-1.689733298762E-17,-1.0));
#4272=DIRECTION('',(1.0,0.0,0.0));
#4273=ORIENTED_EDGE('',*,*,#7158,.T.);
#4274=ORIENTED_EDGE('',*,*,#7159,.T.);
#4275=ORIENTED_EDGE('',*,*,#7160,.F.);
#4276=ORIENTED_EDGE('',*,*,#6645,.F.);
#4277=CARTESIAN_POINT('',(-4.56137780205531,-0.90146189432335,-16.7));
#4278=DIRECTION('',(-0.353553390593274,0.612372435695794,-0.707106781186548));
#4279=DIRECTION('',(-0.894427190999916,0.0,0.447213595499958));
#4280=ORIENTED_EDGE('',*,*,#6672,.T.);
#4281=ORIENTED_EDGE('',*,*,#6754,.T.);
#4282=ORIENTED_EDGE('',*,*,#7161,.T.);
#4283=CARTESIAN_POINT('',(7.49645336595879E-17,-8.5764989737523E-16,-10.5));
#4284=DIRECTION('',(2.30114652228864E-17,-3.16969158165137E-16,-1.0));
#4285=DIRECTION('',(0.0,-1.0,3.16969158165137E-16));
#4286=ORIENTED_EDGE('',*,*,#7158,.F.);
#4287=ORIENTED_EDGE('',*,*,#6673,.F.);
#4288=ORIENTED_EDGE('',*,*,#7161,.F.);
#4289=ORIENTED_EDGE('',*,*,#6753,.T.);
#4290=CARTESIAN_POINT('',(-3.0,-4.54393728382595E-15,-10.5));
#4291=DIRECTION('',(0.5,-0.866025403784439,2.86009075798619E-16));
#4292=DIRECTION('',(0.0,-3.30254833806018E-16,-1.0));
#4293=ORIENTED_EDGE('',*,*,#7160,.T.);
#4294=ORIENTED_EDGE('',*,*,#7162,.F.);
#4295=ORIENTED_EDGE('',*,*,#6646,.F.);
#4296=CARTESIAN_POINT('',(-1.90525588832576,-1.1,-17.5));
#4297=DIRECTION('',(-7.29392475984463E-33,3.16969158165137E-16,1.0));
#4298=DIRECTION('',(1.0,2.30114652228864E-17,0.0));
#4299=ORIENTED_EDGE('',*,*,#6643,.T.);
#4300=ORIENTED_EDGE('',*,*,#7162,.T.);
#4301=ORIENTED_EDGE('',*,*,#7159,.F.);
#4302=ORIENTED_EDGE('',*,*,#6752,.F.);
#4303=CARTESIAN_POINT('',(2.36044790219791E-16,-3.07643400453119E-15,-17.5));
#4304=DIRECTION('',(1.19993072676424E-16,6.92780328106235E-17,1.0));
#4305=DIRECTION('',(-0.5,0.866025403784438,1.12054105855257E-32));
#4306=ORIENTED_EDGE('',*,*,#7163,.F.);
#4307=ORIENTED_EDGE('',*,*,#6760,.F.);
#4308=ORIENTED_EDGE('',*,*,#7164,.F.);
#4309=ORIENTED_EDGE('',*,*,#7165,.F.);
#4310=CARTESIAN_POINT('',(5.35,4.55,-2.2));
#4311=DIRECTION('',(-1.0,0.0,0.0));
#4312=DIRECTION('',(0.0,1.0,0.0));
#4313=ORIENTED_EDGE('',*,*,#7166,.F.);
#4314=ORIENTED_EDGE('',*,*,#7167,.F.);
#4315=ORIENTED_EDGE('',*,*,#7168,.F.);
#4316=ORIENTED_EDGE('',*,*,#7169,.F.);
#4317=ORIENTED_EDGE('',*,*,#7170,.F.);
#4318=CARTESIAN_POINT('',(5.35,-5.95,-2.2));
#4319=DIRECTION('',(1.0,0.0,0.0));
#4320=DIRECTION('',(0.0,-1.0,0.0));
#4321=ORIENTED_EDGE('',*,*,#7171,.F.);
#4322=ORIENTED_EDGE('',*,*,#7172,.F.);
#4323=ORIENTED_EDGE('',*,*,#7173,.F.);
#4324=ORIENTED_EDGE('',*,*,#7174,.F.);
#4325=ORIENTED_EDGE('',*,*,#7175,.F.);
#4326=CARTESIAN_POINT('',(5.35,-5.95,-2.2));
#4327=DIRECTION('',(1.0,0.0,0.0));
#4328=DIRECTION('',(0.0,-1.0,0.0));
#4329=ORIENTED_EDGE('',*,*,#7176,.F.);
#4330=ORIENTED_EDGE('',*,*,#7177,.F.);
#4331=ORIENTED_EDGE('',*,*,#7178,.F.);
#4332=ORIENTED_EDGE('',*,*,#7179,.F.);
#4333=CARTESIAN_POINT('',(-2.8,-5.95,-1.9));
#4334=DIRECTION('',(1.0,0.0,0.0));
#4335=DIRECTION('',(0.0,-1.0,0.0));
#4336=ORIENTED_EDGE('',*,*,#7180,.F.);
#4337=ORIENTED_EDGE('',*,*,#7181,.F.);
#4338=ORIENTED_EDGE('',*,*,#7182,.F.);
#4339=ORIENTED_EDGE('',*,*,#7183,.F.);
#4340=CARTESIAN_POINT('',(-2.8,-5.95,-1.9));
#4341=DIRECTION('',(1.0,0.0,0.0));
#4342=DIRECTION('',(0.0,-1.0,0.0));
#4343=ORIENTED_EDGE('',*,*,#7184,.F.);
#4344=ORIENTED_EDGE('',*,*,#6758,.F.);
#4345=ORIENTED_EDGE('',*,*,#7185,.F.);
#4346=ORIENTED_EDGE('',*,*,#7186,.F.);
#4347=CARTESIAN_POINT('',(2.8,4.55,-1.9));
#4348=DIRECTION('',(-1.0,0.0,0.0));
#4349=DIRECTION('',(0.0,1.0,0.0));
#4350=ORIENTED_EDGE('',*,*,#7187,.F.);
#4351=ORIENTED_EDGE('',*,*,#6762,.F.);
#4352=ORIENTED_EDGE('',*,*,#7188,.F.);
#4353=ORIENTED_EDGE('',*,*,#7189,.F.);
#4354=CARTESIAN_POINT('',(2.8,4.55,-1.9));
#4355=DIRECTION('',(-1.0,0.0,0.0));
#4356=DIRECTION('',(0.0,1.0,0.0));
#4357=ORIENTED_EDGE('',*,*,#7190,.T.);
#4358=ORIENTED_EDGE('',*,*,#7191,.F.);
#4359=ORIENTED_EDGE('',*,*,#7192,.F.);
#4360=ORIENTED_EDGE('',*,*,#7193,.F.);
#4361=ORIENTED_EDGE('',*,*,#7194,.F.);
#4362=ORIENTED_EDGE('',*,*,#6775,.F.);
#4363=CARTESIAN_POINT('',(4.45,-2.05,-1.6));
#4364=DIRECTION('',(0.0,1.0,-0.0));
#4365=DIRECTION('',(1.0,0.0,0.0));
#4366=ORIENTED_EDGE('',*,*,#7195,.T.);
#4367=ORIENTED_EDGE('',*,*,#7196,.F.);
#4368=ORIENTED_EDGE('',*,*,#7190,.F.);
#4369=ORIENTED_EDGE('',*,*,#7197,.F.);
#4370=CARTESIAN_POINT('',(4.25,-5.75,-1.6));
#4371=DIRECTION('',(0.0,0.0,1.0));
#4372=DIRECTION('',(1.0,0.0,0.0));
#4373=ORIENTED_EDGE('',*,*,#7198,.F.);
#4374=ORIENTED_EDGE('',*,*,#7199,.F.);
#4375=ORIENTED_EDGE('',*,*,#7195,.F.);
#4376=ORIENTED_EDGE('',*,*,#7200,.F.);
#4377=CARTESIAN_POINT('',(-4.25,-5.95,-1.6));
#4378=DIRECTION('',(1.0,0.0,0.0));
#4379=DIRECTION('',(0.0,-1.0,0.0));
#4380=ORIENTED_EDGE('',*,*,#7201,.F.);
#4381=ORIENTED_EDGE('',*,*,#7202,.F.);
#4382=ORIENTED_EDGE('',*,*,#7203,.F.);
#4383=ORIENTED_EDGE('',*,*,#7204,.F.);
#4384=ORIENTED_EDGE('',*,*,#7205,.T.);
#4385=ORIENTED_EDGE('',*,*,#6803,.F.);
#4386=CARTESIAN_POINT('',(-4.45,-2.05,-1.6));
#4387=DIRECTION('',(0.0,-1.0,0.0));
#4388=DIRECTION('',(-1.0,0.0,0.0));
#4389=ORIENTED_EDGE('',*,*,#7206,.T.);
#4390=ORIENTED_EDGE('',*,*,#7207,.F.);
#4391=ORIENTED_EDGE('',*,*,#7205,.F.);
#4392=ORIENTED_EDGE('',*,*,#7208,.F.);
#4393=CARTESIAN_POINT('',(-4.25,-5.75,-1.6));
#4394=DIRECTION('',(0.0,0.0,1.0));
#4395=DIRECTION('',(1.0,0.0,0.0));
#4396=ORIENTED_EDGE('',*,*,#7209,.F.);
#4397=ORIENTED_EDGE('',*,*,#7210,.F.);
#4398=ORIENTED_EDGE('',*,*,#7206,.F.);
#4399=ORIENTED_EDGE('',*,*,#7211,.F.);
#4400=CARTESIAN_POINT('',(-4.25,-5.95,-1.6));
#4401=DIRECTION('',(1.0,0.0,0.0));
#4402=DIRECTION('',(0.0,-1.0,0.0));
#4403=ORIENTED_EDGE('',*,*,#7212,.T.);
#4404=ORIENTED_EDGE('',*,*,#7213,.F.);
#4405=ORIENTED_EDGE('',*,*,#7214,.F.);
#4406=ORIENTED_EDGE('',*,*,#7215,.F.);
#4407=ORIENTED_EDGE('',*,*,#6797,.F.);
#4408=CARTESIAN_POINT('',(-4.45,3.85,-1.6));
#4409=DIRECTION('',(0.0,-1.0,0.0));
#4410=DIRECTION('',(0.0,0.0,1.0));
#4411=ORIENTED_EDGE('',*,*,#7216,.T.);
#4412=ORIENTED_EDGE('',*,*,#7217,.F.);
#4413=ORIENTED_EDGE('',*,*,#7218,.F.);
#4414=ORIENTED_EDGE('',*,*,#7212,.F.);
#4415=ORIENTED_EDGE('',*,*,#6793,.F.);
#4416=CARTESIAN_POINT('',(-3.75,3.85,-1.6));
#4417=DIRECTION('',(0.0,0.0,1.0));
#4418=DIRECTION('',(1.0,0.0,0.0));
#4419=ORIENTED_EDGE('',*,*,#7219,.F.);
#4420=ORIENTED_EDGE('',*,*,#7220,.F.);
#4421=ORIENTED_EDGE('',*,*,#7216,.F.);
#4422=ORIENTED_EDGE('',*,*,#6764,.F.);
#4423=CARTESIAN_POINT('',(-3.75,4.55,-1.6));
#4424=DIRECTION('',(-1.0,0.0,0.0));
#4425=DIRECTION('',(0.0,1.0,0.0));
#4426=ORIENTED_EDGE('',*,*,#7221,.F.);
#4427=ORIENTED_EDGE('',*,*,#7222,.F.);
#4428=ORIENTED_EDGE('',*,*,#7223,.F.);
#4429=ORIENTED_EDGE('',*,*,#7224,.T.);
#4430=ORIENTED_EDGE('',*,*,#6781,.F.);
#4431=CARTESIAN_POINT('',(4.45,3.85,-1.6));
#4432=DIRECTION('',(0.0,1.0,0.0));
#4433=DIRECTION('',(0.0,0.0,-1.0));
#4434=ORIENTED_EDGE('',*,*,#7225,.T.);
#4435=ORIENTED_EDGE('',*,*,#6768,.F.);
#4436=ORIENTED_EDGE('',*,*,#7224,.F.);
#4437=ORIENTED_EDGE('',*,*,#7226,.F.);
#4438=ORIENTED_EDGE('',*,*,#7227,.F.);
#4439=CARTESIAN_POINT('',(3.75,3.85,-1.6));
#4440=DIRECTION('',(0.0,0.0,1.0));
#4441=DIRECTION('',(1.0,0.0,0.0));
#4442=ORIENTED_EDGE('',*,*,#7228,.F.);
#4443=ORIENTED_EDGE('',*,*,#6756,.F.);
#4444=ORIENTED_EDGE('',*,*,#7225,.F.);
#4445=ORIENTED_EDGE('',*,*,#7229,.F.);
#4446=CARTESIAN_POINT('',(-3.75,4.55,-1.6));
#4447=DIRECTION('',(-1.0,0.0,0.0));
#4448=DIRECTION('',(0.0,1.0,0.0));
#4449=ORIENTED_EDGE('',*,*,#7230,.F.);
#4450=ORIENTED_EDGE('',*,*,#7231,.F.);
#4451=ORIENTED_EDGE('',*,*,#6779,.F.);
#4452=ORIENTED_EDGE('',*,*,#7232,.F.);
#4453=CARTESIAN_POINT('',(-4.25,1.55,0.0));
#4454=DIRECTION('',(5.11097805561123E-16,-0.707106781186549,-0.707106781186546));
#4455=DIRECTION('',(0.0,0.707106781186546,-0.707106781186549));
#4456=ORIENTED_EDGE('',*,*,#6777,.F.);
#4457=ORIENTED_EDGE('',*,*,#7233,.F.);
#4458=ORIENTED_EDGE('',*,*,#7234,.F.);
#4459=ORIENTED_EDGE('',*,*,#7235,.F.);
#4460=CARTESIAN_POINT('',(-4.25,-1.55,0.0));
#4461=DIRECTION('',(5.11097805561123E-16,0.707106781186549,-0.707106781186546));
#4462=DIRECTION('',(-1.0,0.0,-7.22801448323668E-16));
#4463=ORIENTED_EDGE('',*,*,#7236,.F.);
#4464=ORIENTED_EDGE('',*,*,#7237,.F.);
#4465=ORIENTED_EDGE('',*,*,#6801,.F.);
#4466=ORIENTED_EDGE('',*,*,#7238,.F.);
#4467=CARTESIAN_POINT('',(-4.25,-1.55,0.0));
#4468=DIRECTION('',(-5.11097805561122E-16,0.707106781186548,-0.707106781186547));
#4469=DIRECTION('',(-1.0,0.0,7.22801448323666E-16));
#4470=ORIENTED_EDGE('',*,*,#6799,.F.);
#4471=ORIENTED_EDGE('',*,*,#7239,.F.);
#4472=ORIENTED_EDGE('',*,*,#7240,.F.);
#4473=ORIENTED_EDGE('',*,*,#7241,.F.);
#4474=CARTESIAN_POINT('',(-4.25,1.55,0.0));
#4475=DIRECTION('',(-5.11097805561122E-16,-0.707106781186548,-0.707106781186547));
#4476=DIRECTION('',(0.0,0.707106781186547,-0.707106781186548));
#4477=ORIENTED_EDGE('',*,*,#6805,.T.);
#4478=ORIENTED_EDGE('',*,*,#7242,.T.);
#4479=ORIENTED_EDGE('',*,*,#7243,.T.);
#4480=ORIENTED_EDGE('',*,*,#7244,.T.);
#4481=ORIENTED_EDGE('',*,*,#6773,.T.);
#4482=ORIENTED_EDGE('',*,*,#7245,.T.);
#4483=ORIENTED_EDGE('',*,*,#7246,.T.);
#4484=ORIENTED_EDGE('',*,*,#7247,.T.);
#4485=ORIENTED_EDGE('',*,*,#7248,.T.);
#4486=ORIENTED_EDGE('',*,*,#7249,.T.);
#4487=CARTESIAN_POINT('',(-4.25,-5.75,-1.0));
#4488=DIRECTION('',(0.0,0.0,1.0));
#4489=DIRECTION('',(1.0,-0.0,0.0));
#4490=ORIENTED_EDGE('',*,*,#7111,.T.);
#4491=ORIENTED_EDGE('',*,*,#7250,.F.);
#4492=ORIENTED_EDGE('',*,*,#7245,.F.);
#4493=ORIENTED_EDGE('',*,*,#6772,.T.);
#4494=CARTESIAN_POINT('',(2.89913780286482,-4.94974746830585,-1.0));
#4495=DIRECTION('',(-0.707106781186547,0.707106781186548,0.0));
#4496=DIRECTION('',(0.0,0.0,1.0));
#4497=ORIENTED_EDGE('',*,*,#7110,.T.);
#4498=ORIENTED_EDGE('',*,*,#7251,.F.);
#4499=ORIENTED_EDGE('',*,*,#7246,.F.);
#4500=ORIENTED_EDGE('',*,*,#7250,.T.);
#4501=CARTESIAN_POINT('',(2.75771644662751,-4.80832611206854,-1.0));
#4502=DIRECTION('',(0.0,0.0,-1.0));
#4503=DIRECTION('',(1.0,0.0,0.0));
#4504=ORIENTED_EDGE('',*,*,#7109,.T.);
#4505=ORIENTED_EDGE('',*,*,#7252,.F.);
#4506=ORIENTED_EDGE('',*,*,#7247,.F.);
#4507=ORIENTED_EDGE('',*,*,#7251,.T.);
#4508=CARTESIAN_POINT('',(2.32021373022632,-4.65366610814197,-1.0));
#4509=DIRECTION('',(0.707106781186554,0.707106781186541,0.0));
#4510=DIRECTION('',(0.0,0.0,-1.0));
#4511=ORIENTED_EDGE('',*,*,#7108,.T.);
#4512=ORIENTED_EDGE('',*,*,#7253,.F.);
#4513=ORIENTED_EDGE('',*,*,#7248,.F.);
#4514=ORIENTED_EDGE('',*,*,#7252,.T.);
#4515=CARTESIAN_POINT('',(0.0,0.0,-1.0));
#4516=DIRECTION('',(0.0,0.0,-1.0));
#4517=DIRECTION('',(1.0,0.0,0.0));
#4518=ORIENTED_EDGE('',*,*,#7107,.T.);
#4519=ORIENTED_EDGE('',*,*,#6806,.F.);
#4520=ORIENTED_EDGE('',*,*,#7249,.F.);
#4521=ORIENTED_EDGE('',*,*,#7253,.T.);
#4522=CARTESIAN_POINT('',(-4.75,-4.6,-1.0));
#4523=DIRECTION('',(0.0,1.0,0.0));
#4524=DIRECTION('',(1.0,0.0,-0.0));
#4525=ORIENTED_EDGE('',*,*,#7254,.F.);
#4526=ORIENTED_EDGE('',*,*,#7255,.F.);
#4527=ORIENTED_EDGE('',*,*,#6685,.F.);
#4528=ORIENTED_EDGE('',*,*,#7256,.F.);
#4529=ORIENTED_EDGE('',*,*,#6679,.T.);
#4530=ORIENTED_EDGE('',*,*,#6750,.T.);
#4531=CARTESIAN_POINT('',(0.0,3.99,-7.0));
#4532=DIRECTION('',(0.0,0.0,-1.0));
#4533=DIRECTION('',(0.0,-1.0,0.0));
#4534=ORIENTED_EDGE('',*,*,#7257,.F.);
#4535=ORIENTED_EDGE('',*,*,#7258,.T.);
#4536=ORIENTED_EDGE('',*,*,#7259,.F.);
#4537=ORIENTED_EDGE('',*,*,#7260,.F.);
#4538=ORIENTED_EDGE('',*,*,#7261,.F.);
#4539=ORIENTED_EDGE('',*,*,#7262,.F.);
#4540=ORIENTED_EDGE('',*,*,#7263,.T.);
#4541=ORIENTED_EDGE('',*,*,#7264,.F.);
#4542=ORIENTED_EDGE('',*,*,#7265,.F.);
#4543=ORIENTED_EDGE('',*,*,#7266,.F.);
#4544=ORIENTED_EDGE('',*,*,#7267,.T.);
#4545=CARTESIAN_POINT('',(0.0,0.0,-1.9));
#4546=DIRECTION('',(0.0,0.0,1.0));
#4547=DIRECTION('',(-1.0,0.0,0.0));
#4548=ORIENTED_EDGE('',*,*,#7268,.F.);
#4549=ORIENTED_EDGE('',*,*,#7269,.T.);
#4550=ORIENTED_EDGE('',*,*,#7270,.F.);
#4551=ORIENTED_EDGE('',*,*,#6717,.F.);
#4552=ORIENTED_EDGE('',*,*,#7271,.F.);
#4553=ORIENTED_EDGE('',*,*,#7272,.F.);
#4554=ORIENTED_EDGE('',*,*,#7273,.F.);
#4555=ORIENTED_EDGE('',*,*,#7274,.T.);
#4556=ORIENTED_EDGE('',*,*,#7262,.T.);
#4557=ORIENTED_EDGE('',*,*,#7275,.T.);
#4558=ORIENTED_EDGE('',*,*,#7276,.T.);
#4559=ORIENTED_EDGE('',*,*,#7277,.T.);
#4560=ORIENTED_EDGE('',*,*,#7278,.T.);
#4561=ORIENTED_EDGE('',*,*,#7279,.T.);
#4562=ORIENTED_EDGE('',*,*,#7280,.T.);
#4563=ORIENTED_EDGE('',*,*,#7281,.T.);
#4564=ORIENTED_EDGE('',*,*,#7282,.T.);
#4565=CARTESIAN_POINT('',(5.35,-1.95,-3.3));
#4566=DIRECTION('',(0.0,0.0,-1.0));
#4567=DIRECTION('',(0.0,-1.0,0.0));
#4568=ORIENTED_EDGE('',*,*,#7283,.F.);
#4569=ORIENTED_EDGE('',*,*,#7284,.F.);
#4570=ORIENTED_EDGE('',*,*,#7285,.F.);
#4571=ORIENTED_EDGE('',*,*,#7286,.F.);
#4572=CARTESIAN_POINT('',(0.8,-6.2,-1.9));
#4573=DIRECTION('',(0.0,0.0,-1.0));
#4574=DIRECTION('',(0.0,-1.0,0.0));
#4575=ORIENTED_EDGE('',*,*,#7287,.F.);
#4576=ORIENTED_EDGE('',*,*,#7174,.T.);
#4577=ORIENTED_EDGE('',*,*,#7288,.F.);
#4578=ORIENTED_EDGE('',*,*,#7275,.F.);
#4579=ORIENTED_EDGE('',*,*,#7289,.T.);
#4580=CARTESIAN_POINT('',(1.0,-5.8,-6.2540659228538));
#4581=DIRECTION('',(-1.0,0.0,0.0));
#4582=DIRECTION('',(0.0,0.0,1.0));
#4583=ORIENTED_EDGE('',*,*,#7290,.F.);
#4584=ORIENTED_EDGE('',*,*,#7289,.F.);
#4585=ORIENTED_EDGE('',*,*,#7282,.F.);
#4586=ORIENTED_EDGE('',*,*,#7291,.T.);
#4587=CARTESIAN_POINT('',(0.8,-5.8,-6.2540659228538));
#4588=DIRECTION('',(0.0,0.0,-1.0));
#4589=DIRECTION('',(1.0,0.0,0.0));
#4590=ORIENTED_EDGE('',*,*,#7292,.F.);
#4591=ORIENTED_EDGE('',*,*,#7291,.F.);
#4592=ORIENTED_EDGE('',*,*,#7281,.F.);
#4593=ORIENTED_EDGE('',*,*,#7293,.T.);
#4594=CARTESIAN_POINT('',(0.8,-5.6,-6.2540659228538));
#4595=DIRECTION('',(0.0,-1.0,0.0));
#4596=DIRECTION('',(0.0,0.0,-1.0));
#4597=ORIENTED_EDGE('',*,*,#7294,.F.);
#4598=ORIENTED_EDGE('',*,*,#7293,.F.);
#4599=ORIENTED_EDGE('',*,*,#7280,.F.);
#4600=ORIENTED_EDGE('',*,*,#7295,.T.);
#4601=CARTESIAN_POINT('',(-0.8,-5.8,-6.2540659228538));
#4602=DIRECTION('',(0.0,0.0,-1.0));
#4603=DIRECTION('',(1.0,0.0,0.0));
#4604=ORIENTED_EDGE('',*,*,#7296,.F.);
#4605=ORIENTED_EDGE('',*,*,#7295,.F.);
#4606=ORIENTED_EDGE('',*,*,#7279,.F.);
#4607=ORIENTED_EDGE('',*,*,#7297,.T.);
#4608=ORIENTED_EDGE('',*,*,#7170,.T.);
#4609=CARTESIAN_POINT('',(-1.0,-5.8,-6.2540659228538));
#4610=DIRECTION('',(1.0,0.0,0.0));
#4611=DIRECTION('',(0.0,1.0,-0.0));
#4612=ORIENTED_EDGE('',*,*,#7298,.F.);
#4613=ORIENTED_EDGE('',*,*,#7166,.T.);
#4614=ORIENTED_EDGE('',*,*,#7297,.F.);
#4615=ORIENTED_EDGE('',*,*,#7278,.F.);
#4616=ORIENTED_EDGE('',*,*,#7299,.T.);
#4617=ORIENTED_EDGE('',*,*,#7284,.T.);
#4618=CARTESIAN_POINT('',(-0.8,-6.2,-6.2540659228538));
#4619=DIRECTION('',(0.0,0.0,-1.0));
#4620=DIRECTION('',(1.0,0.0,0.0));
#4621=ORIENTED_EDGE('',*,*,#7277,.F.);
#4622=ORIENTED_EDGE('',*,*,#7300,.T.);
#4623=ORIENTED_EDGE('',*,*,#7285,.T.);
#4624=ORIENTED_EDGE('',*,*,#7299,.F.);
#4625=CARTESIAN_POINT('',(0.8,-6.4,-6.2540659228538));
#4626=DIRECTION('',(0.0,1.0,0.0));
#4627=DIRECTION('',(1.0,0.0,-0.0));
#4628=ORIENTED_EDGE('',*,*,#7301,.F.);
#4629=ORIENTED_EDGE('',*,*,#7286,.T.);
#4630=ORIENTED_EDGE('',*,*,#7300,.F.);
#4631=ORIENTED_EDGE('',*,*,#7276,.F.);
#4632=ORIENTED_EDGE('',*,*,#7288,.T.);
#4633=ORIENTED_EDGE('',*,*,#7173,.T.);
#4634=CARTESIAN_POINT('',(0.8,-6.2,-6.2540659228538));
#4635=DIRECTION('',(0.0,0.0,-1.0));
#4636=DIRECTION('',(1.0,0.0,0.0));
#4637=ORIENTED_EDGE('',*,*,#7302,.T.);
#4638=ORIENTED_EDGE('',*,*,#7303,.T.);
#4639=ORIENTED_EDGE('',*,*,#7304,.F.);
#4640=ORIENTED_EDGE('',*,*,#7305,.T.);
#4641=CARTESIAN_POINT('',(0.0,0.0,-2.2));
#4642=DIRECTION('',(0.0,0.0,-1.0));
#4643=DIRECTION('',(1.0,0.0,0.0));
#4644=ORIENTED_EDGE('',*,*,#7306,.F.);
#4645=ORIENTED_EDGE('',*,*,#7307,.T.);
#4646=ORIENTED_EDGE('',*,*,#7308,.T.);
#4647=ORIENTED_EDGE('',*,*,#7309,.T.);
#4648=CARTESIAN_POINT('',(0.0,0.0,-2.2));
#4649=DIRECTION('',(0.0,0.0,-1.0));
#4650=DIRECTION('',(1.0,0.0,0.0));
#4651=ORIENTED_EDGE('',*,*,#7310,.T.);
#4652=ORIENTED_EDGE('',*,*,#7311,.T.);
#4653=ORIENTED_EDGE('',*,*,#7312,.F.);
#4654=ORIENTED_EDGE('',*,*,#7313,.T.);
#4655=CARTESIAN_POINT('',(0.0,0.0,-2.2));
#4656=DIRECTION('',(0.0,0.0,-1.0));
#4657=DIRECTION('',(1.0,0.0,0.0));
#4658=ORIENTED_EDGE('',*,*,#7314,.F.);
#4659=ORIENTED_EDGE('',*,*,#7315,.T.);
#4660=ORIENTED_EDGE('',*,*,#7316,.T.);
#4661=ORIENTED_EDGE('',*,*,#7317,.T.);
#4662=CARTESIAN_POINT('',(0.0,0.0,-2.2));
#4663=DIRECTION('',(0.0,0.0,-1.0));
#4664=DIRECTION('',(1.0,0.0,0.0));
#4665=ORIENTED_EDGE('',*,*,#7318,.T.);
#4666=ORIENTED_EDGE('',*,*,#7201,.T.);
#4667=ORIENTED_EDGE('',*,*,#6802,.T.);
#4668=ORIENTED_EDGE('',*,*,#7237,.T.);
#4669=ORIENTED_EDGE('',*,*,#7319,.F.);
#4670=CARTESIAN_POINT('',(-5.35,-2.05,-1.9));
#4671=DIRECTION('',(7.22801448323666E-16,-1.0,0.0));
#4672=DIRECTION('',(0.0,0.0,-1.0));
#4673=ORIENTED_EDGE('',*,*,#7320,.T.);
#4674=ORIENTED_EDGE('',*,*,#7233,.T.);
#4675=ORIENTED_EDGE('',*,*,#6776,.F.);
#4676=ORIENTED_EDGE('',*,*,#7194,.T.);
#4677=ORIENTED_EDGE('',*,*,#7321,.T.);
#4678=CARTESIAN_POINT('',(4.75,-2.05,-1.9));
#4679=DIRECTION('',(-7.22801448323666E-16,-1.0,0.0));
#4680=DIRECTION('',(-1.0,7.22801448323666E-16,0.0));
#4681=ORIENTED_EDGE('',*,*,#7322,.F.);
#4682=ORIENTED_EDGE('',*,*,#7234,.T.);
#4683=ORIENTED_EDGE('',*,*,#7320,.F.);
#4684=ORIENTED_EDGE('',*,*,#7323,.T.);
#4685=ORIENTED_EDGE('',*,*,#7324,.F.);
#4686=ORIENTED_EDGE('',*,*,#7325,.F.);
#4687=ORIENTED_EDGE('',*,*,#7326,.T.);
#4688=ORIENTED_EDGE('',*,*,#7327,.T.);
#4689=ORIENTED_EDGE('',*,*,#7328,.T.);
#4690=ORIENTED_EDGE('',*,*,#7230,.T.);
#4691=CARTESIAN_POINT('',(5.35,2.05,-1.9));
#4692=DIRECTION('',(1.0,0.0,0.0));
#4693=DIRECTION('',(0.0,1.0,-0.0));
#4694=ORIENTED_EDGE('',*,*,#7329,.T.);
#4695=ORIENTED_EDGE('',*,*,#7221,.T.);
#4696=ORIENTED_EDGE('',*,*,#6780,.T.);
#4697=ORIENTED_EDGE('',*,*,#7231,.T.);
#4698=ORIENTED_EDGE('',*,*,#7328,.F.);
#4699=CARTESIAN_POINT('',(4.75,2.05,-1.9));
#4700=DIRECTION('',(-3.77621786342501E-46,1.0,5.22441933698789E-31));
#4701=DIRECTION('',(1.0,0.0,7.22801448323666E-16));
#4702=ORIENTED_EDGE('',*,*,#7330,.T.);
#4703=ORIENTED_EDGE('',*,*,#7239,.T.);
#4704=ORIENTED_EDGE('',*,*,#6798,.F.);
#4705=ORIENTED_EDGE('',*,*,#7215,.T.);
#4706=ORIENTED_EDGE('',*,*,#7331,.T.);
#4707=CARTESIAN_POINT('',(-5.35,2.05,-1.9));
#4708=DIRECTION('',(3.77621786342501E-46,1.0,5.22441933698789E-31));
#4709=DIRECTION('',(1.0,0.0,-7.22801448323666E-16));
#4710=ORIENTED_EDGE('',*,*,#7332,.F.);
#4711=ORIENTED_EDGE('',*,*,#7240,.T.);
#4712=ORIENTED_EDGE('',*,*,#7330,.F.);
#4713=ORIENTED_EDGE('',*,*,#7333,.T.);
#4714=ORIENTED_EDGE('',*,*,#7334,.F.);
#4715=ORIENTED_EDGE('',*,*,#7335,.F.);
#4716=ORIENTED_EDGE('',*,*,#7336,.T.);
#4717=ORIENTED_EDGE('',*,*,#7337,.T.);
#4718=ORIENTED_EDGE('',*,*,#7319,.T.);
#4719=ORIENTED_EDGE('',*,*,#7236,.T.);
#4720=CARTESIAN_POINT('',(-5.35,2.05,-1.9));
#4721=DIRECTION('',(-1.0,-4.23103286823612E-16,0.0));
#4722=DIRECTION('',(-4.23103286823612E-16,1.0,0.0));
#4723=ORIENTED_EDGE('',*,*,#7338,.F.);
#4724=ORIENTED_EDGE('',*,*,#7180,.T.);
#4725=ORIENTED_EDGE('',*,*,#7339,.F.);
#4726=ORIENTED_EDGE('',*,*,#7317,.F.);
#4727=ORIENTED_EDGE('',*,*,#7340,.T.);
#4728=ORIENTED_EDGE('',*,*,#7198,.T.);
#4729=CARTESIAN_POINT('',(2.8,-6.25,-2.2));
#4730=DIRECTION('',(-1.0,0.0,0.0));
#4731=DIRECTION('',(0.0,0.0,1.0));
#4732=ORIENTED_EDGE('',*,*,#7341,.F.);
#4733=ORIENTED_EDGE('',*,*,#7178,.T.);
#4734=ORIENTED_EDGE('',*,*,#7342,.T.);
#4735=ORIENTED_EDGE('',*,*,#7209,.T.);
#4736=ORIENTED_EDGE('',*,*,#7343,.T.);
#4737=ORIENTED_EDGE('',*,*,#7313,.F.);
#4738=CARTESIAN_POINT('',(-2.8,-6.25,-2.2));
#4739=DIRECTION('',(1.0,-2.01712032090326E-16,0.0));
#4740=DIRECTION('',(0.0,0.0,1.0));
#4741=ORIENTED_EDGE('',*,*,#6763,.F.);
#4742=ORIENTED_EDGE('',*,*,#7187,.T.);
#4743=ORIENTED_EDGE('',*,*,#7344,.F.);
#4744=ORIENTED_EDGE('',*,*,#7309,.F.);
#4745=ORIENTED_EDGE('',*,*,#7345,.T.);
#4746=ORIENTED_EDGE('',*,*,#7219,.T.);
#4747=CARTESIAN_POINT('',(-2.8,4.85,-2.2));
#4748=DIRECTION('',(1.0,3.34438910369354E-48,2.23637450810424E-32));
#4749=DIRECTION('',(0.0,1.0,-1.4954512723938E-16));
#4750=ORIENTED_EDGE('',*,*,#7346,.F.);
#4751=ORIENTED_EDGE('',*,*,#7185,.T.);
#4752=ORIENTED_EDGE('',*,*,#6757,.T.);
#4753=ORIENTED_EDGE('',*,*,#7228,.T.);
#4754=ORIENTED_EDGE('',*,*,#7347,.T.);
#4755=ORIENTED_EDGE('',*,*,#7305,.F.);
#4756=CARTESIAN_POINT('',(2.8,4.85,-2.2));
#4757=DIRECTION('',(-1.0,1.4954512723938E-16,0.0));
#4758=DIRECTION('',(0.0,0.0,1.0));
#4759=ORIENTED_EDGE('',*,*,#7348,.F.);
#4760=ORIENTED_EDGE('',*,*,#7349,.T.);
#4761=ORIENTED_EDGE('',*,*,#7350,.T.);
#4762=ORIENTED_EDGE('',*,*,#7351,.T.);
#4763=ORIENTED_EDGE('',*,*,#7352,.T.);
#4764=ORIENTED_EDGE('',*,*,#7222,.T.);
#4765=ORIENTED_EDGE('',*,*,#7329,.F.);
#4766=ORIENTED_EDGE('',*,*,#7327,.F.);
#4767=ORIENTED_EDGE('',*,*,#7353,.F.);
#4768=ORIENTED_EDGE('',*,*,#7302,.F.);
#4769=ORIENTED_EDGE('',*,*,#7347,.F.);
#4770=ORIENTED_EDGE('',*,*,#7229,.T.);
#4771=ORIENTED_EDGE('',*,*,#7227,.T.);
#4772=CARTESIAN_POINT('',(-4.25,-5.75,-1.9));
#4773=DIRECTION('',(0.0,0.0,1.0));
#4774=DIRECTION('',(1.0,-0.0,0.0));
#4775=ORIENTED_EDGE('',*,*,#7354,.F.);
#4776=ORIENTED_EDGE('',*,*,#7217,.T.);
#4777=ORIENTED_EDGE('',*,*,#7220,.T.);
#4778=ORIENTED_EDGE('',*,*,#7345,.F.);
#4779=ORIENTED_EDGE('',*,*,#7308,.F.);
#4780=ORIENTED_EDGE('',*,*,#7355,.F.);
#4781=ORIENTED_EDGE('',*,*,#7333,.F.);
#4782=ORIENTED_EDGE('',*,*,#7331,.F.);
#4783=ORIENTED_EDGE('',*,*,#7214,.T.);
#4784=ORIENTED_EDGE('',*,*,#7356,.F.);
#4785=ORIENTED_EDGE('',*,*,#7357,.T.);
#4786=ORIENTED_EDGE('',*,*,#7358,.F.);
#4787=ORIENTED_EDGE('',*,*,#7359,.T.);
#4788=CARTESIAN_POINT('',(-4.25,-5.75,-1.9));
#4789=DIRECTION('',(0.0,0.0,1.0));
#4790=DIRECTION('',(1.0,-0.0,0.0));
#4791=ORIENTED_EDGE('',*,*,#7360,.F.);
#4792=ORIENTED_EDGE('',*,*,#7361,.T.);
#4793=ORIENTED_EDGE('',*,*,#7362,.T.);
#4794=ORIENTED_EDGE('',*,*,#7363,.T.);
#4795=ORIENTED_EDGE('',*,*,#7364,.T.);
#4796=ORIENTED_EDGE('',*,*,#7202,.T.);
#4797=ORIENTED_EDGE('',*,*,#7318,.F.);
#4798=ORIENTED_EDGE('',*,*,#7337,.F.);
#4799=ORIENTED_EDGE('',*,*,#7365,.F.);
#4800=ORIENTED_EDGE('',*,*,#7310,.F.);
#4801=ORIENTED_EDGE('',*,*,#7343,.F.);
#4802=ORIENTED_EDGE('',*,*,#7211,.T.);
#4803=ORIENTED_EDGE('',*,*,#7208,.T.);
#4804=ORIENTED_EDGE('',*,*,#7204,.T.);
#4805=CARTESIAN_POINT('',(-4.25,-5.75,-1.9));
#4806=DIRECTION('',(0.0,0.0,1.0));
#4807=DIRECTION('',(1.0,-0.0,0.0));
#4808=ORIENTED_EDGE('',*,*,#7366,.F.);
#4809=ORIENTED_EDGE('',*,*,#7191,.T.);
#4810=ORIENTED_EDGE('',*,*,#7196,.T.);
#4811=ORIENTED_EDGE('',*,*,#7199,.T.);
#4812=ORIENTED_EDGE('',*,*,#7340,.F.);
#4813=ORIENTED_EDGE('',*,*,#7316,.F.);
#4814=ORIENTED_EDGE('',*,*,#7367,.F.);
#4815=ORIENTED_EDGE('',*,*,#7323,.F.);
#4816=ORIENTED_EDGE('',*,*,#7321,.F.);
#4817=ORIENTED_EDGE('',*,*,#7193,.T.);
#4818=ORIENTED_EDGE('',*,*,#7368,.F.);
#4819=ORIENTED_EDGE('',*,*,#7369,.T.);
#4820=ORIENTED_EDGE('',*,*,#7370,.F.);
#4821=ORIENTED_EDGE('',*,*,#7371,.T.);
#4822=CARTESIAN_POINT('',(-4.25,-5.75,-1.9));
#4823=DIRECTION('',(0.0,0.0,1.0));
#4824=DIRECTION('',(1.0,-0.0,0.0));
#4825=ORIENTED_EDGE('',*,*,#7339,.T.);
#4826=ORIENTED_EDGE('',*,*,#7183,.T.);
#4827=ORIENTED_EDGE('',*,*,#7372,.F.);
#4828=ORIENTED_EDGE('',*,*,#7258,.F.);
#4829=ORIENTED_EDGE('',*,*,#7373,.T.);
#4830=ORIENTED_EDGE('',*,*,#7314,.T.);
#4831=CARTESIAN_POINT('',(-2.8,-6.25,-2.2));
#4832=DIRECTION('',(0.0,0.0,-1.0));
#4833=DIRECTION('',(0.0,-1.0,0.0));
#4834=ORIENTED_EDGE('',*,*,#7374,.F.);
#4835=ORIENTED_EDGE('',*,*,#7179,.T.);
#4836=ORIENTED_EDGE('',*,*,#7341,.T.);
#4837=ORIENTED_EDGE('',*,*,#7312,.T.);
#4838=ORIENTED_EDGE('',*,*,#7375,.T.);
#4839=ORIENTED_EDGE('',*,*,#7267,.F.);
#4840=CARTESIAN_POINT('',(-2.8,-6.25,-2.2));
#4841=DIRECTION('',(0.0,0.0,-1.0));
#4842=DIRECTION('',(0.0,-1.0,0.0));
#4843=ORIENTED_EDGE('',*,*,#7344,.T.);
#4844=ORIENTED_EDGE('',*,*,#7189,.T.);
#4845=ORIENTED_EDGE('',*,*,#7376,.F.);
#4846=ORIENTED_EDGE('',*,*,#7269,.F.);
#4847=ORIENTED_EDGE('',*,*,#7377,.T.);
#4848=ORIENTED_EDGE('',*,*,#7306,.T.);
#4849=CARTESIAN_POINT('',(2.8,4.85,-2.2));
#4850=DIRECTION('',(0.0,0.0,-1.0));
#4851=DIRECTION('',(0.0,-1.0,0.0));
#4852=ORIENTED_EDGE('',*,*,#7378,.F.);
#4853=ORIENTED_EDGE('',*,*,#7186,.T.);
#4854=ORIENTED_EDGE('',*,*,#7346,.T.);
#4855=ORIENTED_EDGE('',*,*,#7304,.T.);
#4856=ORIENTED_EDGE('',*,*,#7379,.T.);
#4857=ORIENTED_EDGE('',*,*,#7263,.F.);
#4858=ORIENTED_EDGE('',*,*,#7274,.F.);
#4859=CARTESIAN_POINT('',(2.8,4.85,-2.2));
#4860=DIRECTION('',(0.0,0.0,-1.0));
#4861=DIRECTION('',(0.0,-1.0,0.0));
#4862=ORIENTED_EDGE('',*,*,#7380,.F.);
#4863=ORIENTED_EDGE('',*,*,#7164,.T.);
#4864=ORIENTED_EDGE('',*,*,#6759,.T.);
#4865=ORIENTED_EDGE('',*,*,#7184,.T.);
#4866=ORIENTED_EDGE('',*,*,#7378,.T.);
#4867=ORIENTED_EDGE('',*,*,#7273,.T.);
#4868=ORIENTED_EDGE('',*,*,#7381,.T.);
#4869=ORIENTED_EDGE('',*,*,#6720,.T.);
#4870=CARTESIAN_POINT('',(2.0,4.85,-2.5));
#4871=DIRECTION('',(-1.0,0.0,0.0));
#4872=DIRECTION('',(0.0,0.0,1.0));
#4873=ORIENTED_EDGE('',*,*,#6761,.F.);
#4874=ORIENTED_EDGE('',*,*,#7163,.T.);
#4875=ORIENTED_EDGE('',*,*,#7382,.F.);
#4876=ORIENTED_EDGE('',*,*,#6718,.T.);
#4877=ORIENTED_EDGE('',*,*,#7270,.T.);
#4878=ORIENTED_EDGE('',*,*,#7376,.T.);
#4879=ORIENTED_EDGE('',*,*,#7188,.T.);
#4880=CARTESIAN_POINT('',(-2.0,4.85,-2.5));
#4881=DIRECTION('',(1.0,-5.98180508957519E-16,0.0));
#4882=DIRECTION('',(0.0,0.0,1.0));
#4883=ORIENTED_EDGE('',*,*,#7383,.F.);
#4884=ORIENTED_EDGE('',*,*,#7168,.T.);
#4885=ORIENTED_EDGE('',*,*,#7384,.T.);
#4886=ORIENTED_EDGE('',*,*,#7176,.T.);
#4887=ORIENTED_EDGE('',*,*,#7374,.T.);
#4888=ORIENTED_EDGE('',*,*,#7266,.T.);
#4889=ORIENTED_EDGE('',*,*,#7385,.T.);
#4890=CARTESIAN_POINT('',(-2.0,-1.95,-2.5));
#4891=DIRECTION('',(1.0,8.20720750122446E-48,4.06877438900089E-32));
#4892=DIRECTION('',(0.0,1.0,-2.01712032090326E-16));
#4893=ORIENTED_EDGE('',*,*,#7386,.F.);
#4894=ORIENTED_EDGE('',*,*,#7171,.T.);
#4895=ORIENTED_EDGE('',*,*,#7387,.F.);
#4896=ORIENTED_EDGE('',*,*,#7388,.T.);
#4897=ORIENTED_EDGE('',*,*,#7259,.T.);
#4898=ORIENTED_EDGE('',*,*,#7372,.T.);
#4899=ORIENTED_EDGE('',*,*,#7182,.T.);
#4900=CARTESIAN_POINT('',(2.0,-1.95,-2.5));
#4901=DIRECTION('',(-1.0,4.03424064180653E-16,0.0));
#4902=DIRECTION('',(0.0,0.0,1.0));
#4903=ORIENTED_EDGE('',*,*,#7389,.F.);
#4904=ORIENTED_EDGE('',*,*,#7390,.T.);
#4905=ORIENTED_EDGE('',*,*,#7271,.T.);
#4906=ORIENTED_EDGE('',*,*,#7261,.T.);
#4907=ORIENTED_EDGE('',*,*,#7379,.F.);
#4908=ORIENTED_EDGE('',*,*,#7303,.F.);
#4909=ORIENTED_EDGE('',*,*,#7353,.T.);
#4910=ORIENTED_EDGE('',*,*,#7326,.F.);
#4911=CARTESIAN_POINT('',(5.35,1.95,-2.5));
#4912=DIRECTION('',(6.47284879095823E-17,-1.0,0.0));
#4913=DIRECTION('',(0.0,0.0,-1.0));
#4914=ORIENTED_EDGE('',*,*,#7377,.F.);
#4915=ORIENTED_EDGE('',*,*,#7268,.T.);
#4916=ORIENTED_EDGE('',*,*,#6716,.T.);
#4917=ORIENTED_EDGE('',*,*,#7391,.T.);
#4918=ORIENTED_EDGE('',*,*,#7392,.F.);
#4919=ORIENTED_EDGE('',*,*,#7334,.T.);
#4920=ORIENTED_EDGE('',*,*,#7355,.T.);
#4921=ORIENTED_EDGE('',*,*,#7307,.F.);
#4922=CARTESIAN_POINT('',(-2.0,1.95,-2.5));
#4923=DIRECTION('',(-1.94185463728747E-16,-1.0,0.0));
#4924=DIRECTION('',(-1.0,1.94185463728747E-16,0.0));
#4925=ORIENTED_EDGE('',*,*,#7393,.F.);
#4926=ORIENTED_EDGE('',*,*,#7394,.T.);
#4927=ORIENTED_EDGE('',*,*,#7264,.T.);
#4928=ORIENTED_EDGE('',*,*,#7375,.F.);
#4929=ORIENTED_EDGE('',*,*,#7311,.F.);
#4930=ORIENTED_EDGE('',*,*,#7365,.T.);
#4931=ORIENTED_EDGE('',*,*,#7336,.F.);
#4932=CARTESIAN_POINT('',(-2.0,-1.95,-2.5));
#4933=DIRECTION('',(-7.32234436399922E-48,1.0,3.77079943235485E-32));
#4934=DIRECTION('',(1.0,0.0,1.94185463728747E-16));
#4935=ORIENTED_EDGE('',*,*,#7395,.T.);
#4936=ORIENTED_EDGE('',*,*,#7396,.T.);
#4937=ORIENTED_EDGE('',*,*,#7397,.F.);
#4938=ORIENTED_EDGE('',*,*,#7324,.T.);
#4939=ORIENTED_EDGE('',*,*,#7367,.T.);
#4940=ORIENTED_EDGE('',*,*,#7315,.F.);
#4941=ORIENTED_EDGE('',*,*,#7373,.F.);
#4942=ORIENTED_EDGE('',*,*,#7257,.T.);
#4943=CARTESIAN_POINT('',(5.35,-1.95,-2.5));
#4944=DIRECTION('',(2.71197939407378E-49,1.0,4.18977714706094E-33));
#4945=DIRECTION('',(1.0,0.0,-6.47284879095823E-17));
#4946=ORIENTED_EDGE('',*,*,#7398,.F.);
#4947=ORIENTED_EDGE('',*,*,#7393,.T.);
#4948=ORIENTED_EDGE('',*,*,#7335,.T.);
#4949=ORIENTED_EDGE('',*,*,#7392,.T.);
#4950=CARTESIAN_POINT('',(5.35,-1.95,-2.5));
#4951=DIRECTION('',(0.0,0.0,-1.0));
#4952=DIRECTION('',(0.0,-1.0,0.0));
#4953=ORIENTED_EDGE('',*,*,#7382,.T.);
#4954=ORIENTED_EDGE('',*,*,#7165,.T.);
#4955=ORIENTED_EDGE('',*,*,#7380,.T.);
#4956=ORIENTED_EDGE('',*,*,#6719,.F.);
#4957=CARTESIAN_POINT('',(5.35,-1.95,-2.5));
#4958=DIRECTION('',(0.0,0.0,-1.0));
#4959=DIRECTION('',(0.0,-1.0,0.0));
#4960=ORIENTED_EDGE('',*,*,#7399,.F.);
#4961=ORIENTED_EDGE('',*,*,#7389,.T.);
#4962=ORIENTED_EDGE('',*,*,#7325,.T.);
#4963=ORIENTED_EDGE('',*,*,#7397,.T.);
#4964=CARTESIAN_POINT('',(5.35,-1.95,-2.5));
#4965=DIRECTION('',(0.0,0.0,-1.0));
#4966=DIRECTION('',(0.0,-1.0,0.0));
#4967=ORIENTED_EDGE('',*,*,#7387,.T.);
#4968=ORIENTED_EDGE('',*,*,#7175,.T.);
#4969=ORIENTED_EDGE('',*,*,#7287,.T.);
#4970=ORIENTED_EDGE('',*,*,#7290,.T.);
#4971=ORIENTED_EDGE('',*,*,#7292,.T.);
#4972=ORIENTED_EDGE('',*,*,#7294,.T.);
#4973=ORIENTED_EDGE('',*,*,#7296,.T.);
#4974=ORIENTED_EDGE('',*,*,#7169,.T.);
#4975=ORIENTED_EDGE('',*,*,#7383,.T.);
#4976=ORIENTED_EDGE('',*,*,#7400,.F.);
#4977=ORIENTED_EDGE('',*,*,#7401,.F.);
#4978=CARTESIAN_POINT('',(5.35,-1.95,-2.5));
#4979=DIRECTION('',(0.0,0.0,-1.0));
#4980=DIRECTION('',(0.0,-1.0,0.0));
#4981=ORIENTED_EDGE('',*,*,#6715,.T.);
#4982=ORIENTED_EDGE('',*,*,#6746,.T.);
#4983=ORIENTED_EDGE('',*,*,#6724,.T.);
#4984=ORIENTED_EDGE('',*,*,#6711,.T.);
#4985=ORIENTED_EDGE('',*,*,#6710,.T.);
#4986=ORIENTED_EDGE('',*,*,#6705,.T.);
#4987=ORIENTED_EDGE('',*,*,#6704,.T.);
#4988=ORIENTED_EDGE('',*,*,#6699,.T.);
#4989=ORIENTED_EDGE('',*,*,#6698,.T.);
#4990=ORIENTED_EDGE('',*,*,#6693,.T.);
#4991=ORIENTED_EDGE('',*,*,#6692,.T.);
#4992=ORIENTED_EDGE('',*,*,#6687,.T.);
#4993=ORIENTED_EDGE('',*,*,#6686,.T.);
#4994=ORIENTED_EDGE('',*,*,#7255,.T.);
#4995=ORIENTED_EDGE('',*,*,#7402,.F.);
#4996=ORIENTED_EDGE('',*,*,#7400,.T.);
#4997=ORIENTED_EDGE('',*,*,#7385,.F.);
#4998=ORIENTED_EDGE('',*,*,#7265,.T.);
#4999=ORIENTED_EDGE('',*,*,#7394,.F.);
#5000=ORIENTED_EDGE('',*,*,#7398,.T.);
#5001=ORIENTED_EDGE('',*,*,#7391,.F.);
#5002=ORIENTED_EDGE('',*,*,#7403,.T.);
#5003=ORIENTED_EDGE('',*,*,#7256,.T.);
#5004=ORIENTED_EDGE('',*,*,#6684,.F.);
#5005=ORIENTED_EDGE('',*,*,#6689,.F.);
#5006=ORIENTED_EDGE('',*,*,#6691,.F.);
#5007=ORIENTED_EDGE('',*,*,#6695,.F.);
#5008=ORIENTED_EDGE('',*,*,#6697,.F.);
#5009=ORIENTED_EDGE('',*,*,#6701,.F.);
#5010=ORIENTED_EDGE('',*,*,#6703,.F.);
#5011=ORIENTED_EDGE('',*,*,#6707,.F.);
#5012=ORIENTED_EDGE('',*,*,#6709,.F.);
#5013=ORIENTED_EDGE('',*,*,#6713,.F.);
#5014=ORIENTED_EDGE('',*,*,#6723,.F.);
#5015=ORIENTED_EDGE('',*,*,#6747,.F.);
#5016=ORIENTED_EDGE('',*,*,#6721,.F.);
#5017=ORIENTED_EDGE('',*,*,#7381,.F.);
#5018=ORIENTED_EDGE('',*,*,#7272,.T.);
#5019=ORIENTED_EDGE('',*,*,#7390,.F.);
#5020=ORIENTED_EDGE('',*,*,#7399,.T.);
#5021=ORIENTED_EDGE('',*,*,#7396,.F.);
#5022=ORIENTED_EDGE('',*,*,#7402,.T.);
#5023=ORIENTED_EDGE('',*,*,#7254,.T.);
#5024=ORIENTED_EDGE('',*,*,#7403,.F.);
#5025=ORIENTED_EDGE('',*,*,#7395,.F.);
#5026=ORIENTED_EDGE('',*,*,#7260,.T.);
#5027=ORIENTED_EDGE('',*,*,#7388,.F.);
#5028=ORIENTED_EDGE('',*,*,#7401,.T.);
#5029=ORIENTED_EDGE('',*,*,#6804,.F.);
#5030=ORIENTED_EDGE('',*,*,#7207,.T.);
#5031=ORIENTED_EDGE('',*,*,#7404,.T.);
#5032=ORIENTED_EDGE('',*,*,#7242,.F.);
#5033=CARTESIAN_POINT('',(-4.25,-5.75,-1.9));
#5034=DIRECTION('',(0.0,0.0,-1.0));
#5035=DIRECTION('',(1.0,0.0,0.0));
#5036=ORIENTED_EDGE('',*,*,#7405,.F.);
#5037=ORIENTED_EDGE('',*,*,#7197,.T.);
#5038=ORIENTED_EDGE('',*,*,#6774,.T.);
#5039=ORIENTED_EDGE('',*,*,#7244,.F.);
#5040=CARTESIAN_POINT('',(4.25,-5.75,-1.9));
#5041=DIRECTION('',(0.0,0.0,-1.0));
#5042=DIRECTION('',(1.0,0.0,0.0));
#5043=ORIENTED_EDGE('',*,*,#7301,.T.);
#5044=ORIENTED_EDGE('',*,*,#7172,.T.);
#5045=ORIENTED_EDGE('',*,*,#7386,.T.);
#5046=ORIENTED_EDGE('',*,*,#7181,.T.);
#5047=ORIENTED_EDGE('',*,*,#7338,.T.);
#5048=ORIENTED_EDGE('',*,*,#7200,.T.);
#5049=ORIENTED_EDGE('',*,*,#7405,.T.);
#5050=ORIENTED_EDGE('',*,*,#7243,.F.);
#5051=ORIENTED_EDGE('',*,*,#7404,.F.);
#5052=ORIENTED_EDGE('',*,*,#7210,.T.);
#5053=ORIENTED_EDGE('',*,*,#7342,.F.);
#5054=ORIENTED_EDGE('',*,*,#7177,.T.);
#5055=ORIENTED_EDGE('',*,*,#7384,.F.);
#5056=ORIENTED_EDGE('',*,*,#7167,.T.);
#5057=ORIENTED_EDGE('',*,*,#7298,.T.);
#5058=ORIENTED_EDGE('',*,*,#7283,.T.);
#5059=CARTESIAN_POINT('',(-4.25,-6.25,-1.9));
#5060=DIRECTION('',(1.02042557410401E-16,-1.0,0.0));
#5061=DIRECTION('',(0.0,0.0,-1.0));
#5062=ORIENTED_EDGE('',*,*,#7232,.T.);
#5063=ORIENTED_EDGE('',*,*,#6778,.T.);
#5064=ORIENTED_EDGE('',*,*,#7235,.T.);
#5065=ORIENTED_EDGE('',*,*,#7322,.T.);
#5066=CARTESIAN_POINT('',(-4.25,-5.75,0.0));
#5067=DIRECTION('',(0.0,0.0,1.0));
#5068=DIRECTION('',(1.0,-0.0,0.0));
#5069=ORIENTED_EDGE('',*,*,#7406,.F.);
#5070=ORIENTED_EDGE('',*,*,#7407,.F.);
#5071=ORIENTED_EDGE('',*,*,#7408,.F.);
#5072=ORIENTED_EDGE('',*,*,#7409,.F.);
#5073=ORIENTED_EDGE('',*,*,#7410,.F.);
#5074=CARTESIAN_POINT('',(-4.85,-4.4,6.25));
#5075=DIRECTION('',(0.0,1.0,-1.38777878078145E-17));
#5076=DIRECTION('',(-1.0,0.0,0.0));
#5077=ORIENTED_EDGE('',*,*,#7411,.F.);
#5078=ORIENTED_EDGE('',*,*,#7412,.F.);
#5079=ORIENTED_EDGE('',*,*,#7413,.F.);
#5080=ORIENTED_EDGE('',*,*,#7414,.F.);
#5081=ORIENTED_EDGE('',*,*,#7415,.F.);
#5082=CARTESIAN_POINT('',(-4.85,-4.4,6.25));
#5083=DIRECTION('',(0.0,1.0,-1.38777878078145E-17));
#5084=DIRECTION('',(-1.0,0.0,0.0));
#5085=ORIENTED_EDGE('',*,*,#7416,.F.);
#5086=ORIENTED_EDGE('',*,*,#7417,.F.);
#5087=ORIENTED_EDGE('',*,*,#7418,.F.);
#5088=ORIENTED_EDGE('',*,*,#7419,.F.);
#5089=ORIENTED_EDGE('',*,*,#7420,.F.);
#5090=CARTESIAN_POINT('',(4.85,-4.4,6.25));
#5091=DIRECTION('',(0.0,-1.0,1.38777878078145E-17));
#5092=DIRECTION('',(1.0,0.0,0.0));
#5093=ORIENTED_EDGE('',*,*,#7421,.F.);
#5094=ORIENTED_EDGE('',*,*,#7422,.F.);
#5095=ORIENTED_EDGE('',*,*,#7423,.F.);
#5096=ORIENTED_EDGE('',*,*,#7424,.F.);
#5097=ORIENTED_EDGE('',*,*,#7425,.F.);
#5098=CARTESIAN_POINT('',(4.85,-4.4,6.25));
#5099=DIRECTION('',(0.0,-1.0,1.38777878078145E-17));
#5100=DIRECTION('',(1.0,0.0,0.0));
#5101=ORIENTED_EDGE('',*,*,#7426,.F.);
#5102=ORIENTED_EDGE('',*,*,#7427,.F.);
#5103=ORIENTED_EDGE('',*,*,#7428,.F.);
#5104=ORIENTED_EDGE('',*,*,#7429,.F.);
#5105=CARTESIAN_POINT('',(-4.85,4.4,6.65));
#5106=DIRECTION('',(0.0,-1.0,1.38777878078145E-17));
#5107=DIRECTION('',(1.0,0.0,0.0));
#5108=ORIENTED_EDGE('',*,*,#7430,.F.);
#5109=ORIENTED_EDGE('',*,*,#7431,.F.);
#5110=ORIENTED_EDGE('',*,*,#7432,.F.);
#5111=ORIENTED_EDGE('',*,*,#7131,.F.);
#5112=CARTESIAN_POINT('',(-5.25,4.0,6.65));
#5113=DIRECTION('',(-1.0,0.0,3.46944695195361E-17));
#5114=DIRECTION('',(0.0,-1.0,0.0));
#5115=ORIENTED_EDGE('',*,*,#7433,.F.);
#5116=ORIENTED_EDGE('',*,*,#7434,.F.);
#5117=ORIENTED_EDGE('',*,*,#7435,.F.);
#5118=ORIENTED_EDGE('',*,*,#7099,.F.);
#5119=CARTESIAN_POINT('',(-5.25,-4.0,6.65));
#5120=DIRECTION('',(1.0,0.0,-3.46944695195361E-17));
#5121=DIRECTION('',(0.0,1.0,0.0));
#5122=ORIENTED_EDGE('',*,*,#7436,.F.);
#5123=ORIENTED_EDGE('',*,*,#7437,.F.);
#5124=ORIENTED_EDGE('',*,*,#7438,.F.);
#5125=ORIENTED_EDGE('',*,*,#7439,.F.);
#5126=CARTESIAN_POINT('',(4.85,4.4,6.65));
#5127=DIRECTION('',(0.0,1.0,-1.38777878078145E-17));
#5128=DIRECTION('',(-1.0,0.0,0.0));
#5129=ORIENTED_EDGE('',*,*,#7083,.F.);
#5130=ORIENTED_EDGE('',*,*,#7440,.F.);
#5131=ORIENTED_EDGE('',*,*,#7441,.F.);
#5132=ORIENTED_EDGE('',*,*,#7442,.F.);
#5133=CARTESIAN_POINT('',(-3.95,-1.65,6.25));
#5134=DIRECTION('',(2.07293355605264E-17,0.0,-1.0));
#5135=DIRECTION('',(0.0,-1.0,0.0));
#5136=ORIENTED_EDGE('',*,*,#7081,.F.);
#5137=ORIENTED_EDGE('',*,*,#7443,.F.);
#5138=ORIENTED_EDGE('',*,*,#7444,.F.);
#5139=ORIENTED_EDGE('',*,*,#7445,.F.);
#5140=CARTESIAN_POINT('',(-3.95,-1.85,6.25));
#5141=DIRECTION('',(-2.07293355605263E-17,0.0,1.0));
#5142=DIRECTION('',(0.0,1.0,0.0));
#5143=ORIENTED_EDGE('',*,*,#7100,.F.);
#5144=ORIENTED_EDGE('',*,*,#7446,.F.);
#5145=ORIENTED_EDGE('',*,*,#7447,.F.);
#5146=ORIENTED_EDGE('',*,*,#7448,.F.);
#5147=CARTESIAN_POINT('',(-1.7,-4.0,6.25));
#5148=DIRECTION('',(2.07293355605263E-17,0.0,-1.0));
#5149=DIRECTION('',(0.0,-1.0,0.0));
#5150=ORIENTED_EDGE('',*,*,#7102,.F.);
#5151=ORIENTED_EDGE('',*,*,#7449,.F.);
#5152=ORIENTED_EDGE('',*,*,#7450,.F.);
#5153=ORIENTED_EDGE('',*,*,#7451,.F.);
#5154=CARTESIAN_POINT('',(-1.9,-4.0,6.25));
#5155=DIRECTION('',(-2.07293355605263E-17,0.0,1.0));
#5156=DIRECTION('',(0.0,1.0,0.0));
#5157=ORIENTED_EDGE('',*,*,#7452,.F.);
#5158=ORIENTED_EDGE('',*,*,#7453,.F.);
#5159=ORIENTED_EDGE('',*,*,#7454,.F.);
#5160=ORIENTED_EDGE('',*,*,#7455,.F.);
#5161=CARTESIAN_POINT('',(-4.85,-3.0,-1.65));
#5162=DIRECTION('',(-1.0,0.0,3.46944695195361E-17));
#5163=DIRECTION('',(0.0,-1.0,0.0));
#5164=ORIENTED_EDGE('',*,*,#7456,.F.);
#5165=ORIENTED_EDGE('',*,*,#7457,.F.);
#5166=ORIENTED_EDGE('',*,*,#7458,.F.);
#5167=ORIENTED_EDGE('',*,*,#7459,.F.);
#5168=CARTESIAN_POINT('',(-4.85,-2.255,-1.25));
#5169=DIRECTION('',(1.0,0.0,-3.46944695195361E-17));
#5170=DIRECTION('',(0.0,1.0,0.0));
#5171=ORIENTED_EDGE('',*,*,#7460,.F.);
#5172=ORIENTED_EDGE('',*,*,#7461,.F.);
#5173=ORIENTED_EDGE('',*,*,#7462,.F.);
#5174=ORIENTED_EDGE('',*,*,#7463,.F.);
#5175=CARTESIAN_POINT('',(-1.3,-4.0,7.3));
#5176=DIRECTION('',(0.0,1.0,-1.38777878078145E-17));
#5177=DIRECTION('',(-1.0,0.0,0.0));
#5178=ORIENTED_EDGE('',*,*,#7464,.F.);
#5179=ORIENTED_EDGE('',*,*,#7465,.F.);
#5180=ORIENTED_EDGE('',*,*,#7466,.F.);
#5181=ORIENTED_EDGE('',*,*,#7467,.F.);
#5182=CARTESIAN_POINT('',(1.3,-4.0,7.3));
#5183=DIRECTION('',(0.0,-1.0,1.38777878078145E-17));
#5184=DIRECTION('',(1.0,0.0,0.0));
#5185=ORIENTED_EDGE('',*,*,#7085,.F.);
#5186=ORIENTED_EDGE('',*,*,#7468,.F.);
#5187=ORIENTED_EDGE('',*,*,#7469,.F.);
#5188=ORIENTED_EDGE('',*,*,#7470,.F.);
#5189=CARTESIAN_POINT('',(-3.75,-4.4,6.25));
#5190=DIRECTION('',(-2.07293355605263E-17,0.0,1.0));
#5191=DIRECTION('',(0.0,1.0,0.0));
#5192=ORIENTED_EDGE('',*,*,#7105,.F.);
#5193=ORIENTED_EDGE('',*,*,#7471,.T.);
#5194=ORIENTED_EDGE('',*,*,#7472,.F.);
#5195=ORIENTED_EDGE('',*,*,#7473,.F.);
#5196=CARTESIAN_POINT('',(-3.55,-4.4,6.25));
#5197=DIRECTION('',(-2.07293355605263E-17,0.0,1.0));
#5198=DIRECTION('',(0.0,1.0,0.0));
#5199=ORIENTED_EDGE('',*,*,#7474,.T.);
#5200=ORIENTED_EDGE('',*,*,#7475,.T.);
#5201=ORIENTED_EDGE('',*,*,#7476,.F.);
#5202=ORIENTED_EDGE('',*,*,#7477,.F.);
#5203=CARTESIAN_POINT('',(-4.25,-0.7,7.48284271247462));
#5204=DIRECTION('',(1.0,0.0,-3.46944695195361E-17));
#5205=DIRECTION('',(0.0,1.0,0.0));
#5206=ORIENTED_EDGE('',*,*,#7478,.T.);
#5207=ORIENTED_EDGE('',*,*,#7477,.T.);
#5208=ORIENTED_EDGE('',*,*,#7479,.F.);
#5209=ORIENTED_EDGE('',*,*,#7480,.F.);
#5210=CARTESIAN_POINT('',(-4.25,-0.84142135623731,7.34142135623731));
#5211=DIRECTION('',(-8.524680077606E-18,0.707106781186551,0.707106781186544));
#5212=DIRECTION('',(1.0,0.0,1.20557181806422E-17));
#5213=ORIENTED_EDGE('',*,*,#7106,.T.);
#5214=ORIENTED_EDGE('',*,*,#7473,.T.);
#5215=ORIENTED_EDGE('',*,*,#7481,.F.);
#5216=ORIENTED_EDGE('',*,*,#7468,.T.);
#5217=CARTESIAN_POINT('',(-3.35,-4.2,6.25));
#5218=DIRECTION('',(4.81482486096809E-34,-1.0,1.38777878078145E-17));
#5219=DIRECTION('',(-1.0,-4.81482486096809E-34,0.0));
#5220=ORIENTED_EDGE('',*,*,#7080,.T.);
#5221=ORIENTED_EDGE('',*,*,#7482,.T.);
#5222=ORIENTED_EDGE('',*,*,#7413,.T.);
#5223=ORIENTED_EDGE('',*,*,#7483,.F.);
#5224=ORIENTED_EDGE('',*,*,#7443,.T.);
#5225=CARTESIAN_POINT('',(-5.25,-2.05,6.25));
#5226=DIRECTION('',(-4.01235405080672E-33,1.0,-1.38777878078144E-17));
#5227=DIRECTION('',(1.0,0.0,-2.89120579329468E-16));
#5228=ORIENTED_EDGE('',*,*,#7082,.T.);
#5229=ORIENTED_EDGE('',*,*,#7445,.T.);
#5230=ORIENTED_EDGE('',*,*,#7484,.F.);
#5231=ORIENTED_EDGE('',*,*,#7440,.T.);
#5232=CARTESIAN_POINT('',(-3.75,-1.45,6.25));
#5233=DIRECTION('',(-1.0,7.31475065703554E-16,3.46944695195361E-17));
#5234=DIRECTION('',(3.46944695195361E-17,0.0,1.0));
#5235=ORIENTED_EDGE('',*,*,#7485,.F.);
#5236=ORIENTED_EDGE('',*,*,#7449,.T.);
#5237=ORIENTED_EDGE('',*,*,#7101,.T.);
#5238=ORIENTED_EDGE('',*,*,#7448,.T.);
#5239=CARTESIAN_POINT('',(-1.5,-3.8,6.25));
#5240=DIRECTION('',(4.81482486096809E-34,-1.0,1.38777878078145E-17));
#5241=DIRECTION('',(-1.0,-4.81482486096809E-34,0.0));
#5242=ORIENTED_EDGE('',*,*,#7103,.T.);
#5243=ORIENTED_EDGE('',*,*,#7451,.T.);
#5244=ORIENTED_EDGE('',*,*,#7486,.F.);
#5245=ORIENTED_EDGE('',*,*,#7487,.F.);
#5246=CARTESIAN_POINT('',(-2.1,-4.4,6.25));
#5247=DIRECTION('',(1.0,3.00926553810506E-34,-3.46944695195361E-17));
#5248=DIRECTION('',(0.0,1.0,8.67361737988404E-18));
#5249=ORIENTED_EDGE('',*,*,#7488,.F.);
#5250=ORIENTED_EDGE('',*,*,#7489,.F.);
#5251=ORIENTED_EDGE('',*,*,#7490,.F.);
#5252=ORIENTED_EDGE('',*,*,#7491,.F.);
#5253=CARTESIAN_POINT('',(-4.65,-4.4,-1.7));
#5254=DIRECTION('',(0.0,-1.0,1.38777878078145E-17));
#5255=DIRECTION('',(1.0,0.0,0.0));
#5256=ORIENTED_EDGE('',*,*,#7492,.F.);
#5257=ORIENTED_EDGE('',*,*,#7493,.F.);
#5258=ORIENTED_EDGE('',*,*,#7494,.F.);
#5259=ORIENTED_EDGE('',*,*,#7495,.F.);
#5260=CARTESIAN_POINT('',(-4.65,-4.4,-1.7));
#5261=DIRECTION('',(0.0,-1.0,1.38777878078145E-17));
#5262=DIRECTION('',(1.0,0.0,0.0));
#5263=ORIENTED_EDGE('',*,*,#7496,.F.);
#5264=ORIENTED_EDGE('',*,*,#7497,.F.);
#5265=ORIENTED_EDGE('',*,*,#7363,.F.);
#5266=ORIENTED_EDGE('',*,*,#7498,.F.);
#5267=CARTESIAN_POINT('',(-3.1,-3.7,-2.3));
#5268=DIRECTION('',(0.707106781186549,0.707106781186546,-3.43457725337076E-17));
#5269=DIRECTION('',(0.0,-4.85722573273507E-17,-1.0));
#5270=ORIENTED_EDGE('',*,*,#7499,.F.);
#5271=ORIENTED_EDGE('',*,*,#7500,.F.);
#5272=ORIENTED_EDGE('',*,*,#7361,.F.);
#5273=ORIENTED_EDGE('',*,*,#7501,.F.);
#5274=CARTESIAN_POINT('',(-3.3,-4.2,6.65));
#5275=DIRECTION('',(2.07293355605263E-17,0.0,-1.0));
#5276=DIRECTION('',(0.0,-1.0,0.0));
#5277=ORIENTED_EDGE('',*,*,#7502,.F.);
#5278=ORIENTED_EDGE('',*,*,#7493,.T.);
#5279=ORIENTED_EDGE('',*,*,#7503,.F.);
#5280=ORIENTED_EDGE('',*,*,#7496,.T.);
#5281=ORIENTED_EDGE('',*,*,#7504,.F.);
#5282=ORIENTED_EDGE('',*,*,#7499,.T.);
#5283=CARTESIAN_POINT('',(-5.25,-3.2,-2.3));
#5284=DIRECTION('',(-2.87677320305967E-34,1.38777878078145E-17,1.0));
#5285=DIRECTION('',(1.0,2.07293355605263E-17,0.0));
#5286=ORIENTED_EDGE('',*,*,#7504,.T.);
#5287=ORIENTED_EDGE('',*,*,#7498,.T.);
#5288=ORIENTED_EDGE('',*,*,#7362,.F.);
#5289=ORIENTED_EDGE('',*,*,#7500,.T.);
#5290=CARTESIAN_POINT('',(-3.1,-4.4,-2.3));
#5291=DIRECTION('',(1.0,3.00926553810506E-34,-3.46944695195361E-17));
#5292=DIRECTION('',(0.0,1.0,8.67361737988404E-18));
#5293=ORIENTED_EDGE('',*,*,#7505,.T.);
#5294=ORIENTED_EDGE('',*,*,#7456,.T.);
#5295=ORIENTED_EDGE('',*,*,#7506,.T.);
#5296=ORIENTED_EDGE('',*,*,#7507,.F.);
#5297=ORIENTED_EDGE('',*,*,#7508,.T.);
#5298=ORIENTED_EDGE('',*,*,#7491,.T.);
#5299=ORIENTED_EDGE('',*,*,#7509,.T.);
#5300=ORIENTED_EDGE('',*,*,#7452,.T.);
#5301=CARTESIAN_POINT('',(-4.85,-4.4,-1.9));
#5302=DIRECTION('',(-1.0,8.67361737988404E-18,3.46944695195361E-17));
#5303=DIRECTION('',(8.67361737988404E-18,1.0,0.0));
#5304=ORIENTED_EDGE('',*,*,#7506,.F.);
#5305=ORIENTED_EDGE('',*,*,#7459,.T.);
#5306=ORIENTED_EDGE('',*,*,#7510,.T.);
#5307=ORIENTED_EDGE('',*,*,#7511,.F.);
#5308=CARTESIAN_POINT('',(-4.85,-2.055,6.65));
#5309=DIRECTION('',(4.81482486096809E-34,-1.0,1.38777878078145E-17));
#5310=DIRECTION('',(-1.0,-4.81482486096809E-34,0.0));
#5311=ORIENTED_EDGE('',*,*,#7512,.T.);
#5312=ORIENTED_EDGE('',*,*,#7457,.T.);
#5313=ORIENTED_EDGE('',*,*,#7505,.F.);
#5314=ORIENTED_EDGE('',*,*,#7455,.T.);
#5315=CARTESIAN_POINT('',(-4.85,-3.2,-1.45));
#5316=DIRECTION('',(-2.87677320305967E-34,1.38777878078145E-17,1.0));
#5317=DIRECTION('',(1.0,2.07293355605263E-17,0.0));
#5318=ORIENTED_EDGE('',*,*,#7513,.T.);
#5319=ORIENTED_EDGE('',*,*,#7453,.T.);
#5320=ORIENTED_EDGE('',*,*,#7509,.F.);
#5321=ORIENTED_EDGE('',*,*,#7490,.T.);
#5322=ORIENTED_EDGE('',*,*,#7514,.F.);
#5323=ORIENTED_EDGE('',*,*,#7364,.F.);
#5324=ORIENTED_EDGE('',*,*,#7497,.T.);
#5325=ORIENTED_EDGE('',*,*,#7503,.T.);
#5326=ORIENTED_EDGE('',*,*,#7492,.T.);
#5327=CARTESIAN_POINT('',(-4.85,-3.2,-1.9));
#5328=DIRECTION('',(4.81482486096809E-34,-1.0,1.38777878078145E-17));
#5329=DIRECTION('',(-1.0,-4.81482486096809E-34,0.0));
#5330=ORIENTED_EDGE('',*,*,#7515,.F.);
#5331=ORIENTED_EDGE('',*,*,#7516,.F.);
#5332=ORIENTED_EDGE('',*,*,#7517,.F.);
#5333=ORIENTED_EDGE('',*,*,#7518,.F.);
#5334=CARTESIAN_POINT('',(-4.85,-1.25,7.3));
#5335=DIRECTION('',(1.0,0.0,-3.46944695195361E-17));
#5336=DIRECTION('',(0.0,1.0,0.0));
#5337=ORIENTED_EDGE('',*,*,#7519,.F.);
#5338=ORIENTED_EDGE('',*,*,#7520,.F.);
#5339=ORIENTED_EDGE('',*,*,#7521,.F.);
#5340=ORIENTED_EDGE('',*,*,#7522,.F.);
#5341=CARTESIAN_POINT('',(-4.85,1.25,7.3));
#5342=DIRECTION('',(1.0,0.0,-3.46944695195361E-17));
#5343=DIRECTION('',(0.0,1.0,0.0));
#5344=ORIENTED_EDGE('',*,*,#7072,.F.);
#5345=ORIENTED_EDGE('',*,*,#7523,.F.);
#5346=ORIENTED_EDGE('',*,*,#7524,.F.);
#5347=ORIENTED_EDGE('',*,*,#7525,.F.);
#5348=CARTESIAN_POINT('',(-3.95,1.65,6.25));
#5349=DIRECTION('',(-2.07293355605262E-17,0.0,1.0));
#5350=DIRECTION('',(0.0,1.0,0.0));
#5351=ORIENTED_EDGE('',*,*,#7074,.F.);
#5352=ORIENTED_EDGE('',*,*,#7526,.F.);
#5353=ORIENTED_EDGE('',*,*,#7527,.F.);
#5354=ORIENTED_EDGE('',*,*,#7528,.F.);
#5355=CARTESIAN_POINT('',(-3.95,1.85,6.25));
#5356=DIRECTION('',(-2.07293355605263E-17,0.0,1.0));
#5357=DIRECTION('',(0.0,1.0,0.0));
#5358=ORIENTED_EDGE('',*,*,#7130,.F.);
#5359=ORIENTED_EDGE('',*,*,#7529,.F.);
#5360=ORIENTED_EDGE('',*,*,#7530,.F.);
#5361=ORIENTED_EDGE('',*,*,#7531,.F.);
#5362=CARTESIAN_POINT('',(-1.7,4.0,7.5));
#5363=DIRECTION('',(2.07293355605263E-17,0.0,-1.0));
#5364=DIRECTION('',(0.0,-1.0,0.0));
#5365=ORIENTED_EDGE('',*,*,#7128,.F.);
#5366=ORIENTED_EDGE('',*,*,#7532,.F.);
#5367=ORIENTED_EDGE('',*,*,#7533,.F.);
#5368=ORIENTED_EDGE('',*,*,#7534,.F.);
#5369=CARTESIAN_POINT('',(-1.9,4.0,6.25));
#5370=DIRECTION('',(-2.07293355605263E-17,0.0,1.0));
#5371=DIRECTION('',(0.0,1.0,0.0));
#5372=ORIENTED_EDGE('',*,*,#7535,.F.);
#5373=ORIENTED_EDGE('',*,*,#7536,.F.);
#5374=ORIENTED_EDGE('',*,*,#7537,.F.);
#5375=ORIENTED_EDGE('',*,*,#7538,.F.);
#5376=CARTESIAN_POINT('',(-4.85,3.0,-1.65));
#5377=DIRECTION('',(-1.0,0.0,3.46944695195361E-17));
#5378=DIRECTION('',(0.0,-1.0,0.0));
#5379=ORIENTED_EDGE('',*,*,#7539,.F.);
#5380=ORIENTED_EDGE('',*,*,#7540,.F.);
#5381=ORIENTED_EDGE('',*,*,#7541,.F.);
#5382=ORIENTED_EDGE('',*,*,#7542,.F.);
#5383=CARTESIAN_POINT('',(-4.85,2.255,-1.25));
#5384=DIRECTION('',(1.0,0.0,-3.46944695195361E-17));
#5385=DIRECTION('',(0.0,1.0,0.0));
#5386=ORIENTED_EDGE('',*,*,#7543,.F.);
#5387=ORIENTED_EDGE('',*,*,#7544,.F.);
#5388=ORIENTED_EDGE('',*,*,#7545,.F.);
#5389=ORIENTED_EDGE('',*,*,#7546,.F.);
#5390=CARTESIAN_POINT('',(-1.3,4.4,7.3));
#5391=DIRECTION('',(0.0,1.0,-1.38777878078145E-17));
#5392=DIRECTION('',(-1.0,0.0,0.0));
#5393=ORIENTED_EDGE('',*,*,#7547,.F.);
#5394=ORIENTED_EDGE('',*,*,#7548,.F.);
#5395=ORIENTED_EDGE('',*,*,#7549,.F.);
#5396=ORIENTED_EDGE('',*,*,#7550,.F.);
#5397=CARTESIAN_POINT('',(1.3,4.4,7.3));
#5398=DIRECTION('',(0.0,-1.0,1.38777878078145E-17));
#5399=DIRECTION('',(1.0,0.0,0.0));
#5400=ORIENTED_EDGE('',*,*,#7123,.F.);
#5401=ORIENTED_EDGE('',*,*,#7551,.T.);
#5402=ORIENTED_EDGE('',*,*,#7552,.F.);
#5403=ORIENTED_EDGE('',*,*,#7553,.F.);
#5404=CARTESIAN_POINT('',(-3.75,4.4,6.25));
#5405=DIRECTION('',(-2.07293355605263E-17,0.0,1.0));
#5406=DIRECTION('',(0.0,1.0,0.0));
#5407=ORIENTED_EDGE('',*,*,#7125,.F.);
#5408=ORIENTED_EDGE('',*,*,#7554,.F.);
#5409=ORIENTED_EDGE('',*,*,#7555,.F.);
#5410=ORIENTED_EDGE('',*,*,#7556,.F.);
#5411=CARTESIAN_POINT('',(-3.55,4.4,6.25));
#5412=DIRECTION('',(-2.07293355605263E-17,0.0,1.0));
#5413=DIRECTION('',(0.0,1.0,0.0));
#5414=ORIENTED_EDGE('',*,*,#7557,.T.);
#5415=ORIENTED_EDGE('',*,*,#7558,.T.);
#5416=ORIENTED_EDGE('',*,*,#7559,.F.);
#5417=ORIENTED_EDGE('',*,*,#7560,.F.);
#5418=CARTESIAN_POINT('',(-4.25,0.84142135623731,7.34142135623731));
#5419=DIRECTION('',(2.0791027411073E-17,0.707106781186551,-0.707106781186544));
#5420=DIRECTION('',(-1.0,0.0,-2.94029529404104E-17));
#5421=ORIENTED_EDGE('',*,*,#7559,.T.);
#5422=ORIENTED_EDGE('',*,*,#7561,.T.);
#5423=ORIENTED_EDGE('',*,*,#7562,.F.);
#5424=ORIENTED_EDGE('',*,*,#7563,.F.);
#5425=CARTESIAN_POINT('',(-4.25,0.7,7.48284271247462));
#5426=DIRECTION('',(1.0,0.0,-3.46944695195361E-17));
#5427=DIRECTION('',(0.0,1.0,0.0));
#5428=ORIENTED_EDGE('',*,*,#7564,.T.);
#5429=ORIENTED_EDGE('',*,*,#7554,.T.);
#5430=ORIENTED_EDGE('',*,*,#7124,.F.);
#5431=ORIENTED_EDGE('',*,*,#7553,.T.);
#5432=CARTESIAN_POINT('',(-3.35,4.2,6.25));
#5433=DIRECTION('',(4.81482486096809E-34,-1.0,1.38777878078145E-17));
#5434=DIRECTION('',(-1.0,-4.81482486096809E-34,0.0));
#5435=ORIENTED_EDGE('',*,*,#7565,.T.);
#5436=ORIENTED_EDGE('',*,*,#7526,.T.);
#5437=ORIENTED_EDGE('',*,*,#7073,.F.);
#5438=ORIENTED_EDGE('',*,*,#7525,.T.);
#5439=CARTESIAN_POINT('',(-3.75,1.45,6.25));
#5440=DIRECTION('',(1.0,-2.47762862637313E-32,-3.46944695195356E-17));
#5441=DIRECTION('',(0.0,1.0,-7.14127830943786E-16));
#5442=ORIENTED_EDGE('',*,*,#7566,.T.);
#5443=ORIENTED_EDGE('',*,*,#7406,.T.);
#5444=ORIENTED_EDGE('',*,*,#7567,.F.);
#5445=ORIENTED_EDGE('',*,*,#7070,.F.);
#5446=ORIENTED_EDGE('',*,*,#7528,.T.);
#5447=CARTESIAN_POINT('',(-5.25,2.05,6.25));
#5448=DIRECTION('',(4.01235405080671E-33,1.0,-1.38777878078144E-17));
#5449=DIRECTION('',(1.0,0.0,2.89120579329468E-16));
#5450=ORIENTED_EDGE('',*,*,#7568,.T.);
#5451=ORIENTED_EDGE('',*,*,#7532,.T.);
#5452=ORIENTED_EDGE('',*,*,#7127,.F.);
#5453=ORIENTED_EDGE('',*,*,#7569,.T.);
#5454=CARTESIAN_POINT('',(-2.1,4.4,6.25));
#5455=DIRECTION('',(-1.0,8.67361737988404E-18,3.46944695195361E-17));
#5456=DIRECTION('',(8.67361737988404E-18,1.0,0.0));
#5457=ORIENTED_EDGE('',*,*,#7129,.F.);
#5458=ORIENTED_EDGE('',*,*,#7534,.T.);
#5459=ORIENTED_EDGE('',*,*,#7570,.T.);
#5460=ORIENTED_EDGE('',*,*,#7529,.T.);
#5461=CARTESIAN_POINT('',(-1.5,3.8,6.25));
#5462=DIRECTION('',(4.81482486096809E-34,-1.0,1.38777878078145E-17));
#5463=DIRECTION('',(-1.0,-4.81482486096809E-34,0.0));
#5464=ORIENTED_EDGE('',*,*,#7571,.F.);
#5465=ORIENTED_EDGE('',*,*,#7572,.F.);
#5466=ORIENTED_EDGE('',*,*,#7573,.F.);
#5467=ORIENTED_EDGE('',*,*,#7574,.F.);
#5468=CARTESIAN_POINT('',(-4.65,3.2,-1.7));
#5469=DIRECTION('',(0.0,1.0,-1.38777878078145E-17));
#5470=DIRECTION('',(-1.0,0.0,0.0));
#5471=ORIENTED_EDGE('',*,*,#7575,.F.);
#5472=ORIENTED_EDGE('',*,*,#7576,.F.);
#5473=ORIENTED_EDGE('',*,*,#7577,.F.);
#5474=ORIENTED_EDGE('',*,*,#7578,.F.);
#5475=CARTESIAN_POINT('',(-4.65,3.2,-1.7));
#5476=DIRECTION('',(0.0,1.0,-1.38777878078145E-17));
#5477=DIRECTION('',(-1.0,0.0,0.0));
#5478=ORIENTED_EDGE('',*,*,#7579,.F.);
#5479=ORIENTED_EDGE('',*,*,#7580,.F.);
#5480=ORIENTED_EDGE('',*,*,#7357,.F.);
#5481=ORIENTED_EDGE('',*,*,#7581,.F.);
#5482=CARTESIAN_POINT('',(-3.6,3.2,-1.9));
#5483=DIRECTION('',(0.707106781186549,-0.707106781186546,-1.47196168001604E-17));
#5484=DIRECTION('',(0.0,2.08166817117217E-17,-1.0));
#5485=ORIENTED_EDGE('',*,*,#7582,.F.);
#5486=ORIENTED_EDGE('',*,*,#7583,.F.);
#5487=ORIENTED_EDGE('',*,*,#7359,.F.);
#5488=ORIENTED_EDGE('',*,*,#7584,.F.);
#5489=CARTESIAN_POINT('',(-3.3,4.2,-2.3));
#5490=DIRECTION('',(-2.07293355605263E-17,0.0,1.0));
#5491=DIRECTION('',(0.0,1.0,0.0));
#5492=ORIENTED_EDGE('',*,*,#7218,.T.);
#5493=ORIENTED_EDGE('',*,*,#7585,.F.);
#5494=ORIENTED_EDGE('',*,*,#7574,.T.);
#5495=ORIENTED_EDGE('',*,*,#7586,.F.);
#5496=ORIENTED_EDGE('',*,*,#7213,.T.);
#5497=CARTESIAN_POINT('',(-5.25,3.2,-1.9));
#5498=DIRECTION('',(-2.87677320305967E-34,1.38777878078145E-17,1.0));
#5499=DIRECTION('',(1.0,2.07293355605263E-17,0.0));
#5500=ORIENTED_EDGE('',*,*,#7587,.T.);
#5501=ORIENTED_EDGE('',*,*,#7578,.T.);
#5502=ORIENTED_EDGE('',*,*,#7588,.T.);
#5503=ORIENTED_EDGE('',*,*,#7582,.T.);
#5504=ORIENTED_EDGE('',*,*,#7589,.T.);
#5505=ORIENTED_EDGE('',*,*,#7579,.T.);
#5506=CARTESIAN_POINT('',(-5.25,3.2,-2.3));
#5507=DIRECTION('',(-2.87677320305967E-34,1.38777878078145E-17,1.0));
#5508=DIRECTION('',(1.0,2.07293355605263E-17,0.0));
#5509=ORIENTED_EDGE('',*,*,#7358,.T.);
#5510=ORIENTED_EDGE('',*,*,#7580,.T.);
#5511=ORIENTED_EDGE('',*,*,#7589,.F.);
#5512=ORIENTED_EDGE('',*,*,#7584,.T.);
#5513=CARTESIAN_POINT('',(-3.1,4.4,-2.3));
#5514=DIRECTION('',(-1.0,8.67361737988404E-18,3.46944695195361E-17));
#5515=DIRECTION('',(8.67361737988404E-18,1.0,0.0));
#5516=ORIENTED_EDGE('',*,*,#7590,.F.);
#5517=ORIENTED_EDGE('',*,*,#7539,.T.);
#5518=ORIENTED_EDGE('',*,*,#7591,.F.);
#5519=ORIENTED_EDGE('',*,*,#7535,.T.);
#5520=ORIENTED_EDGE('',*,*,#7592,.F.);
#5521=ORIENTED_EDGE('',*,*,#7572,.T.);
#5522=ORIENTED_EDGE('',*,*,#7593,.F.);
#5523=ORIENTED_EDGE('',*,*,#7594,.F.);
#5524=CARTESIAN_POINT('',(-4.85,4.4,-1.9));
#5525=DIRECTION('',(-1.0,8.67361737988404E-18,3.46944695195361E-17));
#5526=DIRECTION('',(8.67361737988404E-18,1.0,0.0));
#5527=ORIENTED_EDGE('',*,*,#7592,.T.);
#5528=ORIENTED_EDGE('',*,*,#7538,.T.);
#5529=ORIENTED_EDGE('',*,*,#7595,.F.);
#5530=ORIENTED_EDGE('',*,*,#7575,.T.);
#5531=ORIENTED_EDGE('',*,*,#7587,.F.);
#5532=ORIENTED_EDGE('',*,*,#7581,.T.);
#5533=ORIENTED_EDGE('',*,*,#7356,.T.);
#5534=ORIENTED_EDGE('',*,*,#7586,.T.);
#5535=ORIENTED_EDGE('',*,*,#7573,.T.);
#5536=CARTESIAN_POINT('',(-4.85,3.2,-1.9));
#5537=DIRECTION('',(4.81482486096809E-34,-1.0,1.38777878078145E-17));
#5538=DIRECTION('',(-1.0,-4.81482486096809E-34,0.0));
#5539=ORIENTED_EDGE('',*,*,#7591,.T.);
#5540=ORIENTED_EDGE('',*,*,#7542,.T.);
#5541=ORIENTED_EDGE('',*,*,#7596,.F.);
#5542=ORIENTED_EDGE('',*,*,#7536,.T.);
#5543=CARTESIAN_POINT('',(-4.85,3.2,-1.45));
#5544=DIRECTION('',(2.07293355605263E-17,-1.38777878078145E-17,-1.0));
#5545=DIRECTION('',(0.0,-1.0,1.38777878078145E-17));
#5546=ORIENTED_EDGE('',*,*,#7597,.F.);
#5547=ORIENTED_EDGE('',*,*,#7540,.T.);
#5548=ORIENTED_EDGE('',*,*,#7590,.T.);
#5549=ORIENTED_EDGE('',*,*,#7598,.T.);
#5550=CARTESIAN_POINT('',(-4.85,2.055,6.65));
#5551=DIRECTION('',(4.81482486096809E-34,-1.0,1.38777878078145E-17));
#5552=DIRECTION('',(-1.0,-4.81482486096809E-34,0.0));
#5553=ORIENTED_EDGE('',*,*,#6639,.T.);
#5554=ORIENTED_EDGE('',*,*,#7599,.T.);
#5555=ORIENTED_EDGE('',*,*,#7600,.F.);
#5556=ORIENTED_EDGE('',*,*,#7601,.T.);
#5557=CARTESIAN_POINT('',(-6.06761691790701,5.72725329258399E-17,10.8004170635261));
#5558=DIRECTION('',(-0.90630778703665,5.31916480900535E-18,0.4226182617407));
#5559=DIRECTION('',(-0.4226182617407,-1.14069857442429E-17,-0.90630778703665));
#5560=ORIENTED_EDGE('',*,*,#7602,.T.);
#5561=ORIENTED_EDGE('',*,*,#7600,.T.);
#5562=ORIENTED_EDGE('',*,*,#7603,.T.);
#5563=ORIENTED_EDGE('',*,*,#6740,.T.);
#5564=ORIENTED_EDGE('',*,*,#6732,.T.);
#5565=ORIENTED_EDGE('',*,*,#7604,.T.);
#5566=ORIENTED_EDGE('',*,*,#7605,.T.);
#5567=ORIENTED_EDGE('',*,*,#7606,.T.);
#5568=ORIENTED_EDGE('',*,*,#7475,.F.);
#5569=ORIENTED_EDGE('',*,*,#7607,.T.);
#5570=ORIENTED_EDGE('',*,*,#7608,.T.);
#5571=ORIENTED_EDGE('',*,*,#7609,.T.);
#5572=ORIENTED_EDGE('',*,*,#6726,.T.);
#5573=ORIENTED_EDGE('',*,*,#6745,.T.);
#5574=CARTESIAN_POINT('',(-5.35,-0.5,8.39096420088782));
#5575=DIRECTION('',(6.68191177523049E-51,1.0,-1.38777878078145E-17));
#5576=DIRECTION('',(1.0,0.0,4.81482486096809E-34));
#5577=ORIENTED_EDGE('',*,*,#6641,.T.);
#5578=ORIENTED_EDGE('',*,*,#7610,.F.);
#5579=ORIENTED_EDGE('',*,*,#6743,.F.);
#5580=ORIENTED_EDGE('',*,*,#6728,.F.);
#5581=ORIENTED_EDGE('',*,*,#7611,.F.);
#5582=ORIENTED_EDGE('',*,*,#7612,.F.);
#5583=ORIENTED_EDGE('',*,*,#7613,.F.);
#5584=ORIENTED_EDGE('',*,*,#7562,.T.);
#5585=ORIENTED_EDGE('',*,*,#7614,.F.);
#5586=ORIENTED_EDGE('',*,*,#7615,.F.);
#5587=ORIENTED_EDGE('',*,*,#7616,.F.);
#5588=ORIENTED_EDGE('',*,*,#6730,.F.);
#5589=ORIENTED_EDGE('',*,*,#6742,.F.);
#5590=ORIENTED_EDGE('',*,*,#7617,.F.);
#5591=CARTESIAN_POINT('',(-5.35,0.5,8.39096420088782));
#5592=DIRECTION('',(6.68191177523049E-51,1.0,-1.38777878078145E-17));
#5593=DIRECTION('',(1.0,0.0,4.81482486096809E-34));
#5594=ORIENTED_EDGE('',*,*,#7608,.F.);
#5595=ORIENTED_EDGE('',*,*,#7618,.F.);
#5596=ORIENTED_EDGE('',*,*,#7612,.T.);
#5597=ORIENTED_EDGE('',*,*,#7619,.T.);
#5598=CARTESIAN_POINT('',(-5.3,0.5,8.41427958379557));
#5599=DIRECTION('',(0.0,1.0,-1.38777878078145E-17));
#5600=DIRECTION('',(-1.0,0.0,0.0));
#5601=ORIENTED_EDGE('',*,*,#7609,.F.);
#5602=ORIENTED_EDGE('',*,*,#7619,.F.);
#5603=ORIENTED_EDGE('',*,*,#7611,.T.);
#5604=ORIENTED_EDGE('',*,*,#6727,.T.);
#5605=CARTESIAN_POINT('',(-5.54396839420485,0.5,9.2064266535913));
#5606=DIRECTION('',(0.642787609686541,9.6416009738657E-18,0.766044443118977));
#5607=DIRECTION('',(1.49996683641234E-17,-1.0,0.0));
#5608=ORIENTED_EDGE('',*,*,#7601,.F.);
#5609=ORIENTED_EDGE('',*,*,#7602,.F.);
#5610=ORIENTED_EDGE('',*,*,#6744,.F.);
#5611=ORIENTED_EDGE('',*,*,#7610,.T.);
#5612=ORIENTED_EDGE('',*,*,#6640,.F.);
#5613=CARTESIAN_POINT('',(-4.95,0.5,10.8309526953037));
#5614=DIRECTION('',(0.906307787036649,-5.31916480900537E-18,-0.422618261740701));
#5615=DIRECTION('',(0.0,-1.0,1.25862161921175E-17));
#5616=ORIENTED_EDGE('',*,*,#7603,.F.);
#5617=ORIENTED_EDGE('',*,*,#7599,.F.);
#5618=ORIENTED_EDGE('',*,*,#6642,.F.);
#5619=ORIENTED_EDGE('',*,*,#7617,.T.);
#5620=ORIENTED_EDGE('',*,*,#6741,.T.);
#5621=CARTESIAN_POINT('',(-6.0078385041665,0.5,9.50889133559821));
#5622=DIRECTION('',(-0.906307787036649,5.31916480900537E-18,0.422618261740701));
#5623=DIRECTION('',(5.86904899757887E-18,1.0,0.0));
#5624=ORIENTED_EDGE('',*,*,#7604,.F.);
#5625=ORIENTED_EDGE('',*,*,#6731,.F.);
#5626=ORIENTED_EDGE('',*,*,#7616,.T.);
#5627=ORIENTED_EDGE('',*,*,#7620,.T.);
#5628=CARTESIAN_POINT('',(-5.28572123903135,0.5,8.46756864519972));
#5629=DIRECTION('',(-0.64278760968654,-9.64160097386571E-18,-0.766044443118977));
#5630=DIRECTION('',(-0.766044443118977,0.0,0.64278760968654));
#5631=ORIENTED_EDGE('',*,*,#7605,.F.);
#5632=ORIENTED_EDGE('',*,*,#7620,.F.);
#5633=ORIENTED_EDGE('',*,*,#7615,.T.);
#5634=ORIENTED_EDGE('',*,*,#7621,.T.);
#5635=CARTESIAN_POINT('',(-5.35,0.5,8.39096420088782));
#5636=DIRECTION('',(0.0,1.0,-1.38777878078145E-17));
#5637=DIRECTION('',(-1.0,0.0,0.0));
#5638=ORIENTED_EDGE('',*,*,#7622,.F.);
#5639=ORIENTED_EDGE('',*,*,#7522,.T.);
#5640=ORIENTED_EDGE('',*,*,#7623,.T.);
#5641=ORIENTED_EDGE('',*,*,#7557,.F.);
#5642=CARTESIAN_POINT('',(-4.85,1.45,7.5));
#5643=DIRECTION('',(2.07293355605263E-17,1.35667339431565E-16,-1.0));
#5644=DIRECTION('',(-1.0,0.0,-2.07293355605263E-17));
#5645=ORIENTED_EDGE('',*,*,#7624,.T.);
#5646=ORIENTED_EDGE('',*,*,#7426,.T.);
#5647=ORIENTED_EDGE('',*,*,#7625,.T.);
#5648=ORIENTED_EDGE('',*,*,#7084,.T.);
#5649=ORIENTED_EDGE('',*,*,#7442,.T.);
#5650=ORIENTED_EDGE('',*,*,#7626,.F.);
#5651=ORIENTED_EDGE('',*,*,#7627,.F.);
#5652=ORIENTED_EDGE('',*,*,#7518,.T.);
#5653=CARTESIAN_POINT('',(-4.85,-1.45,6.25));
#5654=DIRECTION('',(1.3954647455416E-33,1.0,1.60886131405563E-16));
#5655=DIRECTION('',(1.0,0.0,-8.67361737988403E-18));
#5656=ORIENTED_EDGE('',*,*,#7628,.F.);
#5657=ORIENTED_EDGE('',*,*,#7428,.T.);
#5658=ORIENTED_EDGE('',*,*,#7629,.T.);
#5659=ORIENTED_EDGE('',*,*,#7520,.T.);
#5660=ORIENTED_EDGE('',*,*,#7630,.F.);
#5661=ORIENTED_EDGE('',*,*,#7631,.T.);
#5662=ORIENTED_EDGE('',*,*,#7523,.T.);
#5663=ORIENTED_EDGE('',*,*,#7071,.F.);
#5664=CARTESIAN_POINT('',(-4.85,1.45,6.25));
#5665=DIRECTION('',(-8.67361737988403E-18,-1.0,-1.60886131405563E-16));
#5666=DIRECTION('',(0.0,1.60886131405563E-16,-1.0));
#5667=ORIENTED_EDGE('',*,*,#7632,.F.);
#5668=ORIENTED_EDGE('',*,*,#7633,.F.);
#5669=ORIENTED_EDGE('',*,*,#7634,.F.);
#5670=ORIENTED_EDGE('',*,*,#7635,.F.);
#5671=CARTESIAN_POINT('',(4.85,-1.25,7.3));
#5672=DIRECTION('',(-1.0,0.0,3.46944695195361E-17));
#5673=DIRECTION('',(0.0,-1.0,0.0));
#5674=ORIENTED_EDGE('',*,*,#7636,.F.);
#5675=ORIENTED_EDGE('',*,*,#7637,.F.);
#5676=ORIENTED_EDGE('',*,*,#7638,.F.);
#5677=ORIENTED_EDGE('',*,*,#7639,.F.);
#5678=CARTESIAN_POINT('',(4.85,1.25,7.3));
#5679=DIRECTION('',(-1.0,0.0,3.46944695195361E-17));
#5680=DIRECTION('',(0.0,-1.0,0.0));
#5681=ORIENTED_EDGE('',*,*,#7078,.F.);
#5682=ORIENTED_EDGE('',*,*,#7640,.F.);
#5683=ORIENTED_EDGE('',*,*,#7641,.F.);
#5684=ORIENTED_EDGE('',*,*,#7642,.F.);
#5685=CARTESIAN_POINT('',(3.95,1.65,6.25));
#5686=DIRECTION('',(-2.07293355605264E-17,0.0,1.0));
#5687=DIRECTION('',(0.0,1.0,0.0));
#5688=ORIENTED_EDGE('',*,*,#7076,.F.);
#5689=ORIENTED_EDGE('',*,*,#7643,.F.);
#5690=ORIENTED_EDGE('',*,*,#7644,.F.);
#5691=ORIENTED_EDGE('',*,*,#7645,.F.);
#5692=CARTESIAN_POINT('',(3.95,1.85,6.25));
#5693=DIRECTION('',(-2.07293355605263E-17,0.0,1.0));
#5694=DIRECTION('',(0.0,1.0,0.0));
#5695=ORIENTED_EDGE('',*,*,#7132,.F.);
#5696=ORIENTED_EDGE('',*,*,#7646,.F.);
#5697=ORIENTED_EDGE('',*,*,#7647,.F.);
#5698=ORIENTED_EDGE('',*,*,#7648,.F.);
#5699=CARTESIAN_POINT('',(1.7,4.0,6.25));
#5700=DIRECTION('',(-2.07293355605263E-17,0.0,1.0));
#5701=DIRECTION('',(0.0,1.0,0.0));
#5702=ORIENTED_EDGE('',*,*,#7134,.F.);
#5703=ORIENTED_EDGE('',*,*,#7649,.F.);
#5704=ORIENTED_EDGE('',*,*,#7650,.F.);
#5705=ORIENTED_EDGE('',*,*,#7651,.F.);
#5706=CARTESIAN_POINT('',(1.9,4.0,6.25));
#5707=DIRECTION('',(-2.07293355605263E-17,0.0,1.0));
#5708=DIRECTION('',(0.0,1.0,0.0));
#5709=ORIENTED_EDGE('',*,*,#7652,.F.);
#5710=ORIENTED_EDGE('',*,*,#7653,.F.);
#5711=ORIENTED_EDGE('',*,*,#7654,.F.);
#5712=ORIENTED_EDGE('',*,*,#7655,.F.);
#5713=CARTESIAN_POINT('',(4.85,3.0,-1.65));
#5714=DIRECTION('',(1.0,0.0,-3.46944695195361E-17));
#5715=DIRECTION('',(0.0,1.0,0.0));
#5716=ORIENTED_EDGE('',*,*,#7656,.F.);
#5717=ORIENTED_EDGE('',*,*,#7657,.F.);
#5718=ORIENTED_EDGE('',*,*,#7658,.F.);
#5719=ORIENTED_EDGE('',*,*,#7659,.F.);
#5720=CARTESIAN_POINT('',(4.85,2.255,-1.25));
#5721=DIRECTION('',(-1.0,0.0,3.46944695195361E-17));
#5722=DIRECTION('',(0.0,-1.0,0.0));
#5723=ORIENTED_EDGE('',*,*,#7120,.F.);
#5724=ORIENTED_EDGE('',*,*,#7660,.F.);
#5725=ORIENTED_EDGE('',*,*,#7661,.F.);
#5726=ORIENTED_EDGE('',*,*,#7662,.F.);
#5727=CARTESIAN_POINT('',(3.75,4.4,6.25));
#5728=DIRECTION('',(-2.07293355605263E-17,0.0,1.0));
#5729=DIRECTION('',(0.0,1.0,0.0));
#5730=ORIENTED_EDGE('',*,*,#7137,.F.);
#5731=ORIENTED_EDGE('',*,*,#7663,.T.);
#5732=ORIENTED_EDGE('',*,*,#7664,.F.);
#5733=ORIENTED_EDGE('',*,*,#7665,.F.);
#5734=CARTESIAN_POINT('',(3.55,4.4,6.25));
#5735=DIRECTION('',(-2.07293355605263E-17,0.0,1.0));
#5736=DIRECTION('',(0.0,1.0,0.0));
#5737=ORIENTED_EDGE('',*,*,#7666,.T.);
#5738=ORIENTED_EDGE('',*,*,#7667,.T.);
#5739=ORIENTED_EDGE('',*,*,#7668,.F.);
#5740=ORIENTED_EDGE('',*,*,#7669,.F.);
#5741=CARTESIAN_POINT('',(4.25,0.84142135623731,7.34142135623731));
#5742=DIRECTION('',(-2.0791027411073E-17,-0.707106781186551,0.707106781186544));
#5743=DIRECTION('',(-1.0,2.94029529404101E-17,0.0));
#5744=ORIENTED_EDGE('',*,*,#7670,.T.);
#5745=ORIENTED_EDGE('',*,*,#7671,.T.);
#5746=ORIENTED_EDGE('',*,*,#7672,.F.);
#5747=ORIENTED_EDGE('',*,*,#7667,.F.);
#5748=CARTESIAN_POINT('',(4.25,0.7,7.48284271247462));
#5749=DIRECTION('',(-1.0,0.0,3.46944695195361E-17));
#5750=DIRECTION('',(0.0,-1.0,0.0));
#5751=ORIENTED_EDGE('',*,*,#7138,.T.);
#5752=ORIENTED_EDGE('',*,*,#7665,.T.);
#5753=ORIENTED_EDGE('',*,*,#7673,.F.);
#5754=ORIENTED_EDGE('',*,*,#7660,.T.);
#5755=CARTESIAN_POINT('',(3.35,4.2,6.25));
#5756=DIRECTION('',(6.68191177523049E-51,1.0,-1.38777878078145E-17));
#5757=DIRECTION('',(1.0,0.0,4.81482486096809E-34));
#5758=ORIENTED_EDGE('',*,*,#7075,.T.);
#5759=ORIENTED_EDGE('',*,*,#7674,.T.);
#5760=ORIENTED_EDGE('',*,*,#7418,.T.);
#5761=ORIENTED_EDGE('',*,*,#7675,.F.);
#5762=ORIENTED_EDGE('',*,*,#7643,.T.);
#5763=CARTESIAN_POINT('',(5.25,2.05,6.25));
#5764=DIRECTION('',(-2.89120579329468E-16,-1.0,1.38777878078145E-17));
#5765=DIRECTION('',(-1.0,2.89120579329468E-16,0.0));
#5766=ORIENTED_EDGE('',*,*,#7077,.T.);
#5767=ORIENTED_EDGE('',*,*,#7645,.T.);
#5768=ORIENTED_EDGE('',*,*,#7676,.F.);
#5769=ORIENTED_EDGE('',*,*,#7640,.T.);
#5770=CARTESIAN_POINT('',(3.75,1.45,6.25));
#5771=DIRECTION('',(1.0,-7.31475065703554E-16,2.53781393713527E-32));
#5772=DIRECTION('',(0.0,3.46944695195361E-17,1.0));
#5773=ORIENTED_EDGE('',*,*,#7677,.F.);
#5774=ORIENTED_EDGE('',*,*,#7649,.T.);
#5775=ORIENTED_EDGE('',*,*,#7133,.T.);
#5776=ORIENTED_EDGE('',*,*,#7648,.T.);
#5777=CARTESIAN_POINT('',(1.5,3.8,6.25));
#5778=DIRECTION('',(6.68191177523049E-51,1.0,-1.38777878078145E-17));
#5779=DIRECTION('',(1.0,0.0,4.81482486096809E-34));
#5780=ORIENTED_EDGE('',*,*,#7135,.T.);
#5781=ORIENTED_EDGE('',*,*,#7651,.T.);
#5782=ORIENTED_EDGE('',*,*,#7678,.F.);
#5783=ORIENTED_EDGE('',*,*,#7679,.F.);
#5784=CARTESIAN_POINT('',(2.1,4.4,6.25));
#5785=DIRECTION('',(-1.0,8.67361737988404E-18,3.46944695195361E-17));
#5786=DIRECTION('',(8.67361737988404E-18,1.0,0.0));
#5787=ORIENTED_EDGE('',*,*,#7680,.F.);
#5788=ORIENTED_EDGE('',*,*,#7550,.T.);
#5789=ORIENTED_EDGE('',*,*,#7681,.F.);
#5790=ORIENTED_EDGE('',*,*,#7546,.T.);
#5791=CARTESIAN_POINT('',(-1.5,4.4,7.5));
#5792=DIRECTION('',(-2.87677320305967E-34,1.38777878078145E-17,1.0));
#5793=DIRECTION('',(1.0,2.07293355605263E-17,0.0));
#5794=ORIENTED_EDGE('',*,*,#7646,.T.);
#5795=ORIENTED_EDGE('',*,*,#7432,.T.);
#5796=ORIENTED_EDGE('',*,*,#7682,.F.);
#5797=ORIENTED_EDGE('',*,*,#7548,.T.);
#5798=ORIENTED_EDGE('',*,*,#7683,.T.);
#5799=CARTESIAN_POINT('',(1.5,4.0,7.5));
#5800=DIRECTION('',(1.0,3.00926553810506E-34,-3.46944695195361E-17));
#5801=DIRECTION('',(0.0,1.0,8.67361737988404E-18));
#5802=ORIENTED_EDGE('',*,*,#7683,.F.);
#5803=ORIENTED_EDGE('',*,*,#7547,.T.);
#5804=ORIENTED_EDGE('',*,*,#7680,.T.);
#5805=ORIENTED_EDGE('',*,*,#7545,.T.);
#5806=ORIENTED_EDGE('',*,*,#7684,.T.);
#5807=ORIENTED_EDGE('',*,*,#7685,.F.);
#5808=CARTESIAN_POINT('',(-1.5,4.0,7.5));
#5809=DIRECTION('',(4.81482486096809E-34,-1.0,1.38777878078145E-17));
#5810=DIRECTION('',(-1.0,-4.81482486096809E-34,0.0));
#5811=ORIENTED_EDGE('',*,*,#7686,.T.);
#5812=ORIENTED_EDGE('',*,*,#7430,.T.);
#5813=ORIENTED_EDGE('',*,*,#7531,.T.);
#5814=ORIENTED_EDGE('',*,*,#7684,.F.);
#5815=ORIENTED_EDGE('',*,*,#7544,.T.);
#5816=CARTESIAN_POINT('',(-1.5,4.0,7.5));
#5817=DIRECTION('',(-1.0,8.67361737988404E-18,3.46944695195361E-17));
#5818=DIRECTION('',(8.67361737988404E-18,1.0,0.0));
#5819=ORIENTED_EDGE('',*,*,#7687,.F.);
#5820=ORIENTED_EDGE('',*,*,#7688,.F.);
#5821=ORIENTED_EDGE('',*,*,#7689,.F.);
#5822=ORIENTED_EDGE('',*,*,#7690,.F.);
#5823=CARTESIAN_POINT('',(4.65,4.4,-1.7));
#5824=DIRECTION('',(0.0,1.0,-1.38777878078145E-17));
#5825=DIRECTION('',(-1.0,0.0,0.0));
#5826=ORIENTED_EDGE('',*,*,#7691,.F.);
#5827=ORIENTED_EDGE('',*,*,#7692,.F.);
#5828=ORIENTED_EDGE('',*,*,#7693,.F.);
#5829=ORIENTED_EDGE('',*,*,#7694,.F.);
#5830=CARTESIAN_POINT('',(4.65,-4.4,-1.7));
#5831=DIRECTION('',(0.0,1.0,-1.38777878078145E-17));
#5832=DIRECTION('',(-1.0,0.0,0.0));
#5833=ORIENTED_EDGE('',*,*,#7695,.F.);
#5834=ORIENTED_EDGE('',*,*,#7696,.F.);
#5835=ORIENTED_EDGE('',*,*,#7351,.F.);
#5836=ORIENTED_EDGE('',*,*,#7697,.F.);
#5837=CARTESIAN_POINT('',(3.1,3.7,-2.3));
#5838=DIRECTION('',(-0.707106781186549,-0.707106781186546,3.43457725337076E-17));
#5839=DIRECTION('',(-0.707106781186546,0.707106781186549,0.0));
#5840=ORIENTED_EDGE('',*,*,#7698,.F.);
#5841=ORIENTED_EDGE('',*,*,#7699,.F.);
#5842=ORIENTED_EDGE('',*,*,#7349,.F.);
#5843=ORIENTED_EDGE('',*,*,#7700,.F.);
#5844=CARTESIAN_POINT('',(3.3,4.2,6.65));
#5845=DIRECTION('',(2.07293355605263E-17,0.0,-1.0));
#5846=DIRECTION('',(0.0,-1.0,0.0));
#5847=ORIENTED_EDGE('',*,*,#7701,.F.);
#5848=ORIENTED_EDGE('',*,*,#7692,.T.);
#5849=ORIENTED_EDGE('',*,*,#7702,.F.);
#5850=ORIENTED_EDGE('',*,*,#7695,.T.);
#5851=ORIENTED_EDGE('',*,*,#7703,.F.);
#5852=ORIENTED_EDGE('',*,*,#7698,.T.);
#5853=CARTESIAN_POINT('',(5.25,3.2,-2.3));
#5854=DIRECTION('',(-2.87677320305967E-34,1.38777878078145E-17,1.0));
#5855=DIRECTION('',(1.0,2.07293355605263E-17,0.0));
#5856=ORIENTED_EDGE('',*,*,#7703,.T.);
#5857=ORIENTED_EDGE('',*,*,#7697,.T.);
#5858=ORIENTED_EDGE('',*,*,#7350,.F.);
#5859=ORIENTED_EDGE('',*,*,#7699,.T.);
#5860=CARTESIAN_POINT('',(3.1,4.4,-2.3));
#5861=DIRECTION('',(-1.0,8.67361737988404E-18,3.46944695195361E-17));
#5862=DIRECTION('',(8.67361737988404E-18,1.0,0.0));
#5863=ORIENTED_EDGE('',*,*,#7226,.T.);
#5864=ORIENTED_EDGE('',*,*,#7223,.T.);
#5865=ORIENTED_EDGE('',*,*,#7704,.T.);
#5866=ORIENTED_EDGE('',*,*,#7688,.T.);
#5867=ORIENTED_EDGE('',*,*,#7705,.T.);
#5868=CARTESIAN_POINT('',(5.25,3.2,-1.9));
#5869=DIRECTION('',(-2.87677320305967E-34,1.38777878078145E-17,1.0));
#5870=DIRECTION('',(1.0,2.07293355605263E-17,0.0));
#5871=ORIENTED_EDGE('',*,*,#7706,.T.);
#5872=ORIENTED_EDGE('',*,*,#7656,.T.);
#5873=ORIENTED_EDGE('',*,*,#7707,.T.);
#5874=ORIENTED_EDGE('',*,*,#7708,.F.);
#5875=ORIENTED_EDGE('',*,*,#7709,.T.);
#5876=ORIENTED_EDGE('',*,*,#7690,.T.);
#5877=ORIENTED_EDGE('',*,*,#7710,.T.);
#5878=ORIENTED_EDGE('',*,*,#7652,.T.);
#5879=CARTESIAN_POINT('',(4.85,4.4,-1.9));
#5880=DIRECTION('',(1.0,3.00926553810506E-34,-3.46944695195361E-17));
#5881=DIRECTION('',(0.0,1.0,8.67361737988404E-18));
#5882=ORIENTED_EDGE('',*,*,#7707,.F.);
#5883=ORIENTED_EDGE('',*,*,#7659,.T.);
#5884=ORIENTED_EDGE('',*,*,#7711,.T.);
#5885=ORIENTED_EDGE('',*,*,#7712,.F.);
#5886=CARTESIAN_POINT('',(4.85,2.055,6.65));
#5887=DIRECTION('',(6.68191177523049E-51,1.0,-1.38777878078145E-17));
#5888=DIRECTION('',(1.0,0.0,4.81482486096809E-34));
#5889=ORIENTED_EDGE('',*,*,#7713,.T.);
#5890=ORIENTED_EDGE('',*,*,#7657,.T.);
#5891=ORIENTED_EDGE('',*,*,#7706,.F.);
#5892=ORIENTED_EDGE('',*,*,#7655,.T.);
#5893=CARTESIAN_POINT('',(4.85,3.2,-1.45));
#5894=DIRECTION('',(-2.87677320305967E-34,1.38777878078145E-17,1.0));
#5895=DIRECTION('',(1.0,2.07293355605263E-17,0.0));
#5896=ORIENTED_EDGE('',*,*,#7714,.T.);
#5897=ORIENTED_EDGE('',*,*,#7653,.T.);
#5898=ORIENTED_EDGE('',*,*,#7710,.F.);
#5899=ORIENTED_EDGE('',*,*,#7689,.T.);
#5900=ORIENTED_EDGE('',*,*,#7704,.F.);
#5901=ORIENTED_EDGE('',*,*,#7352,.F.);
#5902=ORIENTED_EDGE('',*,*,#7696,.T.);
#5903=ORIENTED_EDGE('',*,*,#7702,.T.);
#5904=ORIENTED_EDGE('',*,*,#7691,.T.);
#5905=CARTESIAN_POINT('',(4.85,3.2,-1.9));
#5906=DIRECTION('',(6.68191177523049E-51,1.0,-1.38777878078145E-17));
#5907=DIRECTION('',(1.0,0.0,4.81482486096809E-34));
#5908=ORIENTED_EDGE('',*,*,#7067,.F.);
#5909=ORIENTED_EDGE('',*,*,#7715,.F.);
#5910=ORIENTED_EDGE('',*,*,#7716,.F.);
#5911=ORIENTED_EDGE('',*,*,#7717,.F.);
#5912=CARTESIAN_POINT('',(3.95,-1.65,6.25));
#5913=DIRECTION('',(2.07293355605262E-17,0.0,-1.0));
#5914=DIRECTION('',(0.0,-1.0,0.0));
#5915=ORIENTED_EDGE('',*,*,#7069,.F.);
#5916=ORIENTED_EDGE('',*,*,#7718,.F.);
#5917=ORIENTED_EDGE('',*,*,#7719,.F.);
#5918=ORIENTED_EDGE('',*,*,#7720,.F.);
#5919=CARTESIAN_POINT('',(3.95,-1.85,6.25));
#5920=DIRECTION('',(-2.07293355605263E-17,0.0,1.0));
#5921=DIRECTION('',(0.0,1.0,0.0));
#5922=ORIENTED_EDGE('',*,*,#7098,.F.);
#5923=ORIENTED_EDGE('',*,*,#7721,.F.);
#5924=ORIENTED_EDGE('',*,*,#7722,.F.);
#5925=ORIENTED_EDGE('',*,*,#7723,.F.);
#5926=CARTESIAN_POINT('',(1.7,-4.0,7.5));
#5927=DIRECTION('',(-2.07293355605263E-17,0.0,1.0));
#5928=DIRECTION('',(0.0,1.0,0.0));
#5929=ORIENTED_EDGE('',*,*,#7096,.F.);
#5930=ORIENTED_EDGE('',*,*,#7724,.F.);
#5931=ORIENTED_EDGE('',*,*,#7725,.F.);
#5932=ORIENTED_EDGE('',*,*,#7726,.F.);
#5933=CARTESIAN_POINT('',(1.9,-4.0,6.25));
#5934=DIRECTION('',(-2.07293355605263E-17,0.0,1.0));
#5935=DIRECTION('',(0.0,1.0,0.0));
#5936=ORIENTED_EDGE('',*,*,#7727,.F.);
#5937=ORIENTED_EDGE('',*,*,#7728,.F.);
#5938=ORIENTED_EDGE('',*,*,#7729,.F.);
#5939=ORIENTED_EDGE('',*,*,#7730,.F.);
#5940=CARTESIAN_POINT('',(4.85,-3.0,-1.65));
#5941=DIRECTION('',(1.0,0.0,-3.46944695195361E-17));
#5942=DIRECTION('',(0.0,1.0,0.0));
#5943=ORIENTED_EDGE('',*,*,#7731,.F.);
#5944=ORIENTED_EDGE('',*,*,#7732,.F.);
#5945=ORIENTED_EDGE('',*,*,#7733,.F.);
#5946=ORIENTED_EDGE('',*,*,#7734,.F.);
#5947=CARTESIAN_POINT('',(4.85,-2.255,-1.25));
#5948=DIRECTION('',(-1.0,0.0,3.46944695195361E-17));
#5949=DIRECTION('',(0.0,-1.0,0.0));
#5950=ORIENTED_EDGE('',*,*,#7091,.F.);
#5951=ORIENTED_EDGE('',*,*,#7735,.T.);
#5952=ORIENTED_EDGE('',*,*,#7736,.F.);
#5953=ORIENTED_EDGE('',*,*,#7737,.F.);
#5954=CARTESIAN_POINT('',(3.75,-4.4,6.25));
#5955=DIRECTION('',(-2.07293355605263E-17,0.0,1.0));
#5956=DIRECTION('',(0.0,1.0,0.0));
#5957=ORIENTED_EDGE('',*,*,#7093,.F.);
#5958=ORIENTED_EDGE('',*,*,#7738,.F.);
#5959=ORIENTED_EDGE('',*,*,#7739,.F.);
#5960=ORIENTED_EDGE('',*,*,#7740,.F.);
#5961=CARTESIAN_POINT('',(3.55,-4.4,6.25));
#5962=DIRECTION('',(-2.07293355605263E-17,0.0,1.0));
#5963=DIRECTION('',(0.0,1.0,0.0));
#5964=ORIENTED_EDGE('',*,*,#7741,.T.);
#5965=ORIENTED_EDGE('',*,*,#7742,.T.);
#5966=ORIENTED_EDGE('',*,*,#7743,.F.);
#5967=ORIENTED_EDGE('',*,*,#7744,.F.);
#5968=CARTESIAN_POINT('',(4.25,-0.84142135623731,7.34142135623731));
#5969=DIRECTION('',(8.524680077606E-18,-0.707106781186551,-0.707106781186544));
#5970=DIRECTION('',(0.0,0.707106781186544,-0.707106781186551));
#5971=ORIENTED_EDGE('',*,*,#7743,.T.);
#5972=ORIENTED_EDGE('',*,*,#7745,.T.);
#5973=ORIENTED_EDGE('',*,*,#7746,.F.);
#5974=ORIENTED_EDGE('',*,*,#7747,.F.);
#5975=CARTESIAN_POINT('',(4.25,-0.7,7.48284271247462));
#5976=DIRECTION('',(-1.0,0.0,3.46944695195361E-17));
#5977=DIRECTION('',(0.0,-1.0,0.0));
#5978=ORIENTED_EDGE('',*,*,#7748,.F.);
#5979=ORIENTED_EDGE('',*,*,#6738,.T.);
#5980=ORIENTED_EDGE('',*,*,#7749,.F.);
#5981=ORIENTED_EDGE('',*,*,#7750,.F.);
#5982=ORIENTED_EDGE('',*,*,#6634,.F.);
#5983=ORIENTED_EDGE('',*,*,#7751,.F.);
#5984=ORIENTED_EDGE('',*,*,#7752,.F.);
#5985=ORIENTED_EDGE('',*,*,#7753,.F.);
#5986=ORIENTED_EDGE('',*,*,#7746,.T.);
#5987=ORIENTED_EDGE('',*,*,#7754,.F.);
#5988=ORIENTED_EDGE('',*,*,#7755,.F.);
#5989=ORIENTED_EDGE('',*,*,#7756,.F.);
#5990=ORIENTED_EDGE('',*,*,#6636,.F.);
#5991=ORIENTED_EDGE('',*,*,#7757,.F.);
#5992=CARTESIAN_POINT('',(5.35,-0.5,8.39096420088782));
#5993=DIRECTION('',(6.68191177523049E-51,1.0,-1.38777878078145E-17));
#5994=DIRECTION('',(1.0,0.0,4.81482486096809E-34));
#5995=ORIENTED_EDGE('',*,*,#7755,.T.);
#5996=ORIENTED_EDGE('',*,*,#7758,.F.);
#5997=ORIENTED_EDGE('',*,*,#7759,.F.);
#5998=ORIENTED_EDGE('',*,*,#7760,.T.);
#5999=CARTESIAN_POINT('',(5.35,0.5,8.39096420088782));
#6000=DIRECTION('',(0.0,1.0,-1.38777878078145E-17));
#6001=DIRECTION('',(-1.0,0.0,0.0));
#6002=ORIENTED_EDGE('',*,*,#7756,.T.);
#6003=ORIENTED_EDGE('',*,*,#7760,.F.);
#6004=ORIENTED_EDGE('',*,*,#7761,.F.);
#6005=ORIENTED_EDGE('',*,*,#6637,.T.);
#6006=CARTESIAN_POINT('',(5.28572123903135,0.5,8.46756864519972));
#6007=DIRECTION('',(-0.64278760968654,9.64160097386571E-18,0.766044443118977));
#6008=DIRECTION('',(1.49996683641234E-17,1.0,0.0));
#6009=ORIENTED_EDGE('',*,*,#6635,.T.);
#6010=ORIENTED_EDGE('',*,*,#7762,.F.);
#6011=ORIENTED_EDGE('',*,*,#7763,.T.);
#6012=ORIENTED_EDGE('',*,*,#7757,.T.);
#6013=CARTESIAN_POINT('',(5.6,0.5,9.31871311781489));
#6014=DIRECTION('',(0.0,1.0,-1.38777878078145E-17));
#6015=DIRECTION('',(-1.0,0.0,0.0));
#6016=ORIENTED_EDGE('',*,*,#6631,.T.);
#6017=ORIENTED_EDGE('',*,*,#7750,.T.);
#6018=ORIENTED_EDGE('',*,*,#7764,.F.);
#6019=ORIENTED_EDGE('',*,*,#7765,.F.);
#6020=CARTESIAN_POINT('',(5.41541087226755,0.5,9.35963554221509));
#6021=DIRECTION('',(0.0,1.0,-1.38777878078145E-17));
#6022=DIRECTION('',(-1.0,0.0,0.0));
#6023=ORIENTED_EDGE('',*,*,#7751,.T.);
#6024=ORIENTED_EDGE('',*,*,#6633,.F.);
#6025=ORIENTED_EDGE('',*,*,#7766,.F.);
#6026=ORIENTED_EDGE('',*,*,#7767,.T.);
#6027=CARTESIAN_POINT('',(5.54396839420485,0.5,9.2064266535913));
#6028=DIRECTION('',(0.642787609686541,-9.6416009738657E-18,-0.766044443118977));
#6029=DIRECTION('',(0.0,-1.0,1.25862161921175E-17));
#6030=ORIENTED_EDGE('',*,*,#7752,.T.);
#6031=ORIENTED_EDGE('',*,*,#7767,.F.);
#6032=ORIENTED_EDGE('',*,*,#7768,.F.);
#6033=ORIENTED_EDGE('',*,*,#7769,.T.);
#6034=CARTESIAN_POINT('',(5.3,0.5,8.41427958379557));
#6035=DIRECTION('',(0.0,1.0,-1.38777878078145E-17));
#6036=DIRECTION('',(-1.0,0.0,0.0));
#6037=ORIENTED_EDGE('',*,*,#7770,.T.);
#6038=ORIENTED_EDGE('',*,*,#7738,.T.);
#6039=ORIENTED_EDGE('',*,*,#7092,.F.);
#6040=ORIENTED_EDGE('',*,*,#7737,.T.);
#6041=CARTESIAN_POINT('',(3.35,-4.2,6.25));
#6042=DIRECTION('',(6.68191177523049E-51,1.0,-1.38777878078145E-17));
#6043=DIRECTION('',(1.0,0.0,4.81482486096809E-34));
#6044=ORIENTED_EDGE('',*,*,#7771,.T.);
#6045=ORIENTED_EDGE('',*,*,#7718,.T.);
#6046=ORIENTED_EDGE('',*,*,#7068,.F.);
#6047=ORIENTED_EDGE('',*,*,#7717,.T.);
#6048=CARTESIAN_POINT('',(3.75,-1.45,6.25));
#6049=DIRECTION('',(-1.0,-7.14127830943786E-16,3.46944695195361E-17));
#6050=DIRECTION('',(-7.14127830943786E-16,1.0,0.0));
#6051=ORIENTED_EDGE('',*,*,#7772,.T.);
#6052=ORIENTED_EDGE('',*,*,#7421,.T.);
#6053=ORIENTED_EDGE('',*,*,#7773,.F.);
#6054=ORIENTED_EDGE('',*,*,#7065,.F.);
#6055=ORIENTED_EDGE('',*,*,#7720,.T.);
#6056=CARTESIAN_POINT('',(5.25,-2.05,6.25));
#6057=DIRECTION('',(2.89120579329468E-16,-1.0,1.38777878078144E-17));
#6058=DIRECTION('',(0.0,-1.38777878078144E-17,-1.0));
#6059=ORIENTED_EDGE('',*,*,#7774,.T.);
#6060=ORIENTED_EDGE('',*,*,#7724,.T.);
#6061=ORIENTED_EDGE('',*,*,#7095,.F.);
#6062=ORIENTED_EDGE('',*,*,#7775,.T.);
#6063=CARTESIAN_POINT('',(2.1,-4.4,6.25));
#6064=DIRECTION('',(1.0,3.00926553810506E-34,-3.46944695195361E-17));
#6065=DIRECTION('',(0.0,1.0,8.67361737988404E-18));
#6066=ORIENTED_EDGE('',*,*,#7097,.F.);
#6067=ORIENTED_EDGE('',*,*,#7726,.T.);
#6068=ORIENTED_EDGE('',*,*,#7776,.T.);
#6069=ORIENTED_EDGE('',*,*,#7721,.T.);
#6070=CARTESIAN_POINT('',(1.5,-3.8,6.25));
#6071=DIRECTION('',(6.68191177523049E-51,1.0,-1.38777878078145E-17));
#6072=DIRECTION('',(1.0,0.0,4.81482486096809E-34));
#6073=ORIENTED_EDGE('',*,*,#7777,.T.);
#6074=ORIENTED_EDGE('',*,*,#7465,.T.);
#6075=ORIENTED_EDGE('',*,*,#7778,.T.);
#6076=ORIENTED_EDGE('',*,*,#7461,.T.);
#6077=CARTESIAN_POINT('',(-1.5,-4.4,7.5));
#6078=DIRECTION('',(-2.87677320305967E-34,1.38777878078145E-17,1.0));
#6079=DIRECTION('',(1.0,2.07293355605263E-17,0.0));
#6080=ORIENTED_EDGE('',*,*,#7778,.F.);
#6081=ORIENTED_EDGE('',*,*,#7464,.T.);
#6082=ORIENTED_EDGE('',*,*,#7779,.T.);
#6083=ORIENTED_EDGE('',*,*,#7780,.T.);
#6084=ORIENTED_EDGE('',*,*,#7781,.F.);
#6085=ORIENTED_EDGE('',*,*,#7462,.T.);
#6086=CARTESIAN_POINT('',(-1.5,-4.0,7.5));
#6087=DIRECTION('',(4.81482486096809E-34,-1.0,1.38777878078145E-17));
#6088=DIRECTION('',(-1.0,-4.81482486096809E-34,0.0));
#6089=ORIENTED_EDGE('',*,*,#7782,.T.);
#6090=ORIENTED_EDGE('',*,*,#7433,.T.);
#6091=ORIENTED_EDGE('',*,*,#7723,.T.);
#6092=ORIENTED_EDGE('',*,*,#7779,.F.);
#6093=ORIENTED_EDGE('',*,*,#7467,.T.);
#6094=CARTESIAN_POINT('',(1.5,-4.0,7.5));
#6095=DIRECTION('',(-1.0,8.67361737988404E-18,3.46944695195361E-17));
#6096=DIRECTION('',(8.67361737988404E-18,1.0,0.0));
#6097=ORIENTED_EDGE('',*,*,#7446,.T.);
#6098=ORIENTED_EDGE('',*,*,#7435,.T.);
#6099=ORIENTED_EDGE('',*,*,#7783,.F.);
#6100=ORIENTED_EDGE('',*,*,#7463,.T.);
#6101=ORIENTED_EDGE('',*,*,#7781,.T.);
#6102=CARTESIAN_POINT('',(-1.5,-4.0,7.5));
#6103=DIRECTION('',(1.0,3.00926553810506E-34,-3.46944695195361E-17));
#6104=DIRECTION('',(0.0,1.0,8.67361737988404E-18));
#6105=ORIENTED_EDGE('',*,*,#7784,.F.);
#6106=ORIENTED_EDGE('',*,*,#7438,.T.);
#6107=ORIENTED_EDGE('',*,*,#7785,.F.);
#6108=ORIENTED_EDGE('',*,*,#7633,.T.);
#6109=ORIENTED_EDGE('',*,*,#7786,.T.);
#6110=ORIENTED_EDGE('',*,*,#7787,.T.);
#6111=ORIENTED_EDGE('',*,*,#7715,.T.);
#6112=ORIENTED_EDGE('',*,*,#7066,.F.);
#6113=CARTESIAN_POINT('',(4.85,-1.45,6.25));
#6114=DIRECTION('',(-8.67361737988403E-18,-1.0,-1.60886131405563E-16));
#6115=DIRECTION('',(0.0,1.60886131405563E-16,-1.0));
#6116=ORIENTED_EDGE('',*,*,#7788,.F.);
#6117=ORIENTED_EDGE('',*,*,#7436,.T.);
#6118=ORIENTED_EDGE('',*,*,#7789,.T.);
#6119=ORIENTED_EDGE('',*,*,#7079,.T.);
#6120=ORIENTED_EDGE('',*,*,#7642,.T.);
#6121=ORIENTED_EDGE('',*,*,#7790,.F.);
#6122=ORIENTED_EDGE('',*,*,#7791,.T.);
#6123=ORIENTED_EDGE('',*,*,#7639,.T.);
#6124=CARTESIAN_POINT('',(4.85,1.45,6.25));
#6125=DIRECTION('',(1.3954647455416E-33,1.0,1.60886131405563E-16));
#6126=DIRECTION('',(1.0,0.0,-8.67361737988403E-18));
#6127=ORIENTED_EDGE('',*,*,#7792,.F.);
#6128=ORIENTED_EDGE('',*,*,#7793,.F.);
#6129=ORIENTED_EDGE('',*,*,#7794,.F.);
#6130=ORIENTED_EDGE('',*,*,#7795,.F.);
#6131=CARTESIAN_POINT('',(4.65,-3.2,-1.7));
#6132=DIRECTION('',(0.0,-1.0,1.38777878078145E-17));
#6133=DIRECTION('',(1.0,0.0,0.0));
#6134=ORIENTED_EDGE('',*,*,#7796,.F.);
#6135=ORIENTED_EDGE('',*,*,#7797,.F.);
#6136=ORIENTED_EDGE('',*,*,#7798,.F.);
#6137=ORIENTED_EDGE('',*,*,#7799,.F.);
#6138=CARTESIAN_POINT('',(4.65,-3.2,-1.7));
#6139=DIRECTION('',(0.0,-1.0,1.38777878078145E-17));
#6140=DIRECTION('',(1.0,0.0,0.0));
#6141=ORIENTED_EDGE('',*,*,#7800,.F.);
#6142=ORIENTED_EDGE('',*,*,#7801,.F.);
#6143=ORIENTED_EDGE('',*,*,#7369,.F.);
#6144=ORIENTED_EDGE('',*,*,#7802,.F.);
#6145=CARTESIAN_POINT('',(3.6,-3.2,-1.9));
#6146=DIRECTION('',(-0.707106781186549,0.707106781186546,1.47196168001604E-17));
#6147=DIRECTION('',(2.08166817117217E-17,0.0,1.0));
#6148=ORIENTED_EDGE('',*,*,#7803,.F.);
#6149=ORIENTED_EDGE('',*,*,#7804,.F.);
#6150=ORIENTED_EDGE('',*,*,#7371,.F.);
#6151=ORIENTED_EDGE('',*,*,#7805,.F.);
#6152=CARTESIAN_POINT('',(3.3,-4.2,-2.3));
#6153=DIRECTION('',(-2.07293355605263E-17,0.0,1.0));
#6154=DIRECTION('',(0.0,1.0,0.0));
#6155=ORIENTED_EDGE('',*,*,#7806,.T.);
#6156=ORIENTED_EDGE('',*,*,#7799,.T.);
#6157=ORIENTED_EDGE('',*,*,#7807,.T.);
#6158=ORIENTED_EDGE('',*,*,#7803,.T.);
#6159=ORIENTED_EDGE('',*,*,#7808,.T.);
#6160=ORIENTED_EDGE('',*,*,#7800,.T.);
#6161=CARTESIAN_POINT('',(5.25,-3.2,-2.3));
#6162=DIRECTION('',(-2.87677320305967E-34,1.38777878078145E-17,1.0));
#6163=DIRECTION('',(1.0,2.07293355605263E-17,0.0));
#6164=ORIENTED_EDGE('',*,*,#7370,.T.);
#6165=ORIENTED_EDGE('',*,*,#7801,.T.);
#6166=ORIENTED_EDGE('',*,*,#7808,.F.);
#6167=ORIENTED_EDGE('',*,*,#7805,.T.);
#6168=CARTESIAN_POINT('',(3.1,-4.4,-2.3));
#6169=DIRECTION('',(1.0,3.00926553810506E-34,-3.46944695195361E-17));
#6170=DIRECTION('',(0.0,1.0,8.67361737988404E-18));
#6171=ORIENTED_EDGE('',*,*,#7809,.F.);
#6172=ORIENTED_EDGE('',*,*,#7731,.T.);
#6173=ORIENTED_EDGE('',*,*,#7810,.F.);
#6174=ORIENTED_EDGE('',*,*,#7727,.T.);
#6175=ORIENTED_EDGE('',*,*,#7811,.F.);
#6176=ORIENTED_EDGE('',*,*,#7793,.T.);
#6177=ORIENTED_EDGE('',*,*,#7812,.F.);
#6178=ORIENTED_EDGE('',*,*,#7813,.F.);
#6179=CARTESIAN_POINT('',(4.85,-4.4,-1.9));
#6180=DIRECTION('',(1.0,3.00926553810506E-34,-3.46944695195361E-17));
#6181=DIRECTION('',(0.0,1.0,8.67361737988404E-18));
#6182=ORIENTED_EDGE('',*,*,#7811,.T.);
#6183=ORIENTED_EDGE('',*,*,#7730,.T.);
#6184=ORIENTED_EDGE('',*,*,#7814,.F.);
#6185=ORIENTED_EDGE('',*,*,#7796,.T.);
#6186=ORIENTED_EDGE('',*,*,#7806,.F.);
#6187=ORIENTED_EDGE('',*,*,#7802,.T.);
#6188=ORIENTED_EDGE('',*,*,#7368,.T.);
#6189=ORIENTED_EDGE('',*,*,#7815,.T.);
#6190=ORIENTED_EDGE('',*,*,#7794,.T.);
#6191=CARTESIAN_POINT('',(4.85,-3.2,-1.9));
#6192=DIRECTION('',(6.68191177523049E-51,1.0,-1.38777878078145E-17));
#6193=DIRECTION('',(1.0,0.0,4.81482486096809E-34));
#6194=ORIENTED_EDGE('',*,*,#7810,.T.);
#6195=ORIENTED_EDGE('',*,*,#7734,.T.);
#6196=ORIENTED_EDGE('',*,*,#7816,.F.);
#6197=ORIENTED_EDGE('',*,*,#7728,.T.);
#6198=CARTESIAN_POINT('',(4.85,-3.2,-1.45));
#6199=DIRECTION('',(2.07293355605263E-17,-1.38777878078145E-17,-1.0));
#6200=DIRECTION('',(0.0,-1.0,1.38777878078145E-17));
#6201=ORIENTED_EDGE('',*,*,#7817,.F.);
#6202=ORIENTED_EDGE('',*,*,#7732,.T.);
#6203=ORIENTED_EDGE('',*,*,#7809,.T.);
#6204=ORIENTED_EDGE('',*,*,#7818,.T.);
#6205=CARTESIAN_POINT('',(4.85,-2.055,6.65));
#6206=DIRECTION('',(6.68191177523049E-51,1.0,-1.38777878078145E-17));
#6207=DIRECTION('',(1.0,0.0,4.81482486096809E-34));
#6208=ORIENTED_EDGE('',*,*,#7819,.F.);
#6209=ORIENTED_EDGE('',*,*,#7423,.T.);
#6210=ORIENTED_EDGE('',*,*,#7820,.T.);
#6211=ORIENTED_EDGE('',*,*,#7735,.F.);
#6212=ORIENTED_EDGE('',*,*,#7090,.F.);
#6213=ORIENTED_EDGE('',*,*,#7821,.F.);
#6214=ORIENTED_EDGE('',*,*,#7812,.T.);
#6215=ORIENTED_EDGE('',*,*,#7792,.T.);
#6216=ORIENTED_EDGE('',*,*,#7822,.T.);
#6217=ORIENTED_EDGE('',*,*,#7366,.T.);
#6218=ORIENTED_EDGE('',*,*,#7804,.T.);
#6219=ORIENTED_EDGE('',*,*,#7807,.F.);
#6220=ORIENTED_EDGE('',*,*,#7798,.T.);
#6221=CARTESIAN_POINT('',(-5.25,-4.4,6.65));
#6222=DIRECTION('',(8.26058798084194E-17,-1.0,1.38777878078145E-17));
#6223=DIRECTION('',(0.0,-1.38777878078145E-17,-1.0));
#6224=ORIENTED_EDGE('',*,*,#7817,.T.);
#6225=ORIENTED_EDGE('',*,*,#7424,.T.);
#6226=ORIENTED_EDGE('',*,*,#7819,.T.);
#6227=ORIENTED_EDGE('',*,*,#7797,.T.);
#6228=ORIENTED_EDGE('',*,*,#7814,.T.);
#6229=ORIENTED_EDGE('',*,*,#7729,.T.);
#6230=ORIENTED_EDGE('',*,*,#7816,.T.);
#6231=ORIENTED_EDGE('',*,*,#7733,.T.);
#6232=CARTESIAN_POINT('',(5.25,-4.4,6.65));
#6233=DIRECTION('',(1.0,3.00926553810506E-34,-3.46944695195361E-17));
#6234=DIRECTION('',(0.0,1.0,8.67361737988404E-18));
#6235=ORIENTED_EDGE('',*,*,#7740,.T.);
#6236=ORIENTED_EDGE('',*,*,#7823,.T.);
#6237=ORIENTED_EDGE('',*,*,#7775,.F.);
#6238=ORIENTED_EDGE('',*,*,#7094,.F.);
#6239=CARTESIAN_POINT('',(-5.25,-4.4,6.65));
#6240=DIRECTION('',(8.26058798084194E-17,-1.0,1.38777878078145E-17));
#6241=DIRECTION('',(0.0,-1.38777878078145E-17,-1.0));
#6242=ORIENTED_EDGE('',*,*,#7824,.T.);
#6243=ORIENTED_EDGE('',*,*,#7635,.T.);
#6244=ORIENTED_EDGE('',*,*,#7825,.F.);
#6245=ORIENTED_EDGE('',*,*,#7741,.F.);
#6246=CARTESIAN_POINT('',(4.85,1.45,7.5));
#6247=DIRECTION('',(2.81229380368075E-33,-1.35667339431565E-16,1.0));
#6248=DIRECTION('',(1.0,2.07293355605263E-17,0.0));
#6249=ORIENTED_EDGE('',*,*,#7826,.T.);
#6250=ORIENTED_EDGE('',*,*,#6735,.F.);
#6251=ORIENTED_EDGE('',*,*,#7827,.T.);
#6252=ORIENTED_EDGE('',*,*,#7762,.T.);
#6253=ORIENTED_EDGE('',*,*,#6638,.T.);
#6254=ORIENTED_EDGE('',*,*,#7761,.T.);
#6255=ORIENTED_EDGE('',*,*,#7759,.T.);
#6256=ORIENTED_EDGE('',*,*,#7828,.T.);
#6257=ORIENTED_EDGE('',*,*,#7671,.F.);
#6258=ORIENTED_EDGE('',*,*,#7829,.T.);
#6259=ORIENTED_EDGE('',*,*,#7768,.T.);
#6260=ORIENTED_EDGE('',*,*,#7766,.T.);
#6261=ORIENTED_EDGE('',*,*,#6632,.T.);
#6262=ORIENTED_EDGE('',*,*,#7765,.T.);
#6263=CARTESIAN_POINT('',(5.35,0.5,8.39096420088782));
#6264=DIRECTION('',(6.68191177523049E-51,1.0,-1.38777878078145E-17));
#6265=DIRECTION('',(1.0,0.0,4.81482486096809E-34));
#6266=ORIENTED_EDGE('',*,*,#7827,.F.);
#6267=ORIENTED_EDGE('',*,*,#6734,.F.);
#6268=ORIENTED_EDGE('',*,*,#6739,.F.);
#6269=ORIENTED_EDGE('',*,*,#7748,.T.);
#6270=ORIENTED_EDGE('',*,*,#7763,.F.);
#6271=CARTESIAN_POINT('',(6.0078385041665,0.5,9.50889133559821));
#6272=DIRECTION('',(-0.906307787036649,-5.31916480900537E-18,-0.422618261740701));
#6273=DIRECTION('',(-0.422618261740701,0.0,0.906307787036649));
#6274=ORIENTED_EDGE('',*,*,#6737,.T.);
#6275=ORIENTED_EDGE('',*,*,#6736,.T.);
#6276=ORIENTED_EDGE('',*,*,#7826,.F.);
#6277=ORIENTED_EDGE('',*,*,#7764,.T.);
#6278=ORIENTED_EDGE('',*,*,#7749,.T.);
#6279=CARTESIAN_POINT('',(4.95,0.5,10.8309526953037));
#6280=DIRECTION('',(0.906307787036649,5.31916480900537E-18,0.422618261740701));
#6281=DIRECTION('',(0.0,-1.0,1.25862161921175E-17));
#6282=ORIENTED_EDGE('',*,*,#7830,.F.);
#6283=ORIENTED_EDGE('',*,*,#7408,.T.);
#6284=ORIENTED_EDGE('',*,*,#7831,.T.);
#6285=ORIENTED_EDGE('',*,*,#7551,.F.);
#6286=ORIENTED_EDGE('',*,*,#7122,.F.);
#6287=ORIENTED_EDGE('',*,*,#7832,.F.);
#6288=ORIENTED_EDGE('',*,*,#7593,.T.);
#6289=ORIENTED_EDGE('',*,*,#7571,.T.);
#6290=ORIENTED_EDGE('',*,*,#7585,.T.);
#6291=ORIENTED_EDGE('',*,*,#7354,.T.);
#6292=ORIENTED_EDGE('',*,*,#7583,.T.);
#6293=ORIENTED_EDGE('',*,*,#7588,.F.);
#6294=ORIENTED_EDGE('',*,*,#7577,.T.);
#6295=CARTESIAN_POINT('',(-5.25,4.4,6.65));
#6296=DIRECTION('',(-1.14638687165907E-33,1.0,-1.38777878078145E-17));
#6297=DIRECTION('',(1.0,0.0,-8.26058798084194E-17));
#6298=ORIENTED_EDGE('',*,*,#7833,.F.);
#6299=ORIENTED_EDGE('',*,*,#7420,.T.);
#6300=ORIENTED_EDGE('',*,*,#7711,.F.);
#6301=ORIENTED_EDGE('',*,*,#7658,.T.);
#6302=ORIENTED_EDGE('',*,*,#7713,.F.);
#6303=ORIENTED_EDGE('',*,*,#7654,.T.);
#6304=ORIENTED_EDGE('',*,*,#7714,.F.);
#6305=ORIENTED_EDGE('',*,*,#7694,.T.);
#6306=CARTESIAN_POINT('',(5.25,-4.4,6.65));
#6307=DIRECTION('',(1.0,3.00926553810506E-34,-3.46944695195361E-17));
#6308=DIRECTION('',(0.0,1.0,8.67361737988404E-18));
#6309=ORIENTED_EDGE('',*,*,#7834,.T.);
#6310=ORIENTED_EDGE('',*,*,#7416,.T.);
#6311=ORIENTED_EDGE('',*,*,#7833,.T.);
#6312=ORIENTED_EDGE('',*,*,#7693,.T.);
#6313=ORIENTED_EDGE('',*,*,#7701,.T.);
#6314=ORIENTED_EDGE('',*,*,#7700,.T.);
#6315=ORIENTED_EDGE('',*,*,#7348,.T.);
#6316=ORIENTED_EDGE('',*,*,#7705,.F.);
#6317=ORIENTED_EDGE('',*,*,#7687,.T.);
#6318=ORIENTED_EDGE('',*,*,#7709,.F.);
#6319=ORIENTED_EDGE('',*,*,#7835,.F.);
#6320=ORIENTED_EDGE('',*,*,#7121,.F.);
#6321=ORIENTED_EDGE('',*,*,#7662,.T.);
#6322=CARTESIAN_POINT('',(-5.25,4.4,6.65));
#6323=DIRECTION('',(-1.14638687165907E-33,1.0,-1.38777878078145E-17));
#6324=DIRECTION('',(1.0,0.0,-8.26058798084194E-17));
#6325=ORIENTED_EDGE('',*,*,#7836,.T.);
#6326=ORIENTED_EDGE('',*,*,#7663,.F.);
#6327=ORIENTED_EDGE('',*,*,#7136,.F.);
#6328=ORIENTED_EDGE('',*,*,#7679,.T.);
#6329=CARTESIAN_POINT('',(-5.25,4.4,6.65));
#6330=DIRECTION('',(-1.14638687165907E-33,1.0,-1.38777878078145E-17));
#6331=DIRECTION('',(1.0,0.0,-8.26058798084194E-17));
#6332=ORIENTED_EDGE('',*,*,#7837,.F.);
#6333=ORIENTED_EDGE('',*,*,#7637,.T.);
#6334=ORIENTED_EDGE('',*,*,#7838,.T.);
#6335=ORIENTED_EDGE('',*,*,#7669,.T.);
#6336=CARTESIAN_POINT('',(4.85,1.45,7.5));
#6337=DIRECTION('',(2.81229380368075E-33,-1.35667339431565E-16,1.0));
#6338=DIRECTION('',(1.0,2.07293355605263E-17,0.0));
#6339=ORIENTED_EDGE('',*,*,#7838,.F.);
#6340=ORIENTED_EDGE('',*,*,#7636,.T.);
#6341=ORIENTED_EDGE('',*,*,#7791,.F.);
#6342=ORIENTED_EDGE('',*,*,#7839,.T.);
#6343=ORIENTED_EDGE('',*,*,#7786,.F.);
#6344=ORIENTED_EDGE('',*,*,#7632,.T.);
#6345=ORIENTED_EDGE('',*,*,#7824,.F.);
#6346=ORIENTED_EDGE('',*,*,#7744,.T.);
#6347=ORIENTED_EDGE('',*,*,#7747,.T.);
#6348=ORIENTED_EDGE('',*,*,#7753,.T.);
#6349=ORIENTED_EDGE('',*,*,#7769,.F.);
#6350=ORIENTED_EDGE('',*,*,#7829,.F.);
#6351=ORIENTED_EDGE('',*,*,#7670,.F.);
#6352=ORIENTED_EDGE('',*,*,#7666,.F.);
#6353=CARTESIAN_POINT('',(4.85,1.45,6.25));
#6354=DIRECTION('',(1.0,3.00926553810506E-34,-3.46944695195361E-17));
#6355=DIRECTION('',(0.0,1.0,8.67361737988404E-18));
#6356=ORIENTED_EDGE('',*,*,#7785,.T.);
#6357=ORIENTED_EDGE('',*,*,#7437,.T.);
#6358=ORIENTED_EDGE('',*,*,#7788,.T.);
#6359=ORIENTED_EDGE('',*,*,#7638,.T.);
#6360=ORIENTED_EDGE('',*,*,#7837,.T.);
#6361=ORIENTED_EDGE('',*,*,#7668,.T.);
#6362=ORIENTED_EDGE('',*,*,#7672,.T.);
#6363=ORIENTED_EDGE('',*,*,#7828,.F.);
#6364=ORIENTED_EDGE('',*,*,#7758,.T.);
#6365=ORIENTED_EDGE('',*,*,#7754,.T.);
#6366=ORIENTED_EDGE('',*,*,#7745,.F.);
#6367=ORIENTED_EDGE('',*,*,#7742,.F.);
#6368=ORIENTED_EDGE('',*,*,#7825,.T.);
#6369=ORIENTED_EDGE('',*,*,#7634,.T.);
#6370=CARTESIAN_POINT('',(5.25,-4.4,6.65));
#6371=DIRECTION('',(1.0,3.00926553810506E-34,-3.46944695195361E-17));
#6372=DIRECTION('',(0.0,1.0,8.67361737988404E-18));
#6373=ORIENTED_EDGE('',*,*,#7682,.T.);
#6374=ORIENTED_EDGE('',*,*,#7431,.T.);
#6375=ORIENTED_EDGE('',*,*,#7686,.F.);
#6376=ORIENTED_EDGE('',*,*,#7543,.T.);
#6377=ORIENTED_EDGE('',*,*,#7681,.T.);
#6378=ORIENTED_EDGE('',*,*,#7549,.T.);
#6379=CARTESIAN_POINT('',(-5.25,4.4,6.65));
#6380=DIRECTION('',(-1.14638687165907E-33,1.0,-1.38777878078145E-17));
#6381=DIRECTION('',(1.0,0.0,-8.26058798084194E-17));
#6382=ORIENTED_EDGE('',*,*,#7597,.T.);
#6383=ORIENTED_EDGE('',*,*,#7409,.T.);
#6384=ORIENTED_EDGE('',*,*,#7830,.T.);
#6385=ORIENTED_EDGE('',*,*,#7576,.T.);
#6386=ORIENTED_EDGE('',*,*,#7595,.T.);
#6387=ORIENTED_EDGE('',*,*,#7537,.T.);
#6388=ORIENTED_EDGE('',*,*,#7596,.T.);
#6389=ORIENTED_EDGE('',*,*,#7541,.T.);
#6390=CARTESIAN_POINT('',(-5.25,-4.4,6.65));
#6391=DIRECTION('',(-1.0,8.67361737988404E-18,3.46944695195361E-17));
#6392=DIRECTION('',(8.67361737988404E-18,1.0,0.0));
#6393=ORIENTED_EDGE('',*,*,#7556,.T.);
#6394=ORIENTED_EDGE('',*,*,#7840,.T.);
#6395=ORIENTED_EDGE('',*,*,#7569,.F.);
#6396=ORIENTED_EDGE('',*,*,#7126,.F.);
#6397=CARTESIAN_POINT('',(-5.25,4.4,6.65));
#6398=DIRECTION('',(-1.14638687165907E-33,1.0,-1.38777878078145E-17));
#6399=DIRECTION('',(1.0,0.0,-8.26058798084194E-17));
#6400=ORIENTED_EDGE('',*,*,#7783,.T.);
#6401=ORIENTED_EDGE('',*,*,#7434,.T.);
#6402=ORIENTED_EDGE('',*,*,#7782,.F.);
#6403=ORIENTED_EDGE('',*,*,#7466,.T.);
#6404=ORIENTED_EDGE('',*,*,#7777,.F.);
#6405=ORIENTED_EDGE('',*,*,#7460,.T.);
#6406=CARTESIAN_POINT('',(-5.25,-4.4,6.65));
#6407=DIRECTION('',(8.26058798084194E-17,-1.0,1.38777878078145E-17));
#6408=DIRECTION('',(0.0,-1.38777878078145E-17,-1.0));
#6409=ORIENTED_EDGE('',*,*,#7841,.F.);
#6410=ORIENTED_EDGE('',*,*,#7415,.T.);
#6411=ORIENTED_EDGE('',*,*,#7510,.F.);
#6412=ORIENTED_EDGE('',*,*,#7458,.T.);
#6413=ORIENTED_EDGE('',*,*,#7512,.F.);
#6414=ORIENTED_EDGE('',*,*,#7454,.T.);
#6415=ORIENTED_EDGE('',*,*,#7513,.F.);
#6416=ORIENTED_EDGE('',*,*,#7495,.T.);
#6417=CARTESIAN_POINT('',(-5.25,-4.4,6.65));
#6418=DIRECTION('',(-1.0,8.67361737988404E-18,3.46944695195361E-17));
#6419=DIRECTION('',(8.67361737988404E-18,1.0,0.0));
#6420=ORIENTED_EDGE('',*,*,#7842,.T.);
#6421=ORIENTED_EDGE('',*,*,#7411,.T.);
#6422=ORIENTED_EDGE('',*,*,#7841,.T.);
#6423=ORIENTED_EDGE('',*,*,#7494,.T.);
#6424=ORIENTED_EDGE('',*,*,#7502,.T.);
#6425=ORIENTED_EDGE('',*,*,#7501,.T.);
#6426=ORIENTED_EDGE('',*,*,#7360,.T.);
#6427=ORIENTED_EDGE('',*,*,#7843,.F.);
#6428=ORIENTED_EDGE('',*,*,#7488,.T.);
#6429=ORIENTED_EDGE('',*,*,#7508,.F.);
#6430=ORIENTED_EDGE('',*,*,#7844,.F.);
#6431=ORIENTED_EDGE('',*,*,#7086,.F.);
#6432=ORIENTED_EDGE('',*,*,#7470,.T.);
#6433=CARTESIAN_POINT('',(-5.25,-4.4,6.65));
#6434=DIRECTION('',(8.26058798084194E-17,-1.0,1.38777878078145E-17));
#6435=DIRECTION('',(0.0,-1.38777878078145E-17,-1.0));
#6436=ORIENTED_EDGE('',*,*,#7845,.T.);
#6437=ORIENTED_EDGE('',*,*,#7471,.F.);
#6438=ORIENTED_EDGE('',*,*,#7104,.F.);
#6439=ORIENTED_EDGE('',*,*,#7487,.T.);
#6440=CARTESIAN_POINT('',(-5.25,-4.4,6.65));
#6441=DIRECTION('',(8.26058798084194E-17,-1.0,1.38777878078145E-17));
#6442=DIRECTION('',(0.0,-1.38777878078145E-17,-1.0));
#6443=ORIENTED_EDGE('',*,*,#7820,.F.);
#6444=ORIENTED_EDGE('',*,*,#7422,.T.);
#6445=ORIENTED_EDGE('',*,*,#7772,.F.);
#6446=ORIENTED_EDGE('',*,*,#7719,.T.);
#6447=ORIENTED_EDGE('',*,*,#7771,.F.);
#6448=ORIENTED_EDGE('',*,*,#7716,.T.);
#6449=ORIENTED_EDGE('',*,*,#7787,.F.);
#6450=ORIENTED_EDGE('',*,*,#7839,.F.);
#6451=ORIENTED_EDGE('',*,*,#7790,.T.);
#6452=ORIENTED_EDGE('',*,*,#7641,.T.);
#6453=ORIENTED_EDGE('',*,*,#7676,.T.);
#6454=ORIENTED_EDGE('',*,*,#7644,.T.);
#6455=ORIENTED_EDGE('',*,*,#7675,.T.);
#6456=ORIENTED_EDGE('',*,*,#7417,.T.);
#6457=ORIENTED_EDGE('',*,*,#7834,.F.);
#6458=ORIENTED_EDGE('',*,*,#7661,.T.);
#6459=ORIENTED_EDGE('',*,*,#7673,.T.);
#6460=ORIENTED_EDGE('',*,*,#7664,.T.);
#6461=ORIENTED_EDGE('',*,*,#7836,.F.);
#6462=ORIENTED_EDGE('',*,*,#7678,.T.);
#6463=ORIENTED_EDGE('',*,*,#7650,.T.);
#6464=ORIENTED_EDGE('',*,*,#7677,.T.);
#6465=ORIENTED_EDGE('',*,*,#7647,.T.);
#6466=ORIENTED_EDGE('',*,*,#7685,.T.);
#6467=ORIENTED_EDGE('',*,*,#7530,.T.);
#6468=ORIENTED_EDGE('',*,*,#7570,.F.);
#6469=ORIENTED_EDGE('',*,*,#7533,.T.);
#6470=ORIENTED_EDGE('',*,*,#7568,.F.);
#6471=ORIENTED_EDGE('',*,*,#7840,.F.);
#6472=ORIENTED_EDGE('',*,*,#7555,.T.);
#6473=ORIENTED_EDGE('',*,*,#7564,.F.);
#6474=ORIENTED_EDGE('',*,*,#7552,.T.);
#6475=ORIENTED_EDGE('',*,*,#7831,.F.);
#6476=ORIENTED_EDGE('',*,*,#7407,.T.);
#6477=ORIENTED_EDGE('',*,*,#7566,.F.);
#6478=ORIENTED_EDGE('',*,*,#7527,.T.);
#6479=ORIENTED_EDGE('',*,*,#7565,.F.);
#6480=ORIENTED_EDGE('',*,*,#7524,.T.);
#6481=ORIENTED_EDGE('',*,*,#7631,.F.);
#6482=ORIENTED_EDGE('',*,*,#7846,.F.);
#6483=ORIENTED_EDGE('',*,*,#7626,.T.);
#6484=ORIENTED_EDGE('',*,*,#7441,.T.);
#6485=ORIENTED_EDGE('',*,*,#7484,.T.);
#6486=ORIENTED_EDGE('',*,*,#7444,.T.);
#6487=ORIENTED_EDGE('',*,*,#7483,.T.);
#6488=ORIENTED_EDGE('',*,*,#7412,.T.);
#6489=ORIENTED_EDGE('',*,*,#7842,.F.);
#6490=ORIENTED_EDGE('',*,*,#7469,.T.);
#6491=ORIENTED_EDGE('',*,*,#7481,.T.);
#6492=ORIENTED_EDGE('',*,*,#7472,.T.);
#6493=ORIENTED_EDGE('',*,*,#7845,.F.);
#6494=ORIENTED_EDGE('',*,*,#7486,.T.);
#6495=ORIENTED_EDGE('',*,*,#7450,.T.);
#6496=ORIENTED_EDGE('',*,*,#7485,.T.);
#6497=ORIENTED_EDGE('',*,*,#7447,.T.);
#6498=ORIENTED_EDGE('',*,*,#7780,.F.);
#6499=ORIENTED_EDGE('',*,*,#7722,.T.);
#6500=ORIENTED_EDGE('',*,*,#7776,.F.);
#6501=ORIENTED_EDGE('',*,*,#7725,.T.);
#6502=ORIENTED_EDGE('',*,*,#7774,.F.);
#6503=ORIENTED_EDGE('',*,*,#7823,.F.);
#6504=ORIENTED_EDGE('',*,*,#7739,.T.);
#6505=ORIENTED_EDGE('',*,*,#7770,.F.);
#6506=ORIENTED_EDGE('',*,*,#7736,.T.);
#6507=CARTESIAN_POINT('',(-5.25,4.4,6.65));
#6508=DIRECTION('',(2.07293355605263E-17,-1.38777878078145E-17,-1.0));
#6509=DIRECTION('',(0.0,-1.0,1.38777878078145E-17));
#6510=ORIENTED_EDGE('',*,*,#6795,.T.);
#6511=ORIENTED_EDGE('',*,*,#6818,.T.);
#6512=ORIENTED_EDGE('',*,*,#7567,.T.);
#6513=ORIENTED_EDGE('',*,*,#7410,.T.);
#6514=ORIENTED_EDGE('',*,*,#7598,.F.);
#6515=ORIENTED_EDGE('',*,*,#7594,.T.);
#6516=ORIENTED_EDGE('',*,*,#7832,.T.);
#6517=CARTESIAN_POINT('',(-5.25,4.4,6.25));
#6518=DIRECTION('',(2.07293355605263E-17,-1.38777878078145E-17,-1.0));
#6519=DIRECTION('',(0.0,-1.0,1.38777878078145E-17));
#6520=ORIENTED_EDGE('',*,*,#7478,.F.);
#6521=ORIENTED_EDGE('',*,*,#7847,.T.);
#6522=ORIENTED_EDGE('',*,*,#7515,.T.);
#6523=ORIENTED_EDGE('',*,*,#7627,.T.);
#6524=ORIENTED_EDGE('',*,*,#7846,.T.);
#6525=ORIENTED_EDGE('',*,*,#7630,.T.);
#6526=ORIENTED_EDGE('',*,*,#7519,.T.);
#6527=ORIENTED_EDGE('',*,*,#7622,.T.);
#6528=ORIENTED_EDGE('',*,*,#7560,.T.);
#6529=ORIENTED_EDGE('',*,*,#7563,.T.);
#6530=ORIENTED_EDGE('',*,*,#7613,.T.);
#6531=ORIENTED_EDGE('',*,*,#7618,.T.);
#6532=ORIENTED_EDGE('',*,*,#7607,.F.);
#6533=ORIENTED_EDGE('',*,*,#7474,.F.);
#6534=CARTESIAN_POINT('',(-4.85,1.45,6.25));
#6535=DIRECTION('',(-1.0,8.67361737988404E-18,3.46944695195361E-17));
#6536=DIRECTION('',(8.67361737988404E-18,1.0,0.0));
#6537=ORIENTED_EDGE('',*,*,#7480,.T.);
#6538=ORIENTED_EDGE('',*,*,#7848,.T.);
#6539=ORIENTED_EDGE('',*,*,#7516,.T.);
#6540=ORIENTED_EDGE('',*,*,#7847,.F.);
#6541=CARTESIAN_POINT('',(-4.85,1.45,7.5));
#6542=DIRECTION('',(2.07293355605263E-17,1.35667339431565E-16,-1.0));
#6543=DIRECTION('',(-1.0,0.0,-2.07293355605263E-17));
#6544=ORIENTED_EDGE('',*,*,#7629,.F.);
#6545=ORIENTED_EDGE('',*,*,#7427,.T.);
#6546=ORIENTED_EDGE('',*,*,#7624,.F.);
#6547=ORIENTED_EDGE('',*,*,#7517,.T.);
#6548=ORIENTED_EDGE('',*,*,#7848,.F.);
#6549=ORIENTED_EDGE('',*,*,#7479,.T.);
#6550=ORIENTED_EDGE('',*,*,#7476,.T.);
#6551=ORIENTED_EDGE('',*,*,#7606,.F.);
#6552=ORIENTED_EDGE('',*,*,#7621,.F.);
#6553=ORIENTED_EDGE('',*,*,#7614,.T.);
#6554=ORIENTED_EDGE('',*,*,#7561,.F.);
#6555=ORIENTED_EDGE('',*,*,#7558,.F.);
#6556=ORIENTED_EDGE('',*,*,#7623,.F.);
#6557=ORIENTED_EDGE('',*,*,#7521,.T.);
#6558=CARTESIAN_POINT('',(-5.25,-4.4,6.65));
#6559=DIRECTION('',(-1.0,8.67361737988404E-18,3.46944695195361E-17));
#6560=DIRECTION('',(8.67361737988404E-18,1.0,0.0));
#6561=ORIENTED_EDGE('',*,*,#7843,.T.);
#6562=ORIENTED_EDGE('',*,*,#7203,.T.);
#6563=ORIENTED_EDGE('',*,*,#7514,.T.);
#6564=ORIENTED_EDGE('',*,*,#7489,.T.);
#6565=CARTESIAN_POINT('',(-5.25,-3.2,-1.9));
#6566=DIRECTION('',(-2.87677320305967E-34,1.38777878078145E-17,1.0));
#6567=DIRECTION('',(1.0,2.07293355605263E-17,0.0));
#6568=ORIENTED_EDGE('',*,*,#7815,.F.);
#6569=ORIENTED_EDGE('',*,*,#7192,.T.);
#6570=ORIENTED_EDGE('',*,*,#7822,.F.);
#6571=ORIENTED_EDGE('',*,*,#7795,.T.);
#6572=CARTESIAN_POINT('',(5.25,-3.2,-1.9));
#6573=DIRECTION('',(-2.87677320305967E-34,1.38777878078145E-17,1.0));
#6574=DIRECTION('',(1.0,2.07293355605263E-17,0.0));
#6575=ORIENTED_EDGE('',*,*,#6749,.F.);
#6576=ORIENTED_EDGE('',*,*,#6681,.F.);
#6577=ORIENTED_EDGE('',*,*,#6675,.T.);
#6578=ORIENTED_EDGE('',*,*,#6751,.T.);
#6579=CARTESIAN_POINT('',(0.0,0.0,-7.5));
#6580=DIRECTION('',(0.0,0.0,-1.0));
#6581=DIRECTION('',(0.0,-1.0,0.0));
#6582=ORIENTED_EDGE('',*,*,#7238,.T.);
#6583=ORIENTED_EDGE('',*,*,#6800,.T.);
#6584=ORIENTED_EDGE('',*,*,#7241,.T.);
#6585=ORIENTED_EDGE('',*,*,#7332,.T.);
#6586=CARTESIAN_POINT('',(-4.25,-5.75,0.0));
#6587=DIRECTION('',(0.0,0.0,1.0));
#6588=DIRECTION('',(1.0,-0.0,0.0));
#6589=ORIENTED_EDGE('',*,*,#7674,.F.);
#6590=ORIENTED_EDGE('',*,*,#6782,.F.);
#6591=ORIENTED_EDGE('',*,*,#6770,.T.);
#6592=ORIENTED_EDGE('',*,*,#7835,.T.);
#6593=ORIENTED_EDGE('',*,*,#7708,.T.);
#6594=ORIENTED_EDGE('',*,*,#7712,.T.);
#6595=ORIENTED_EDGE('',*,*,#7419,.T.);
#6596=CARTESIAN_POINT('',(-5.25,4.4,6.25));
#6597=DIRECTION('',(2.07293355605263E-17,-1.38777878078145E-17,-1.0));
#6598=DIRECTION('',(0.0,-1.0,1.38777878078145E-17));
#6599=ORIENTED_EDGE('',*,*,#7784,.T.);
#6600=ORIENTED_EDGE('',*,*,#6784,.T.);
#6601=ORIENTED_EDGE('',*,*,#7789,.F.);
#6602=ORIENTED_EDGE('',*,*,#7439,.T.);
#6603=CARTESIAN_POINT('',(-5.25,4.4,6.25));
#6604=DIRECTION('',(2.07293355605263E-17,-1.38777878078145E-17,-1.0));
#6605=DIRECTION('',(0.0,-1.0,1.38777878078145E-17));
#6606=ORIENTED_EDGE('',*,*,#7821,.T.);
#6607=ORIENTED_EDGE('',*,*,#6786,.T.);
#6608=ORIENTED_EDGE('',*,*,#7773,.T.);
#6609=ORIENTED_EDGE('',*,*,#7425,.T.);
#6610=ORIENTED_EDGE('',*,*,#7818,.F.);
#6611=ORIENTED_EDGE('',*,*,#7813,.T.);
#6612=CARTESIAN_POINT('',(-5.25,4.4,6.25));
#6613=DIRECTION('',(2.07293355605263E-17,-1.38777878078145E-17,-1.0));
#6614=DIRECTION('',(0.0,-1.0,1.38777878078145E-17));
#6615=ORIENTED_EDGE('',*,*,#7482,.F.);
#6616=ORIENTED_EDGE('',*,*,#6814,.T.);
#6617=ORIENTED_EDGE('',*,*,#7844,.T.);
#6618=ORIENTED_EDGE('',*,*,#7507,.T.);
#6619=ORIENTED_EDGE('',*,*,#7511,.T.);
#6620=ORIENTED_EDGE('',*,*,#7414,.T.);
#6621=CARTESIAN_POINT('',(-5.25,4.4,6.25));
#6622=DIRECTION('',(2.07293355605263E-17,-1.38777878078145E-17,-1.0));
#6623=DIRECTION('',(0.0,-1.0,1.38777878078145E-17));
#6624=ORIENTED_EDGE('',*,*,#7628,.T.);
#6625=ORIENTED_EDGE('',*,*,#6816,.T.);
#6626=ORIENTED_EDGE('',*,*,#7625,.F.);
#6627=ORIENTED_EDGE('',*,*,#7429,.T.);
#6628=CARTESIAN_POINT('',(-5.25,4.4,6.25));
#6629=DIRECTION('',(2.07293355605263E-17,-1.38777878078145E-17,-1.0));
#6630=DIRECTION('',(0.0,-1.0,1.38777878078145E-17));
#6631=EDGE_CURVE('',#7849,#7850,#7851,.T.);
#6632=EDGE_CURVE('',#7852,#7849,#7853,.T.);
#6633=EDGE_CURVE('',#7852,#7854,#7855,.T.);
#6634=EDGE_CURVE('',#7854,#7850,#7856,.T.);
#6635=EDGE_CURVE('',#7857,#7858,#7859,.T.);
#6636=EDGE_CURVE('',#7857,#7860,#7861,.T.);
#6637=EDGE_CURVE('',#7862,#7860,#7863,.T.);
#6638=EDGE_CURVE('',#7858,#7862,#7864,.T.);
#6639=EDGE_CURVE('',#7865,#7866,#7867,.T.);
#6640=EDGE_CURVE('',#7865,#7868,#7869,.T.);
#6641=EDGE_CURVE('',#7870,#7868,#7871,.T.);
#6642=EDGE_CURVE('',#7870,#7866,#7872,.T.);
#6643=EDGE_CURVE('',#7873,#7874,#7875,.T.);
#6644=EDGE_CURVE('',#7876,#7873,#7877,.T.);
#6645=EDGE_CURVE('',#7876,#7878,#7879,.T.);
#6646=EDGE_CURVE('',#7878,#7874,#7880,.T.);
#6647=EDGE_CURVE('',#7881,#7882,#7883,.T.);
#6648=EDGE_CURVE('',#7881,#7884,#7885,.T.);
#6649=EDGE_CURVE('',#7884,#7886,#7887,.T.);
#6650=EDGE_CURVE('',#7882,#7886,#7888,.T.);
#6651=EDGE_CURVE('',#7889,#7890,#7891,.T.);
#6652=EDGE_CURVE('',#7889,#7892,#7893,.T.);
#6653=EDGE_CURVE('',#7892,#7894,#7895,.T.);
#6654=EDGE_CURVE('',#7890,#7894,#7896,.T.);
#6655=EDGE_CURVE('',#7897,#7898,#7899,.T.);
#6656=EDGE_CURVE('',#7897,#7900,#7901,.T.);
#6657=EDGE_CURVE('',#7900,#7902,#7903,.T.);
#6658=EDGE_CURVE('',#7898,#7902,#7904,.T.);
#6659=EDGE_CURVE('',#7905,#7906,#7907,.T.);
#6660=EDGE_CURVE('',#7905,#7908,#7909,.T.);
#6661=EDGE_CURVE('',#7908,#7910,#7911,.T.);
#6662=EDGE_CURVE('',#7906,#7910,#7912,.T.);
#6663=EDGE_CURVE('',#7913,#7914,#7915,.T.);
#6664=EDGE_CURVE('',#7913,#7916,#7917,.T.);
#6665=EDGE_CURVE('',#7916,#7918,#7919,.T.);
#6666=EDGE_CURVE('',#7914,#7918,#7920,.T.);
#6667=EDGE_CURVE('',#7921,#7922,#7923,.T.);
#6668=EDGE_CURVE('',#7921,#7924,#7925,.T.);
#6669=EDGE_CURVE('',#7924,#7926,#7927,.T.);
#6670=EDGE_CURVE('',#7922,#7926,#7928,.T.);
#6671=EDGE_CURVE('',#7929,#7930,#7931,.T.);
#6672=EDGE_CURVE('',#7932,#7929,#7933,.T.);
#6673=EDGE_CURVE('',#7932,#7876,#7934,.T.);
#6674=EDGE_CURVE('',#7935,#7873,#7936,.T.);
#6675=EDGE_CURVE('',#7930,#7935,#7937,.T.);
#6676=EDGE_CURVE('',#7938,#7939,#7940,.T.);
#6677=EDGE_CURVE('',#7938,#7941,#7942,.T.);
#6678=EDGE_CURVE('',#7943,#7941,#7944,.T.);
#6679=EDGE_CURVE('',#7939,#7943,#7945,.T.);
#6680=EDGE_CURVE('',#7946,#7938,#7947,.T.);
#6681=EDGE_CURVE('',#7946,#7948,#7949,.T.);
#6682=EDGE_CURVE('',#7941,#7948,#7950,.T.);
#6683=EDGE_CURVE('',#7951,#7952,#7953,.T.);
#6684=EDGE_CURVE('',#7951,#7954,#7955,.T.);
#6685=EDGE_CURVE('',#7954,#7956,#7957,.T.);
#6686=EDGE_CURVE('',#7952,#7956,#7958,.T.);
#6687=EDGE_CURVE('',#7959,#7952,#7960,.T.);
#6688=EDGE_CURVE('',#7959,#7961,#7962,.T.);
#6689=EDGE_CURVE('',#7961,#7951,#7963,.T.);
#6690=EDGE_CURVE('',#7964,#7965,#7966,.T.);
#6691=EDGE_CURVE('',#7964,#7961,#7967,.T.);
#6692=EDGE_CURVE('',#7965,#7959,#7968,.T.);
#6693=EDGE_CURVE('',#7969,#7965,#7970,.T.);
#6694=EDGE_CURVE('',#7969,#7971,#7972,.T.);
#6695=EDGE_CURVE('',#7971,#7964,#7973,.T.);
#6696=EDGE_CURVE('',#7974,#7975,#7976,.T.);
#6697=EDGE_CURVE('',#7974,#7971,#7977,.T.);
#6698=EDGE_CURVE('',#7975,#7969,#7978,.T.);
#6699=EDGE_CURVE('',#7979,#7975,#7980,.T.);
#6700=EDGE_CURVE('',#7979,#7981,#7982,.T.);
#6701=EDGE_CURVE('',#7981,#7974,#7983,.T.);
#6702=EDGE_CURVE('',#7984,#7985,#7986,.T.);
#6703=EDGE_CURVE('',#7984,#7981,#7987,.T.);
#6704=EDGE_CURVE('',#7985,#7979,#7988,.T.);
#6705=EDGE_CURVE('',#7989,#7985,#7990,.T.);
#6706=EDGE_CURVE('',#7989,#7991,#7992,.T.);
#6707=EDGE_CURVE('',#7991,#7984,#7993,.T.);
#6708=EDGE_CURVE('',#7994,#7995,#7996,.T.);
#6709=EDGE_CURVE('',#7994,#7991,#7997,.T.);
#6710=EDGE_CURVE('',#7995,#7989,#7998,.T.);
#6711=EDGE_CURVE('',#7999,#7995,#8000,.T.);
#6712=EDGE_CURVE('',#7999,#8001,#8002,.T.);
#6713=EDGE_CURVE('',#8001,#7994,#8003,.T.);
#6714=EDGE_CURVE('',#8004,#8005,#8006,.T.);
#6715=EDGE_CURVE('',#8007,#8004,#8008,.T.);
#6716=EDGE_CURVE('',#8009,#8007,#8010,.T.);
#6717=EDGE_CURVE('',#8009,#8011,#8012,.T.);
#6718=EDGE_CURVE('',#8013,#8011,#8014,.T.);
#6719=EDGE_CURVE('',#8013,#8015,#8016,.T.);
#6720=EDGE_CURVE('',#8017,#8015,#8018,.T.);
#6721=EDGE_CURVE('',#8017,#8005,#8019,.T.);
#6722=EDGE_CURVE('',#8020,#8021,#8022,.T.);
#6723=EDGE_CURVE('',#8020,#8001,#8023,.T.);
#6724=EDGE_CURVE('',#8021,#7999,#8024,.T.);
#6725=EDGE_CURVE('',#8025,#8026,#8027,.T.);
#6726=EDGE_CURVE('',#8028,#8025,#8029,.T.);
#6727=EDGE_CURVE('',#8030,#8028,#8031,.T.);
#6728=EDGE_CURVE('',#8030,#8026,#8032,.T.);
#6729=EDGE_CURVE('',#8033,#8034,#8035,.T.);
#6730=EDGE_CURVE('',#8033,#8036,#8037,.T.);
#6731=EDGE_CURVE('',#8036,#8038,#8039,.T.);
#6732=EDGE_CURVE('',#8034,#8038,#8040,.T.);
#6733=EDGE_CURVE('',#8041,#8042,#8043,.T.);
#6734=EDGE_CURVE('',#8041,#8044,#8045,.T.);
#6735=EDGE_CURVE('',#8044,#8046,#8047,.T.);
#6736=EDGE_CURVE('',#8042,#8046,#8048,.T.);
#6737=EDGE_CURVE('',#8049,#8042,#8050,.T.);
#6738=EDGE_CURVE('',#8051,#8049,#8052,.T.);
#6739=EDGE_CURVE('',#8051,#8041,#8053,.T.);
#6740=EDGE_CURVE('',#8054,#8034,#8055,.T.);
#6741=EDGE_CURVE('',#8056,#8054,#8057,.T.);
#6742=EDGE_CURVE('',#8056,#8033,#8058,.T.);
#6743=EDGE_CURVE('',#8026,#8059,#8060,.T.);
#6744=EDGE_CURVE('',#8059,#8061,#8062,.T.);
#6745=EDGE_CURVE('',#8025,#8061,#8063,.T.);
#6746=EDGE_CURVE('',#8004,#8021,#8064,.T.);
#6747=EDGE_CURVE('',#8005,#8020,#8065,.T.);
#6748=EDGE_CURVE('',#7941,#7938,#8066,.T.);
#6749=EDGE_CURVE('',#7948,#7946,#8067,.T.);
#6750=EDGE_CURVE('',#7943,#7939,#8068,.T.);
#6751=EDGE_CURVE('',#7935,#7930,#8069,.T.);
#6752=EDGE_CURVE('',#7873,#8070,#8071,.T.);
#6753=EDGE_CURVE('',#8072,#8070,#8073,.T.);
#6754=EDGE_CURVE('',#7929,#8072,#8074,.T.);
#6755=EDGE_CURVE('',#8075,#8076,#8077,.T.);
#6756=EDGE_CURVE('',#8076,#8078,#8079,.T.);
#6757=EDGE_CURVE('',#8080,#8078,#8081,.T.);
#6758=EDGE_CURVE('',#8080,#8082,#8083,.T.);
#6759=EDGE_CURVE('',#8084,#8082,#8085,.T.);
#6760=EDGE_CURVE('',#8084,#8086,#8087,.T.);
#6761=EDGE_CURVE('',#8086,#8088,#8089,.T.);
#6762=EDGE_CURVE('',#8088,#8090,#8091,.T.);
#6763=EDGE_CURVE('',#8090,#8092,#8093,.T.);
#6764=EDGE_CURVE('',#8092,#8094,#8095,.T.);
#6765=EDGE_CURVE('',#8094,#8096,#8097,.T.);
#6766=EDGE_CURVE('',#8096,#8075,#8098,.T.);
#6767=EDGE_CURVE('',#8099,#8100,#8101,.T.);
#6768=EDGE_CURVE('',#8099,#8076,#8102,.T.);
#6769=EDGE_CURVE('',#8103,#8075,#8104,.T.);
#6770=EDGE_CURVE('',#8100,#8103,#8105,.T.);
#6771=EDGE_CURVE('',#8106,#8107,#8108,.T.);
#6772=EDGE_CURVE('',#8109,#8106,#8110,.T.);
#6773=EDGE_CURVE('',#8111,#8109,#8112,.T.);
#6774=EDGE_CURVE('',#8113,#8111,#8114,.T.);
#6775=EDGE_CURVE('',#8113,#8115,#8116,.T.);
#6776=EDGE_CURVE('',#8115,#8117,#8118,.T.);
#6777=EDGE_CURVE('',#8117,#8119,#8120,.T.);
#6778=EDGE_CURVE('',#8121,#8119,#8122,.T.);
#6779=EDGE_CURVE('',#8121,#8123,#8124,.T.);
#6780=EDGE_CURVE('',#8125,#8123,#8126,.T.);
#6781=EDGE_CURVE('',#8125,#8099,#8127,.T.);
#6782=EDGE_CURVE('',#8100,#8128,#8129,.T.);
#6783=EDGE_CURVE('',#8128,#8130,#8131,.T.);
#6784=EDGE_CURVE('',#8132,#8130,#8133,.T.);
#6785=EDGE_CURVE('',#8132,#8134,#8135,.T.);
#6786=EDGE_CURVE('',#8136,#8134,#8137,.T.);
#6787=EDGE_CURVE('',#8136,#8138,#8139,.T.);
#6788=EDGE_CURVE('',#8138,#8140,#8141,.T.);
#6789=EDGE_CURVE('',#8142,#8140,#8143,.T.);
#6790=EDGE_CURVE('',#8142,#8144,#8145,.T.);
#6791=EDGE_CURVE('',#8146,#8144,#8147,.T.);
#6792=EDGE_CURVE('',#8146,#8107,#8148,.T.);
#6793=EDGE_CURVE('',#8094,#8149,#8150,.T.);
#6794=EDGE_CURVE('',#8151,#8149,#8152,.T.);
#6795=EDGE_CURVE('',#8153,#8151,#8154,.T.);
#6796=EDGE_CURVE('',#8096,#8153,#8155,.T.);
#6797=EDGE_CURVE('',#8149,#8156,#8157,.T.);
#6798=EDGE_CURVE('',#8156,#8158,#8159,.T.);
#6799=EDGE_CURVE('',#8158,#8160,#8161,.T.);
#6800=EDGE_CURVE('',#8162,#8160,#8163,.T.);
#6801=EDGE_CURVE('',#8162,#8164,#8165,.T.);
#6802=EDGE_CURVE('',#8166,#8164,#8167,.T.);
#6803=EDGE_CURVE('',#8166,#8168,#8169,.T.);
#6804=EDGE_CURVE('',#8168,#8170,#8171,.T.);
#6805=EDGE_CURVE('',#8172,#8170,#8173,.T.);
#6806=EDGE_CURVE('',#8172,#8174,#8175,.T.);
#6807=EDGE_CURVE('',#8176,#8174,#8177,.T.);
#6808=EDGE_CURVE('',#8178,#8176,#8179,.T.);
#6809=EDGE_CURVE('',#8180,#8178,#8181,.T.);
#6810=EDGE_CURVE('',#8180,#8182,#8183,.T.);
#6811=EDGE_CURVE('',#8182,#8184,#8185,.T.);
#6812=EDGE_CURVE('',#8184,#8186,#8187,.T.);
#6813=EDGE_CURVE('',#8186,#8188,#8189,.T.);
#6814=EDGE_CURVE('',#8190,#8188,#8191,.T.);
#6815=EDGE_CURVE('',#8190,#8192,#8193,.T.);
#6816=EDGE_CURVE('',#8194,#8192,#8195,.T.);
#6817=EDGE_CURVE('',#8194,#8196,#8197,.T.);
#6818=EDGE_CURVE('',#8151,#8196,#8198,.T.);
#6819=EDGE_CURVE('',#8199,#8200,#8201,.T.);
#6820=EDGE_CURVE('',#8200,#7922,#8202,.T.);
#6821=EDGE_CURVE('',#7926,#8203,#8204,.T.);
#6822=EDGE_CURVE('',#8203,#8205,#8206,.T.);
#6823=EDGE_CURVE('',#8205,#8207,#8208,.T.);
#6824=EDGE_CURVE('',#8207,#8209,#8210,.T.);
#6825=EDGE_CURVE('',#8209,#8211,#8212,.T.);
#6826=EDGE_CURVE('',#8211,#8213,#8214,.T.);
#6827=EDGE_CURVE('',#8213,#8215,#8216,.T.);
#6828=EDGE_CURVE('',#8215,#8199,#8217,.T.);
#6829=EDGE_CURVE('',#8218,#7921,#8219,.T.);
#6830=EDGE_CURVE('',#8220,#8218,#8221,.T.);
#6831=EDGE_CURVE('',#8222,#8220,#8223,.T.);
#6832=EDGE_CURVE('',#8224,#8222,#8225,.T.);
#6833=EDGE_CURVE('',#8226,#8224,#8227,.T.);
#6834=EDGE_CURVE('',#8228,#8226,#8229,.T.);
#6835=EDGE_CURVE('',#8230,#8228,#8231,.T.);
#6836=EDGE_CURVE('',#8232,#8230,#8233,.T.);
#6837=EDGE_CURVE('',#8234,#8232,#8235,.T.);
#6838=EDGE_CURVE('',#7924,#8234,#8236,.T.);
#6839=EDGE_CURVE('',#8220,#8199,#8237,.T.);
#6840=EDGE_CURVE('',#8222,#8215,#8238,.T.);
#6841=EDGE_CURVE('',#8234,#8203,#8239,.T.);
#6842=EDGE_CURVE('',#8232,#8205,#8240,.T.);
#6843=EDGE_CURVE('',#8230,#8207,#8241,.T.);
#6844=EDGE_CURVE('',#8224,#8213,#8242,.T.);
#6845=EDGE_CURVE('',#8243,#8244,#8245,.T.);
#6846=EDGE_CURVE('',#8246,#8243,#8247,.T.);
#6847=EDGE_CURVE('',#8246,#8248,#8249,.T.);
#6848=EDGE_CURVE('',#8244,#8248,#8250,.T.);
#6849=EDGE_CURVE('',#8244,#8251,#8252,.T.);
#6850=EDGE_CURVE('',#8226,#8248,#8253,.T.);
#6851=EDGE_CURVE('',#8211,#8254,#8255,.T.);
#6852=EDGE_CURVE('',#8251,#8254,#8256,.T.);
#6853=EDGE_CURVE('',#8257,#8258,#8259,.T.);
#6854=EDGE_CURVE('',#8258,#8251,#8260,.T.);
#6855=EDGE_CURVE('',#8257,#8254,#8261,.T.);
#6856=EDGE_CURVE('',#8258,#8243,#8262,.T.);
#6857=EDGE_CURVE('',#8257,#8209,#8263,.T.);
#6858=EDGE_CURVE('',#8246,#8228,#8264,.T.);
#6859=EDGE_CURVE('',#8218,#8200,#8265,.T.);
#6860=EDGE_CURVE('',#8266,#8267,#8268,.T.);
#6861=EDGE_CURVE('',#8267,#7914,#8269,.T.);
#6862=EDGE_CURVE('',#7918,#8270,#8271,.T.);
#6863=EDGE_CURVE('',#8270,#8272,#8273,.T.);
#6864=EDGE_CURVE('',#8272,#8274,#8275,.T.);
#6865=EDGE_CURVE('',#8274,#8276,#8277,.T.);
#6866=EDGE_CURVE('',#8276,#8278,#8279,.T.);
#6867=EDGE_CURVE('',#8278,#8280,#8281,.T.);
#6868=EDGE_CURVE('',#8280,#8282,#8283,.T.);
#6869=EDGE_CURVE('',#8282,#8266,#8284,.T.);
#6870=EDGE_CURVE('',#8285,#7913,#8286,.T.);
#6871=EDGE_CURVE('',#8287,#8285,#8288,.T.);
#6872=EDGE_CURVE('',#8289,#8287,#8290,.T.);
#6873=EDGE_CURVE('',#8291,#8289,#8292,.T.);
#6874=EDGE_CURVE('',#8293,#8291,#8294,.T.);
#6875=EDGE_CURVE('',#8295,#8293,#8296,.T.);
#6876=EDGE_CURVE('',#8297,#8295,#8298,.T.);
#6877=EDGE_CURVE('',#8299,#8297,#8300,.T.);
#6878=EDGE_CURVE('',#8301,#8299,#8302,.T.);
#6879=EDGE_CURVE('',#7916,#8301,#8303,.T.);
#6880=EDGE_CURVE('',#8287,#8266,#8304,.T.);
#6881=EDGE_CURVE('',#8289,#8282,#8305,.T.);
#6882=EDGE_CURVE('',#8301,#8270,#8306,.T.);
#6883=EDGE_CURVE('',#8299,#8272,#8307,.T.);
#6884=EDGE_CURVE('',#8297,#8274,#8308,.T.);
#6885=EDGE_CURVE('',#8291,#8280,#8309,.T.);
#6886=EDGE_CURVE('',#8310,#8311,#8312,.T.);
#6887=EDGE_CURVE('',#8313,#8310,#8314,.T.);
#6888=EDGE_CURVE('',#8313,#8315,#8316,.T.);
#6889=EDGE_CURVE('',#8311,#8315,#8317,.T.);
#6890=EDGE_CURVE('',#8311,#8318,#8319,.T.);
#6891=EDGE_CURVE('',#8293,#8315,#8320,.T.);
#6892=EDGE_CURVE('',#8278,#8321,#8322,.T.);
#6893=EDGE_CURVE('',#8318,#8321,#8323,.T.);
#6894=EDGE_CURVE('',#8324,#8325,#8326,.T.);
#6895=EDGE_CURVE('',#8325,#8318,#8327,.T.);
#6896=EDGE_CURVE('',#8324,#8321,#8328,.T.);
#6897=EDGE_CURVE('',#8325,#8310,#8329,.T.);
#6898=EDGE_CURVE('',#8324,#8276,#8330,.T.);
#6899=EDGE_CURVE('',#8313,#8295,#8331,.T.);
#6900=EDGE_CURVE('',#8285,#8267,#8332,.T.);
#6901=EDGE_CURVE('',#8333,#8334,#8335,.T.);
#6902=EDGE_CURVE('',#8334,#7906,#8336,.T.);
#6903=EDGE_CURVE('',#7910,#8337,#8338,.T.);
#6904=EDGE_CURVE('',#8337,#8339,#8340,.T.);
#6905=EDGE_CURVE('',#8339,#8341,#8342,.T.);
#6906=EDGE_CURVE('',#8341,#8343,#8344,.T.);
#6907=EDGE_CURVE('',#8343,#8345,#8346,.T.);
#6908=EDGE_CURVE('',#8345,#8347,#8348,.T.);
#6909=EDGE_CURVE('',#8347,#8349,#8350,.T.);
#6910=EDGE_CURVE('',#8349,#8333,#8351,.T.);
#6911=EDGE_CURVE('',#8352,#7905,#8353,.T.);
#6912=EDGE_CURVE('',#8354,#8352,#8355,.T.);
#6913=EDGE_CURVE('',#8356,#8354,#8357,.T.);
#6914=EDGE_CURVE('',#8358,#8356,#8359,.T.);
#6915=EDGE_CURVE('',#8360,#8358,#8361,.T.);
#6916=EDGE_CURVE('',#8362,#8360,#8363,.T.);
#6917=EDGE_CURVE('',#8364,#8362,#8365,.T.);
#6918=EDGE_CURVE('',#8366,#8364,#8367,.T.);
#6919=EDGE_CURVE('',#8368,#8366,#8369,.T.);
#6920=EDGE_CURVE('',#7908,#8368,#8370,.T.);
#6921=EDGE_CURVE('',#8354,#8333,#8371,.T.);
#6922=EDGE_CURVE('',#8356,#8349,#8372,.T.);
#6923=EDGE_CURVE('',#8368,#8337,#8373,.T.);
#6924=EDGE_CURVE('',#8366,#8339,#8374,.T.);
#6925=EDGE_CURVE('',#8364,#8341,#8375,.T.);
#6926=EDGE_CURVE('',#8358,#8347,#8376,.T.);
#6927=EDGE_CURVE('',#8377,#8378,#8379,.T.);
#6928=EDGE_CURVE('',#8380,#8377,#8381,.T.);
#6929=EDGE_CURVE('',#8380,#8382,#8383,.T.);
#6930=EDGE_CURVE('',#8378,#8382,#8384,.T.);
#6931=EDGE_CURVE('',#8378,#8385,#8386,.T.);
#6932=EDGE_CURVE('',#8360,#8382,#8387,.T.);
#6933=EDGE_CURVE('',#8345,#8388,#8389,.T.);
#6934=EDGE_CURVE('',#8385,#8388,#8390,.T.);
#6935=EDGE_CURVE('',#8391,#8392,#8393,.T.);
#6936=EDGE_CURVE('',#8392,#8385,#8394,.T.);
#6937=EDGE_CURVE('',#8391,#8388,#8395,.T.);
#6938=EDGE_CURVE('',#8392,#8377,#8396,.T.);
#6939=EDGE_CURVE('',#8391,#8343,#8397,.T.);
#6940=EDGE_CURVE('',#8380,#8362,#8398,.T.);
#6941=EDGE_CURVE('',#8352,#8334,#8399,.T.);
#6942=EDGE_CURVE('',#8400,#8401,#8402,.T.);
#6943=EDGE_CURVE('',#8401,#7898,#8403,.T.);
#6944=EDGE_CURVE('',#7902,#8404,#8405,.T.);
#6945=EDGE_CURVE('',#8404,#8406,#8407,.T.);
#6946=EDGE_CURVE('',#8406,#8408,#8409,.T.);
#6947=EDGE_CURVE('',#8408,#8410,#8411,.T.);
#6948=EDGE_CURVE('',#8410,#8412,#8413,.T.);
#6949=EDGE_CURVE('',#8412,#8414,#8415,.T.);
#6950=EDGE_CURVE('',#8414,#8416,#8417,.T.);
#6951=EDGE_CURVE('',#8416,#8400,#8418,.T.);
#6952=EDGE_CURVE('',#8419,#7897,#8420,.T.);
#6953=EDGE_CURVE('',#8421,#8419,#8422,.T.);
#6954=EDGE_CURVE('',#8423,#8421,#8424,.T.);
#6955=EDGE_CURVE('',#8425,#8423,#8426,.T.);
#6956=EDGE_CURVE('',#8427,#8425,#8428,.T.);
#6957=EDGE_CURVE('',#8429,#8427,#8430,.T.);
#6958=EDGE_CURVE('',#8431,#8429,#8432,.T.);
#6959=EDGE_CURVE('',#8433,#8431,#8434,.T.);
#6960=EDGE_CURVE('',#8435,#8433,#8436,.T.);
#6961=EDGE_CURVE('',#7900,#8435,#8437,.T.);
#6962=EDGE_CURVE('',#8421,#8400,#8438,.T.);
#6963=EDGE_CURVE('',#8423,#8416,#8439,.T.);
#6964=EDGE_CURVE('',#8435,#8404,#8440,.T.);
#6965=EDGE_CURVE('',#8433,#8406,#8441,.T.);
#6966=EDGE_CURVE('',#8431,#8408,#8442,.T.);
#6967=EDGE_CURVE('',#8425,#8414,#8443,.T.);
#6968=EDGE_CURVE('',#8444,#8445,#8446,.T.);
#6969=EDGE_CURVE('',#8447,#8444,#8448,.T.);
#6970=EDGE_CURVE('',#8447,#8449,#8450,.T.);
#6971=EDGE_CURVE('',#8445,#8449,#8451,.T.);
#6972=EDGE_CURVE('',#8445,#8452,#8453,.T.);
#6973=EDGE_CURVE('',#8427,#8449,#8454,.T.);
#6974=EDGE_CURVE('',#8412,#8455,#8456,.T.);
#6975=EDGE_CURVE('',#8452,#8455,#8457,.T.);
#6976=EDGE_CURVE('',#8458,#8459,#8460,.T.);
#6977=EDGE_CURVE('',#8459,#8452,#8461,.T.);
#6978=EDGE_CURVE('',#8458,#8455,#8462,.T.);
#6979=EDGE_CURVE('',#8459,#8444,#8463,.T.);
#6980=EDGE_CURVE('',#8458,#8410,#8464,.T.);
#6981=EDGE_CURVE('',#8447,#8429,#8465,.T.);
#6982=EDGE_CURVE('',#8419,#8401,#8466,.T.);
#6983=EDGE_CURVE('',#8467,#8468,#8469,.T.);
#6984=EDGE_CURVE('',#8468,#7890,#8470,.T.);
#6985=EDGE_CURVE('',#7894,#8471,#8472,.T.);
#6986=EDGE_CURVE('',#8471,#8473,#8474,.T.);
#6987=EDGE_CURVE('',#8473,#8475,#8476,.T.);
#6988=EDGE_CURVE('',#8475,#8477,#8478,.T.);
#6989=EDGE_CURVE('',#8477,#8479,#8480,.T.);
#6990=EDGE_CURVE('',#8479,#8481,#8482,.T.);
#6991=EDGE_CURVE('',#8481,#8483,#8484,.T.);
#6992=EDGE_CURVE('',#8483,#8467,#8485,.T.);
#6993=EDGE_CURVE('',#8486,#7889,#8487,.T.);
#6994=EDGE_CURVE('',#8488,#8486,#8489,.T.);
#6995=EDGE_CURVE('',#8490,#8488,#8491,.T.);
#6996=EDGE_CURVE('',#8492,#8490,#8493,.T.);
#6997=EDGE_CURVE('',#8494,#8492,#8495,.T.);
#6998=EDGE_CURVE('',#8496,#8494,#8497,.T.);
#6999=EDGE_CURVE('',#8498,#8496,#8499,.T.);
#7000=EDGE_CURVE('',#8500,#8498,#8501,.T.);
#7001=EDGE_CURVE('',#8502,#8500,#8503,.T.);
#7002=EDGE_CURVE('',#7892,#8502,#8504,.T.);
#7003=EDGE_CURVE('',#8488,#8467,#8505,.T.);
#7004=EDGE_CURVE('',#8490,#8483,#8506,.T.);
#7005=EDGE_CURVE('',#8502,#8471,#8507,.T.);
#7006=EDGE_CURVE('',#8500,#8473,#8508,.T.);
#7007=EDGE_CURVE('',#8498,#8475,#8509,.T.);
#7008=EDGE_CURVE('',#8492,#8481,#8510,.T.);
#7009=EDGE_CURVE('',#8511,#8512,#8513,.T.);
#7010=EDGE_CURVE('',#8514,#8511,#8515,.T.);
#7011=EDGE_CURVE('',#8514,#8516,#8517,.T.);
#7012=EDGE_CURVE('',#8512,#8516,#8518,.T.);
#7013=EDGE_CURVE('',#8512,#8519,#8520,.T.);
#7014=EDGE_CURVE('',#8494,#8516,#8521,.T.);
#7015=EDGE_CURVE('',#8479,#8522,#8523,.T.);
#7016=EDGE_CURVE('',#8519,#8522,#8524,.T.);
#7017=EDGE_CURVE('',#8525,#8526,#8527,.T.);
#7018=EDGE_CURVE('',#8526,#8519,#8528,.T.);
#7019=EDGE_CURVE('',#8525,#8522,#8529,.T.);
#7020=EDGE_CURVE('',#8526,#8511,#8530,.T.);
#7021=EDGE_CURVE('',#8525,#8477,#8531,.T.);
#7022=EDGE_CURVE('',#8514,#8496,#8532,.T.);
#7023=EDGE_CURVE('',#8486,#8468,#8533,.T.);
#7024=EDGE_CURVE('',#8534,#8535,#8536,.T.);
#7025=EDGE_CURVE('',#8535,#7882,#8537,.T.);
#7026=EDGE_CURVE('',#7886,#8538,#8539,.T.);
#7027=EDGE_CURVE('',#8538,#8540,#8541,.T.);
#7028=EDGE_CURVE('',#8540,#8542,#8543,.T.);
#7029=EDGE_CURVE('',#8542,#8544,#8545,.T.);
#7030=EDGE_CURVE('',#8544,#8546,#8547,.T.);
#7031=EDGE_CURVE('',#8546,#8548,#8549,.T.);
#7032=EDGE_CURVE('',#8548,#8550,#8551,.T.);
#7033=EDGE_CURVE('',#8550,#8534,#8552,.T.);
#7034=EDGE_CURVE('',#8553,#7881,#8554,.T.);
#7035=EDGE_CURVE('',#8555,#8553,#8556,.T.);
#7036=EDGE_CURVE('',#8557,#8555,#8558,.T.);
#7037=EDGE_CURVE('',#8559,#8557,#8560,.T.);
#7038=EDGE_CURVE('',#8561,#8559,#8562,.T.);
#7039=EDGE_CURVE('',#8563,#8561,#8564,.T.);
#7040=EDGE_CURVE('',#8565,#8563,#8566,.T.);
#7041=EDGE_CURVE('',#8567,#8565,#8568,.T.);
#7042=EDGE_CURVE('',#8569,#8567,#8570,.T.);
#7043=EDGE_CURVE('',#7884,#8569,#8571,.T.);
#7044=EDGE_CURVE('',#8555,#8534,#8572,.T.);
#7045=EDGE_CURVE('',#8557,#8550,#8573,.T.);
#7046=EDGE_CURVE('',#8569,#8538,#8574,.T.);
#7047=EDGE_CURVE('',#8567,#8540,#8575,.T.);
#7048=EDGE_CURVE('',#8565,#8542,#8576,.T.);
#7049=EDGE_CURVE('',#8559,#8548,#8577,.T.);
#7050=EDGE_CURVE('',#8578,#8579,#8580,.T.);
#7051=EDGE_CURVE('',#8581,#8578,#8582,.T.);
#7052=EDGE_CURVE('',#8581,#8583,#8584,.T.);
#7053=EDGE_CURVE('',#8579,#8583,#8585,.T.);
#7054=EDGE_CURVE('',#8579,#8586,#8587,.T.);
#7055=EDGE_CURVE('',#8561,#8583,#8588,.T.);
#7056=EDGE_CURVE('',#8546,#8589,#8590,.T.);
#7057=EDGE_CURVE('',#8586,#8589,#8591,.T.);
#7058=EDGE_CURVE('',#8592,#8593,#8594,.T.);
#7059=EDGE_CURVE('',#8593,#8586,#8595,.T.);
#7060=EDGE_CURVE('',#8592,#8589,#8596,.T.);
#7061=EDGE_CURVE('',#8593,#8578,#8597,.T.);
#7062=EDGE_CURVE('',#8592,#8544,#8598,.T.);
#7063=EDGE_CURVE('',#8581,#8563,#8599,.T.);
#7064=EDGE_CURVE('',#8553,#8535,#8600,.T.);
#7065=EDGE_CURVE('',#8601,#8134,#8602,.T.);
#7066=EDGE_CURVE('',#8132,#8603,#8604,.T.);
#7067=EDGE_CURVE('',#8603,#8605,#8606,.T.);
#7068=EDGE_CURVE('',#8605,#8607,#8608,.T.);
#7069=EDGE_CURVE('',#8607,#8601,#8609,.T.);
#7070=EDGE_CURVE('',#8610,#8196,#8611,.T.);
#7071=EDGE_CURVE('',#8194,#8612,#8613,.T.);
#7072=EDGE_CURVE('',#8612,#8614,#8615,.T.);
#7073=EDGE_CURVE('',#8614,#8616,#8617,.T.);
#7074=EDGE_CURVE('',#8616,#8610,#8618,.T.);
#7075=EDGE_CURVE('',#8619,#8128,#8620,.T.);
#7076=EDGE_CURVE('',#8619,#8621,#8622,.T.);
#7077=EDGE_CURVE('',#8623,#8621,#8624,.T.);
#7078=EDGE_CURVE('',#8623,#8625,#8626,.T.);
#7079=EDGE_CURVE('',#8130,#8625,#8627,.T.);
#7080=EDGE_CURVE('',#8628,#8190,#8629,.T.);
#7081=EDGE_CURVE('',#8628,#8630,#8631,.T.);
#7082=EDGE_CURVE('',#8632,#8630,#8633,.T.);
#7083=EDGE_CURVE('',#8632,#8634,#8635,.T.);
#7084=EDGE_CURVE('',#8192,#8634,#8636,.T.);
#7085=EDGE_CURVE('',#8637,#8638,#8639,.T.);
#7086=EDGE_CURVE('',#8638,#8188,#8640,.T.);
#7087=EDGE_CURVE('',#8186,#8641,#8642,.T.);
#7088=EDGE_CURVE('',#8643,#8641,#8644,.T.);
#7089=EDGE_CURVE('',#8643,#8138,#8645,.T.);
#7090=EDGE_CURVE('',#8136,#8646,#8647,.T.);
#7091=EDGE_CURVE('',#8646,#8648,#8649,.T.);
#7092=EDGE_CURVE('',#8648,#8650,#8651,.T.);
#7093=EDGE_CURVE('',#8650,#8652,#8653,.T.);
#7094=EDGE_CURVE('',#8652,#8654,#8655,.T.);
#7095=EDGE_CURVE('',#8654,#8656,#8657,.T.);
#7096=EDGE_CURVE('',#8656,#8658,#8659,.T.);
#7097=EDGE_CURVE('',#8658,#8660,#8661,.T.);
#7098=EDGE_CURVE('',#8660,#8662,#8663,.T.);
#7099=EDGE_CURVE('',#8662,#8664,#8665,.T.);
#7100=EDGE_CURVE('',#8664,#8666,#8667,.T.);
#7101=EDGE_CURVE('',#8668,#8666,#8669,.T.);
#7102=EDGE_CURVE('',#8668,#8670,#8671,.T.);
#7103=EDGE_CURVE('',#8672,#8670,#8673,.T.);
#7104=EDGE_CURVE('',#8672,#8674,#8675,.T.);
#7105=EDGE_CURVE('',#8674,#8676,#8677,.T.);
#7106=EDGE_CURVE('',#8637,#8676,#8678,.T.);
#7107=EDGE_CURVE('',#8679,#8174,#8680,.T.);
#7108=EDGE_CURVE('',#8681,#8679,#8682,.T.);
#7109=EDGE_CURVE('',#8683,#8681,#8684,.T.);
#7110=EDGE_CURVE('',#8685,#8683,#8686,.T.);
#7111=EDGE_CURVE('',#8106,#8685,#8687,.T.);
#7112=EDGE_CURVE('',#8176,#8107,#8688,.T.);
#7113=EDGE_CURVE('',#8641,#8689,#8690,.T.);
#7114=EDGE_CURVE('',#8689,#8691,#8692,.T.);
#7115=EDGE_CURVE('',#8691,#8693,#8694,.T.);
#7116=EDGE_CURVE('',#8695,#8693,#8696,.T.);
#7117=EDGE_CURVE('',#8695,#8697,#8698,.T.);
#7118=EDGE_CURVE('',#8697,#8699,#8700,.T.);
#7119=EDGE_CURVE('',#8699,#8643,#8701,.T.);
#7120=EDGE_CURVE('',#8702,#8703,#8704,.T.);
#7121=EDGE_CURVE('',#8703,#8103,#8705,.T.);
#7122=EDGE_CURVE('',#8153,#8706,#8707,.T.);
#7123=EDGE_CURVE('',#8706,#8708,#8709,.T.);
#7124=EDGE_CURVE('',#8708,#8710,#8711,.T.);
#7125=EDGE_CURVE('',#8710,#8712,#8713,.T.);
#7126=EDGE_CURVE('',#8712,#8714,#8715,.T.);
#7127=EDGE_CURVE('',#8714,#8716,#8717,.T.);
#7128=EDGE_CURVE('',#8716,#8718,#8719,.T.);
#7129=EDGE_CURVE('',#8718,#8720,#8721,.T.);
#7130=EDGE_CURVE('',#8720,#8722,#8723,.T.);
#7131=EDGE_CURVE('',#8722,#8724,#8725,.T.);
#7132=EDGE_CURVE('',#8724,#8726,#8727,.T.);
#7133=EDGE_CURVE('',#8728,#8726,#8729,.T.);
#7134=EDGE_CURVE('',#8728,#8730,#8731,.T.);
#7135=EDGE_CURVE('',#8732,#8730,#8733,.T.);
#7136=EDGE_CURVE('',#8732,#8734,#8735,.T.);
#7137=EDGE_CURVE('',#8734,#8736,#8737,.T.);
#7138=EDGE_CURVE('',#8702,#8736,#8738,.T.);
#7139=EDGE_CURVE('',#8178,#8146,#8739,.T.);
#7140=EDGE_CURVE('',#8740,#8741,#8742,.T.);
#7141=EDGE_CURVE('',#8740,#8180,#8743,.T.);
#7142=EDGE_CURVE('',#8144,#8744,#8745,.T.);
#7143=EDGE_CURVE('',#8746,#8744,#8747,.T.);
#7144=EDGE_CURVE('',#8746,#8695,#8748,.T.);
#7145=EDGE_CURVE('',#8693,#8741,#8749,.T.);
#7146=EDGE_CURVE('',#8182,#8750,#8751,.T.);
#7147=EDGE_CURVE('',#8752,#8750,#8753,.T.);
#7148=EDGE_CURVE('',#8752,#8691,#8754,.T.);
#7149=EDGE_CURVE('',#8689,#8184,#8755,.T.);
#7150=EDGE_CURVE('',#8750,#8740,#8756,.T.);
#7151=EDGE_CURVE('',#8741,#8752,#8757,.T.);
#7152=EDGE_CURVE('',#8697,#8758,#8759,.T.);
#7153=EDGE_CURVE('',#8760,#8758,#8761,.T.);
#7154=EDGE_CURVE('',#8760,#8142,#8762,.T.);
#7155=EDGE_CURVE('',#8140,#8699,#8763,.T.);
#7156=EDGE_CURVE('',#8758,#8746,#8764,.T.);
#7157=EDGE_CURVE('',#8744,#8760,#8765,.T.);
#7158=EDGE_CURVE('',#7876,#8070,#8766,.T.);
#7159=EDGE_CURVE('',#8070,#8767,#8768,.T.);
#7160=EDGE_CURVE('',#7878,#8767,#8769,.T.);
#7161=EDGE_CURVE('',#8072,#7932,#8770,.T.);
#7162=EDGE_CURVE('',#7874,#8767,#8771,.T.);
#7163=EDGE_CURVE('',#8086,#8772,#8773,.T.);
#7164=EDGE_CURVE('',#8774,#8084,#8775,.T.);
#7165=EDGE_CURVE('',#8772,#8774,#8776,.T.);
#7166=EDGE_CURVE('',#8777,#8778,#8779,.T.);
#7167=EDGE_CURVE('',#8780,#8777,#8781,.T.);
#7168=EDGE_CURVE('',#8782,#8780,#8783,.T.);
#7169=EDGE_CURVE('',#8784,#8782,#8785,.T.);
#7170=EDGE_CURVE('',#8778,#8784,#8786,.T.);
#7171=EDGE_CURVE('',#8787,#8788,#8789,.T.);
#7172=EDGE_CURVE('',#8790,#8787,#8791,.T.);
#7173=EDGE_CURVE('',#8792,#8790,#8793,.T.);
#7174=EDGE_CURVE('',#8794,#8792,#8795,.T.);
#7175=EDGE_CURVE('',#8788,#8794,#8796,.T.);
#7176=EDGE_CURVE('',#8797,#8798,#8799,.T.);
#7177=EDGE_CURVE('',#8800,#8797,#8801,.T.);
#7178=EDGE_CURVE('',#8802,#8800,#8803,.T.);
#7179=EDGE_CURVE('',#8798,#8802,#8804,.T.);
#7180=EDGE_CURVE('',#8805,#8806,#8807,.T.);
#7181=EDGE_CURVE('',#8808,#8805,#8809,.T.);
#7182=EDGE_CURVE('',#8810,#8808,#8811,.T.);
#7183=EDGE_CURVE('',#8806,#8810,#8812,.T.);
#7184=EDGE_CURVE('',#8082,#8813,#8814,.T.);
#7185=EDGE_CURVE('',#8815,#8080,#8816,.T.);
#7186=EDGE_CURVE('',#8813,#8815,#8817,.T.);
#7187=EDGE_CURVE('',#8090,#8818,#8819,.T.);
#7188=EDGE_CURVE('',#8820,#8088,#8821,.T.);
#7189=EDGE_CURVE('',#8818,#8820,#8822,.T.);
#7190=EDGE_CURVE('',#8113,#8823,#8824,.T.);
#7191=EDGE_CURVE('',#8825,#8823,#8826,.T.);
#7192=EDGE_CURVE('',#8827,#8825,#8828,.T.);
#7193=EDGE_CURVE('',#8829,#8827,#8830,.T.);
#7194=EDGE_CURVE('',#8115,#8829,#8831,.T.);
#7195=EDGE_CURVE('',#8832,#8833,#8834,.T.);
#7196=EDGE_CURVE('',#8823,#8833,#8835,.T.);
#7197=EDGE_CURVE('',#8832,#8113,#8836,.T.);
#7198=EDGE_CURVE('',#8837,#8838,#8839,.T.);
#7199=EDGE_CURVE('',#8833,#8837,#8840,.T.);
#7200=EDGE_CURVE('',#8838,#8832,#8841,.T.);
#7201=EDGE_CURVE('',#8842,#8166,#8843,.T.);
#7202=EDGE_CURVE('',#8844,#8842,#8845,.T.);
#7203=EDGE_CURVE('',#8846,#8844,#8847,.T.);
#7204=EDGE_CURVE('',#8848,#8846,#8849,.T.);
#7205=EDGE_CURVE('',#8848,#8168,#8850,.T.);
#7206=EDGE_CURVE('',#8851,#8852,#8853,.T.);
#7207=EDGE_CURVE('',#8168,#8852,#8854,.T.);
#7208=EDGE_CURVE('',#8851,#8848,#8855,.T.);
#7209=EDGE_CURVE('',#8856,#8857,#8858,.T.);
#7210=EDGE_CURVE('',#8852,#8856,#8859,.T.);
#7211=EDGE_CURVE('',#8857,#8851,#8860,.T.);
#7212=EDGE_CURVE('',#8149,#8861,#8862,.T.);
#7213=EDGE_CURVE('',#8863,#8861,#8864,.T.);
#7214=EDGE_CURVE('',#8865,#8863,#8866,.T.);
#7215=EDGE_CURVE('',#8156,#8865,#8867,.T.);
#7216=EDGE_CURVE('',#8094,#8868,#8869,.T.);
#7217=EDGE_CURVE('',#8870,#8868,#8871,.T.);
#7218=EDGE_CURVE('',#8861,#8870,#8872,.T.);
#7219=EDGE_CURVE('',#8873,#8092,#8874,.T.);
#7220=EDGE_CURVE('',#8868,#8873,#8875,.T.);
#7221=EDGE_CURVE('',#8876,#8125,#8877,.T.);
#7222=EDGE_CURVE('',#8878,#8876,#8879,.T.);
#7223=EDGE_CURVE('',#8880,#8878,#8881,.T.);
#7224=EDGE_CURVE('',#8880,#8099,#8882,.T.);
#7225=EDGE_CURVE('',#8883,#8076,#8884,.T.);
#7226=EDGE_CURVE('',#8885,#8880,#8886,.T.);
#7227=EDGE_CURVE('',#8883,#8885,#8887,.T.);
#7228=EDGE_CURVE('',#8078,#8888,#8889,.T.);
#7229=EDGE_CURVE('',#8888,#8883,#8890,.T.);
#7230=EDGE_CURVE('',#8891,#8892,#8893,.T.);
#7231=EDGE_CURVE('',#8123,#8891,#8894,.T.);
#7232=EDGE_CURVE('',#8892,#8121,#8895,.T.);
#7233=EDGE_CURVE('',#8896,#8117,#8897,.T.);
#7234=EDGE_CURVE('',#8898,#8896,#8899,.T.);
#7235=EDGE_CURVE('',#8119,#8898,#8900,.T.);
#7236=EDGE_CURVE('',#8901,#8902,#8903,.T.);
#7237=EDGE_CURVE('',#8164,#8901,#8904,.T.);
#7238=EDGE_CURVE('',#8902,#8162,#8905,.T.);
#7239=EDGE_CURVE('',#8906,#8158,#8907,.T.);
#7240=EDGE_CURVE('',#8908,#8906,#8909,.T.);
#7241=EDGE_CURVE('',#8160,#8908,#8910,.T.);
#7242=EDGE_CURVE('',#8170,#8911,#8912,.T.);
#7243=EDGE_CURVE('',#8911,#8913,#8914,.T.);
#7244=EDGE_CURVE('',#8913,#8111,#8915,.T.);
#7245=EDGE_CURVE('',#8109,#8916,#8917,.T.);
#7246=EDGE_CURVE('',#8916,#8918,#8919,.T.);
#7247=EDGE_CURVE('',#8918,#8920,#8921,.T.);
#7248=EDGE_CURVE('',#8920,#8922,#8923,.T.);
#7249=EDGE_CURVE('',#8922,#8172,#8924,.T.);
#7250=EDGE_CURVE('',#8916,#8685,#8925,.T.);
#7251=EDGE_CURVE('',#8918,#8683,#8926,.T.);
#7252=EDGE_CURVE('',#8920,#8681,#8927,.T.);
#7253=EDGE_CURVE('',#8922,#8679,#8928,.T.);
#7254=EDGE_CURVE('',#8929,#8930,#8931,.T.);
#7255=EDGE_CURVE('',#7956,#8929,#8932,.T.);
#7256=EDGE_CURVE('',#8930,#7954,#8933,.T.);
#7257=EDGE_CURVE('',#8934,#8935,#8936,.T.);
#7258=EDGE_CURVE('',#8934,#8937,#8938,.T.);
#7259=EDGE_CURVE('',#8939,#8937,#8940,.T.);
#7260=EDGE_CURVE('',#8935,#8939,#8941,.T.);
#7261=EDGE_CURVE('',#8942,#8943,#8944,.T.);
#7262=EDGE_CURVE('',#8945,#8942,#8946,.T.);
#7263=EDGE_CURVE('',#8945,#8943,#8947,.T.);
#7264=EDGE_CURVE('',#8948,#8949,#8950,.T.);
#7265=EDGE_CURVE('',#8951,#8948,#8952,.T.);
#7266=EDGE_CURVE('',#8953,#8951,#8954,.T.);
#7267=EDGE_CURVE('',#8953,#8949,#8955,.T.);
#7268=EDGE_CURVE('',#8956,#8009,#8957,.T.);
#7269=EDGE_CURVE('',#8956,#8958,#8959,.T.);
#7270=EDGE_CURVE('',#8011,#8958,#8960,.T.);
#7271=EDGE_CURVE('',#8961,#8942,#8962,.T.);
#7272=EDGE_CURVE('',#8963,#8961,#8964,.T.);
#7273=EDGE_CURVE('',#8965,#8963,#8966,.T.);
#7274=EDGE_CURVE('',#8965,#8945,#8967,.T.);
#7275=EDGE_CURVE('',#8968,#8969,#8970,.T.);
#7276=EDGE_CURVE('',#8969,#8971,#8972,.T.);
#7277=EDGE_CURVE('',#8971,#8973,#8974,.T.);
#7278=EDGE_CURVE('',#8973,#8975,#8976,.T.);
#7279=EDGE_CURVE('',#8975,#8977,#8978,.T.);
#7280=EDGE_CURVE('',#8977,#8979,#8980,.T.);
#7281=EDGE_CURVE('',#8979,#8981,#8982,.T.);
#7282=EDGE_CURVE('',#8981,#8968,#8983,.T.);
#7283=EDGE_CURVE('',#8984,#8985,#8986,.T.);
#7284=EDGE_CURVE('',#8987,#8984,#8988,.T.);
#7285=EDGE_CURVE('',#8989,#8987,#8990,.T.);
#7286=EDGE_CURVE('',#8985,#8989,#8991,.T.);
#7287=EDGE_CURVE('',#8794,#8992,#8993,.T.);
#7288=EDGE_CURVE('',#8969,#8792,#8994,.T.);
#7289=EDGE_CURVE('',#8968,#8992,#8995,.T.);
#7290=EDGE_CURVE('',#8992,#8996,#8997,.T.);
#7291=EDGE_CURVE('',#8981,#8996,#8998,.T.);
#7292=EDGE_CURVE('',#8996,#8999,#9000,.T.);
#7293=EDGE_CURVE('',#8979,#8999,#9001,.T.);
#7294=EDGE_CURVE('',#8999,#9002,#9003,.T.);
#7295=EDGE_CURVE('',#8977,#9002,#9004,.T.);
#7296=EDGE_CURVE('',#9002,#8784,#9005,.T.);
#7297=EDGE_CURVE('',#8975,#8778,#9006,.T.);
#7298=EDGE_CURVE('',#8777,#8984,#9007,.T.);
#7299=EDGE_CURVE('',#8973,#8987,#9008,.T.);
#7300=EDGE_CURVE('',#8971,#8989,#9009,.T.);
#7301=EDGE_CURVE('',#8985,#8790,#9010,.T.);
#7302=EDGE_CURVE('',#9011,#9012,#9013,.T.);
#7303=EDGE_CURVE('',#9012,#9014,#9015,.T.);
#7304=EDGE_CURVE('',#9016,#9014,#9017,.T.);
#7305=EDGE_CURVE('',#9016,#9011,#9018,.T.);
#7306=EDGE_CURVE('',#9019,#9020,#9021,.T.);
#7307=EDGE_CURVE('',#9019,#9022,#9023,.T.);
#7308=EDGE_CURVE('',#9022,#9024,#9025,.T.);
#7309=EDGE_CURVE('',#9024,#9020,#9026,.T.);
#7310=EDGE_CURVE('',#9027,#9028,#9029,.T.);
#7311=EDGE_CURVE('',#9028,#9030,#9031,.T.);
#7312=EDGE_CURVE('',#9032,#9030,#9033,.T.);
#7313=EDGE_CURVE('',#9032,#9027,#9034,.T.);
#7314=EDGE_CURVE('',#9035,#9036,#9037,.T.);
#7315=EDGE_CURVE('',#9035,#9038,#9039,.T.);
#7316=EDGE_CURVE('',#9038,#9040,#9041,.T.);
#7317=EDGE_CURVE('',#9040,#9036,#9042,.T.);
#7318=EDGE_CURVE('',#9043,#8842,#9044,.T.);
#7319=EDGE_CURVE('',#9043,#8901,#9045,.T.);
#7320=EDGE_CURVE('',#9046,#8896,#9047,.T.);
#7321=EDGE_CURVE('',#8829,#9046,#9048,.T.);
#7322=EDGE_CURVE('',#8898,#8892,#9049,.T.);
#7323=EDGE_CURVE('',#9046,#9050,#9051,.T.);
#7324=EDGE_CURVE('',#9052,#9050,#9053,.T.);
#7325=EDGE_CURVE('',#9054,#9052,#9055,.T.);
#7326=EDGE_CURVE('',#9054,#9056,#9057,.T.);
#7327=EDGE_CURVE('',#9056,#9058,#9059,.T.);
#7328=EDGE_CURVE('',#9058,#8891,#9060,.T.);
#7329=EDGE_CURVE('',#9058,#8876,#9061,.T.);
#7330=EDGE_CURVE('',#9062,#8906,#9063,.T.);
#7331=EDGE_CURVE('',#8865,#9062,#9064,.T.);
#7332=EDGE_CURVE('',#8908,#8902,#9065,.T.);
#7333=EDGE_CURVE('',#9062,#9066,#9067,.T.);
#7334=EDGE_CURVE('',#9068,#9066,#9069,.T.);
#7335=EDGE_CURVE('',#9070,#9068,#9071,.T.);
#7336=EDGE_CURVE('',#9070,#9072,#9073,.T.);
#7337=EDGE_CURVE('',#9072,#9043,#9074,.T.);
#7338=EDGE_CURVE('',#8805,#8838,#9075,.T.);
#7339=EDGE_CURVE('',#9036,#8806,#9076,.T.);
#7340=EDGE_CURVE('',#9040,#8837,#9077,.T.);
#7341=EDGE_CURVE('',#8802,#9032,#9078,.T.);
#7342=EDGE_CURVE('',#8800,#8856,#9079,.T.);
#7343=EDGE_CURVE('',#8857,#9027,#9080,.T.);
#7344=EDGE_CURVE('',#9020,#8818,#9081,.T.);
#7345=EDGE_CURVE('',#9024,#8873,#9082,.T.);
#7346=EDGE_CURVE('',#8815,#9016,#9083,.T.);
#7347=EDGE_CURVE('',#8888,#9011,#9084,.T.);
#7348=EDGE_CURVE('',#9085,#8885,#9086,.T.);
#7349=EDGE_CURVE('',#9085,#9087,#9088,.T.);
#7350=EDGE_CURVE('',#9087,#9089,#9090,.T.);
#7351=EDGE_CURVE('',#9089,#9091,#9092,.T.);
#7352=EDGE_CURVE('',#9091,#8878,#9093,.T.);
#7353=EDGE_CURVE('',#9012,#9056,#9094,.T.);
#7354=EDGE_CURVE('',#8870,#9095,#9096,.T.);
#7355=EDGE_CURVE('',#9066,#9022,#9097,.T.);
#7356=EDGE_CURVE('',#9098,#8863,#9099,.T.);
#7357=EDGE_CURVE('',#9098,#9100,#9101,.T.);
#7358=EDGE_CURVE('',#9102,#9100,#9103,.T.);
#7359=EDGE_CURVE('',#9102,#9095,#9104,.T.);
#7360=EDGE_CURVE('',#9105,#8846,#9106,.T.);
#7361=EDGE_CURVE('',#9105,#9107,#9108,.T.);
#7362=EDGE_CURVE('',#9107,#9109,#9110,.T.);
#7363=EDGE_CURVE('',#9109,#9111,#9112,.T.);
#7364=EDGE_CURVE('',#9111,#8844,#9113,.T.);
#7365=EDGE_CURVE('',#9028,#9072,#9114,.T.);
#7366=EDGE_CURVE('',#8825,#9115,#9116,.T.);
#7367=EDGE_CURVE('',#9050,#9038,#9117,.T.);
#7368=EDGE_CURVE('',#9118,#8827,#9119,.T.);
#7369=EDGE_CURVE('',#9118,#9120,#9121,.T.);
#7370=EDGE_CURVE('',#9122,#9120,#9123,.T.);
#7371=EDGE_CURVE('',#9122,#9115,#9124,.T.);
#7372=EDGE_CURVE('',#8937,#8810,#9125,.T.);
#7373=EDGE_CURVE('',#8934,#9035,#9126,.T.);
#7374=EDGE_CURVE('',#8798,#8953,#9127,.T.);
#7375=EDGE_CURVE('',#9030,#8949,#9128,.T.);
#7376=EDGE_CURVE('',#8958,#8820,#9129,.T.);
#7377=EDGE_CURVE('',#8956,#9019,#9130,.T.);
#7378=EDGE_CURVE('',#8813,#8965,#9131,.T.);
#7379=EDGE_CURVE('',#9014,#8943,#9132,.T.);
#7380=EDGE_CURVE('',#8774,#8015,#9133,.T.);
#7381=EDGE_CURVE('',#8963,#8017,#9134,.T.);
#7382=EDGE_CURVE('',#8013,#8772,#9135,.T.);
#7383=EDGE_CURVE('',#8782,#9136,#9137,.T.);
#7384=EDGE_CURVE('',#8780,#8797,#9138,.T.);
#7385=EDGE_CURVE('',#8951,#9136,#9139,.T.);
#7386=EDGE_CURVE('',#8787,#8808,#9140,.T.);
#7387=EDGE_CURVE('',#9141,#8788,#9142,.T.);
#7388=EDGE_CURVE('',#9141,#8939,#9143,.T.);
#7389=EDGE_CURVE('',#9144,#9054,#9145,.T.);
#7390=EDGE_CURVE('',#9144,#8961,#9146,.T.);
#7391=EDGE_CURVE('',#8007,#9147,#9148,.T.);
#7392=EDGE_CURVE('',#9068,#9147,#9149,.T.);
#7393=EDGE_CURVE('',#9150,#9070,#9151,.T.);
#7394=EDGE_CURVE('',#9150,#8948,#9152,.T.);
#7395=EDGE_CURVE('',#8935,#9153,#9154,.T.);
#7396=EDGE_CURVE('',#9153,#9155,#9156,.T.);
#7397=EDGE_CURVE('',#9052,#9155,#9157,.T.);
#7398=EDGE_CURVE('',#9150,#9147,#9158,.T.);
#7399=EDGE_CURVE('',#9144,#9155,#9159,.T.);
#7400=EDGE_CURVE('',#9160,#9136,#9161,.T.);
#7401=EDGE_CURVE('',#9141,#9160,#9162,.T.);
#7402=EDGE_CURVE('',#9160,#8929,#9163,.T.);
#7403=EDGE_CURVE('',#9153,#8930,#9164,.T.);
#7404=EDGE_CURVE('',#8852,#8911,#9165,.T.);
#7405=EDGE_CURVE('',#8832,#8913,#9166,.T.);
#7406=EDGE_CURVE('',#9167,#9168,#9169,.T.);
#7407=EDGE_CURVE('',#9170,#9167,#9171,.T.);
#7408=EDGE_CURVE('',#9172,#9170,#9173,.T.);
#7409=EDGE_CURVE('',#9174,#9172,#9175,.T.);
#7410=EDGE_CURVE('',#9168,#9174,#9176,.T.);
#7411=EDGE_CURVE('',#9177,#9178,#9179,.T.);
#7412=EDGE_CURVE('',#9180,#9177,#9181,.T.);
#7413=EDGE_CURVE('',#9182,#9180,#9183,.T.);
#7414=EDGE_CURVE('',#9184,#9182,#9185,.T.);
#7415=EDGE_CURVE('',#9178,#9184,#9186,.T.);
#7416=EDGE_CURVE('',#9187,#9188,#9189,.T.);
#7417=EDGE_CURVE('',#9190,#9187,#9191,.T.);
#7418=EDGE_CURVE('',#9192,#9190,#9193,.T.);
#7419=EDGE_CURVE('',#9194,#9192,#9195,.T.);
#7420=EDGE_CURVE('',#9188,#9194,#9196,.T.);
#7421=EDGE_CURVE('',#9197,#9198,#9199,.T.);
#7422=EDGE_CURVE('',#9200,#9197,#9201,.T.);
#7423=EDGE_CURVE('',#9202,#9200,#9203,.T.);
#7424=EDGE_CURVE('',#9204,#9202,#9205,.T.);
#7425=EDGE_CURVE('',#9198,#9204,#9206,.T.);
#7426=EDGE_CURVE('',#9207,#9208,#9209,.T.);
#7427=EDGE_CURVE('',#9210,#9207,#9211,.T.);
#7428=EDGE_CURVE('',#9212,#9210,#9213,.T.);
#7429=EDGE_CURVE('',#9208,#9212,#9214,.T.);
#7430=EDGE_CURVE('',#9215,#8722,#9216,.T.);
#7431=EDGE_CURVE('',#9217,#9215,#9218,.T.);
#7432=EDGE_CURVE('',#8724,#9217,#9219,.T.);
#7433=EDGE_CURVE('',#9220,#8662,#9221,.T.);
#7434=EDGE_CURVE('',#9222,#9220,#9223,.T.);
#7435=EDGE_CURVE('',#8664,#9222,#9224,.T.);
#7436=EDGE_CURVE('',#9225,#9226,#9227,.T.);
#7437=EDGE_CURVE('',#9228,#9225,#9229,.T.);
#7438=EDGE_CURVE('',#9230,#9228,#9231,.T.);
#7439=EDGE_CURVE('',#9226,#9230,#9232,.T.);
#7440=EDGE_CURVE('',#9233,#8632,#9234,.T.);
#7441=EDGE_CURVE('',#9235,#9233,#9236,.T.);
#7442=EDGE_CURVE('',#8634,#9235,#9237,.T.);
#7443=EDGE_CURVE('',#9238,#8628,#9239,.T.);
#7444=EDGE_CURVE('',#9240,#9238,#9241,.T.);
#7445=EDGE_CURVE('',#8630,#9240,#9242,.T.);
#7446=EDGE_CURVE('',#9243,#8664,#9244,.T.);
#7447=EDGE_CURVE('',#9245,#9243,#9246,.T.);
#7448=EDGE_CURVE('',#8666,#9245,#9247,.T.);
#7449=EDGE_CURVE('',#9248,#8668,#9249,.T.);
#7450=EDGE_CURVE('',#9250,#9248,#9251,.T.);
#7451=EDGE_CURVE('',#8670,#9250,#9252,.T.);
#7452=EDGE_CURVE('',#9253,#9254,#9255,.T.);
#7453=EDGE_CURVE('',#9256,#9253,#9257,.T.);
#7454=EDGE_CURVE('',#9258,#9256,#9259,.T.);
#7455=EDGE_CURVE('',#9254,#9258,#9260,.T.);
#7456=EDGE_CURVE('',#9261,#9262,#9263,.T.);
#7457=EDGE_CURVE('',#9264,#9261,#9265,.T.);
#7458=EDGE_CURVE('',#9266,#9264,#9267,.T.);
#7459=EDGE_CURVE('',#9262,#9266,#9268,.T.);
#7460=EDGE_CURVE('',#9269,#9270,#9271,.T.);
#7461=EDGE_CURVE('',#9272,#9269,#9273,.T.);
#7462=EDGE_CURVE('',#9274,#9272,#9275,.T.);
#7463=EDGE_CURVE('',#9270,#9274,#9276,.T.);
#7464=EDGE_CURVE('',#9277,#9278,#9279,.T.);
#7465=EDGE_CURVE('',#9280,#9277,#9281,.T.);
#7466=EDGE_CURVE('',#9282,#9280,#9283,.T.);
#7467=EDGE_CURVE('',#9278,#9282,#9284,.T.);
#7468=EDGE_CURVE('',#9285,#8637,#9286,.T.);
#7469=EDGE_CURVE('',#9287,#9285,#9288,.T.);
#7470=EDGE_CURVE('',#8638,#9287,#9289,.T.);
#7471=EDGE_CURVE('',#8674,#9290,#9291,.T.);
#7472=EDGE_CURVE('',#9292,#9290,#9293,.T.);
#7473=EDGE_CURVE('',#8676,#9292,#9294,.T.);
#7474=EDGE_CURVE('',#9295,#9296,#9297,.T.);
#7475=EDGE_CURVE('',#9296,#9298,#9299,.T.);
#7476=EDGE_CURVE('',#9300,#9298,#9301,.T.);
#7477=EDGE_CURVE('',#9295,#9300,#9302,.T.);
#7478=EDGE_CURVE('',#9303,#9295,#9304,.T.);
#7479=EDGE_CURVE('',#9305,#9300,#9306,.T.);
#7480=EDGE_CURVE('',#9303,#9305,#9307,.T.);
#7481=EDGE_CURVE('',#9285,#9292,#9308,.T.);
#7482=EDGE_CURVE('',#8190,#9182,#9309,.T.);
#7483=EDGE_CURVE('',#9238,#9180,#9310,.T.);
#7484=EDGE_CURVE('',#9233,#9240,#9311,.T.);
#7485=EDGE_CURVE('',#9248,#9245,#9312,.T.);
#7486=EDGE_CURVE('',#9313,#9250,#9314,.T.);
#7487=EDGE_CURVE('',#8672,#9313,#9315,.T.);
#7488=EDGE_CURVE('',#9316,#9317,#9318,.T.);
#7489=EDGE_CURVE('',#9319,#9316,#9320,.T.);
#7490=EDGE_CURVE('',#9321,#9319,#9322,.T.);
#7491=EDGE_CURVE('',#9317,#9321,#9323,.T.);
#7492=EDGE_CURVE('',#9324,#9325,#9326,.T.);
#7493=EDGE_CURVE('',#9327,#9324,#9328,.T.);
#7494=EDGE_CURVE('',#9329,#9327,#9330,.T.);
#7495=EDGE_CURVE('',#9325,#9329,#9331,.T.);
#7496=EDGE_CURVE('',#9332,#9333,#9334,.T.);
#7497=EDGE_CURVE('',#9111,#9332,#9335,.T.);
#7498=EDGE_CURVE('',#9333,#9109,#9336,.T.);
#7499=EDGE_CURVE('',#9337,#9338,#9339,.T.);
#7500=EDGE_CURVE('',#9107,#9337,#9340,.T.);
#7501=EDGE_CURVE('',#9338,#9105,#9341,.T.);
#7502=EDGE_CURVE('',#9327,#9338,#9342,.T.);
#7503=EDGE_CURVE('',#9332,#9324,#9343,.T.);
#7504=EDGE_CURVE('',#9337,#9333,#9344,.T.);
#7505=EDGE_CURVE('',#9254,#9261,#9345,.T.);
#7506=EDGE_CURVE('',#9262,#9346,#9347,.T.);
#7507=EDGE_CURVE('',#9348,#9346,#9349,.T.);
#7508=EDGE_CURVE('',#9348,#9317,#9350,.T.);
#7509=EDGE_CURVE('',#9321,#9253,#9351,.T.);
#7510=EDGE_CURVE('',#9266,#9184,#9352,.T.);
#7511=EDGE_CURVE('',#9346,#9184,#9353,.T.);
#7512=EDGE_CURVE('',#9258,#9264,#9354,.T.);
#7513=EDGE_CURVE('',#9325,#9256,#9355,.T.);
#7514=EDGE_CURVE('',#8844,#9319,#9356,.T.);
#7515=EDGE_CURVE('',#9357,#9358,#9359,.T.);
#7516=EDGE_CURVE('',#9360,#9357,#9361,.T.);
#7517=EDGE_CURVE('',#9362,#9360,#9363,.T.);
#7518=EDGE_CURVE('',#9358,#9362,#9364,.T.);
#7519=EDGE_CURVE('',#9365,#9366,#9367,.T.);
#7520=EDGE_CURVE('',#9368,#9365,#9369,.T.);
#7521=EDGE_CURVE('',#9370,#9368,#9371,.T.);
#7522=EDGE_CURVE('',#9366,#9370,#9372,.T.);
#7523=EDGE_CURVE('',#9373,#8612,#9374,.T.);
#7524=EDGE_CURVE('',#9375,#9373,#9376,.T.);
#7525=EDGE_CURVE('',#8614,#9375,#9377,.T.);
#7526=EDGE_CURVE('',#9378,#8616,#9379,.T.);
#7527=EDGE_CURVE('',#9380,#9378,#9381,.T.);
#7528=EDGE_CURVE('',#8610,#9380,#9382,.T.);
#7529=EDGE_CURVE('',#9383,#8720,#9384,.T.);
#7530=EDGE_CURVE('',#9385,#9383,#9386,.T.);
#7531=EDGE_CURVE('',#8722,#9385,#9387,.T.);
#7532=EDGE_CURVE('',#9388,#8716,#9389,.T.);
#7533=EDGE_CURVE('',#9390,#9388,#9391,.T.);
#7534=EDGE_CURVE('',#8718,#9390,#9392,.T.);
#7535=EDGE_CURVE('',#9393,#9394,#9395,.T.);
#7536=EDGE_CURVE('',#9396,#9393,#9397,.T.);
#7537=EDGE_CURVE('',#9398,#9396,#9399,.T.);
#7538=EDGE_CURVE('',#9394,#9398,#9400,.T.);
#7539=EDGE_CURVE('',#9401,#9402,#9403,.T.);
#7540=EDGE_CURVE('',#9404,#9401,#9405,.T.);
#7541=EDGE_CURVE('',#9406,#9404,#9407,.T.);
#7542=EDGE_CURVE('',#9402,#9406,#9408,.T.);
#7543=EDGE_CURVE('',#9409,#9410,#9411,.T.);
#7544=EDGE_CURVE('',#9412,#9409,#9413,.T.);
#7545=EDGE_CURVE('',#9414,#9412,#9415,.T.);
#7546=EDGE_CURVE('',#9410,#9414,#9416,.T.);
#7547=EDGE_CURVE('',#9417,#9418,#9419,.T.);
#7548=EDGE_CURVE('',#9420,#9417,#9421,.T.);
#7549=EDGE_CURVE('',#9422,#9420,#9423,.T.);
#7550=EDGE_CURVE('',#9418,#9422,#9424,.T.);
#7551=EDGE_CURVE('',#8706,#9425,#9426,.T.);
#7552=EDGE_CURVE('',#9427,#9425,#9428,.T.);
#7553=EDGE_CURVE('',#8708,#9427,#9429,.T.);
#7554=EDGE_CURVE('',#9430,#8710,#9431,.T.);
#7555=EDGE_CURVE('',#9432,#9430,#9433,.T.);
#7556=EDGE_CURVE('',#8712,#9432,#9434,.T.);
#7557=EDGE_CURVE('',#9435,#9436,#9437,.T.);
#7558=EDGE_CURVE('',#9436,#9438,#9439,.T.);
#7559=EDGE_CURVE('',#9440,#9438,#9441,.T.);
#7560=EDGE_CURVE('',#9435,#9440,#9442,.T.);
#7561=EDGE_CURVE('',#9438,#9443,#9444,.T.);
#7562=EDGE_CURVE('',#9445,#9443,#9446,.T.);
#7563=EDGE_CURVE('',#9440,#9445,#9447,.T.);
#7564=EDGE_CURVE('',#9427,#9430,#9448,.T.);
#7565=EDGE_CURVE('',#9375,#9378,#9449,.T.);
#7566=EDGE_CURVE('',#9380,#9167,#9450,.T.);
#7567=EDGE_CURVE('',#8196,#9168,#9451,.T.);
#7568=EDGE_CURVE('',#9452,#9388,#9453,.T.);
#7569=EDGE_CURVE('',#8714,#9452,#9454,.T.);
#7570=EDGE_CURVE('',#9390,#9383,#9455,.T.);
#7571=EDGE_CURVE('',#9456,#9457,#9458,.T.);
#7572=EDGE_CURVE('',#9459,#9456,#9460,.T.);
#7573=EDGE_CURVE('',#9461,#9459,#9462,.T.);
#7574=EDGE_CURVE('',#9457,#9461,#9463,.T.);
#7575=EDGE_CURVE('',#9464,#9465,#9466,.T.);
#7576=EDGE_CURVE('',#9467,#9464,#9468,.T.);
#7577=EDGE_CURVE('',#9469,#9467,#9470,.T.);
#7578=EDGE_CURVE('',#9465,#9469,#9471,.T.);
#7579=EDGE_CURVE('',#9472,#9473,#9474,.T.);
#7580=EDGE_CURVE('',#9100,#9472,#9475,.T.);
#7581=EDGE_CURVE('',#9473,#9098,#9476,.T.);
#7582=EDGE_CURVE('',#9477,#9478,#9479,.T.);
#7583=EDGE_CURVE('',#9095,#9477,#9480,.T.);
#7584=EDGE_CURVE('',#9478,#9102,#9481,.T.);
#7585=EDGE_CURVE('',#9457,#8870,#9482,.T.);
#7586=EDGE_CURVE('',#8863,#9461,#9483,.T.);
#7587=EDGE_CURVE('',#9473,#9465,#9484,.T.);
#7588=EDGE_CURVE('',#9469,#9477,#9485,.T.);
#7589=EDGE_CURVE('',#9478,#9472,#9486,.T.);
#7590=EDGE_CURVE('',#9401,#9487,#9488,.T.);
#7591=EDGE_CURVE('',#9393,#9402,#9489,.T.);
#7592=EDGE_CURVE('',#9459,#9394,#9490,.T.);
#7593=EDGE_CURVE('',#9491,#9456,#9492,.T.);
#7594=EDGE_CURVE('',#9487,#9491,#9493,.T.);
#7595=EDGE_CURVE('',#9464,#9398,#9494,.T.);
#7596=EDGE_CURVE('',#9396,#9406,#9495,.T.);
#7597=EDGE_CURVE('',#9404,#9174,#9496,.T.);
#7598=EDGE_CURVE('',#9487,#9174,#9497,.T.);
#7599=EDGE_CURVE('',#7866,#9498,#9499,.T.);
#7600=EDGE_CURVE('',#9500,#9498,#9501,.T.);
#7601=EDGE_CURVE('',#9500,#7865,#9502,.T.);
#7602=EDGE_CURVE('',#8061,#9500,#9503,.T.);
#7603=EDGE_CURVE('',#9498,#8054,#9504,.T.);
#7604=EDGE_CURVE('',#8038,#9505,#9506,.T.);
#7605=EDGE_CURVE('',#9505,#9507,#9508,.T.);
#7606=EDGE_CURVE('',#9507,#9298,#9509,.T.);
#7607=EDGE_CURVE('',#9296,#9510,#9511,.T.);
#7608=EDGE_CURVE('',#9510,#9512,#9513,.T.);
#7609=EDGE_CURVE('',#9512,#8028,#9514,.T.);
#7610=EDGE_CURVE('',#8059,#7868,#9515,.T.);
#7611=EDGE_CURVE('',#9516,#8030,#9517,.T.);
#7612=EDGE_CURVE('',#9518,#9516,#9519,.T.);
#7613=EDGE_CURVE('',#9445,#9518,#9520,.T.);
#7614=EDGE_CURVE('',#9521,#9443,#9522,.T.);
#7615=EDGE_CURVE('',#9523,#9521,#9524,.T.);
#7616=EDGE_CURVE('',#8036,#9523,#9525,.T.);
#7617=EDGE_CURVE('',#7870,#8056,#9526,.T.);
#7618=EDGE_CURVE('',#9518,#9510,#9527,.T.);
#7619=EDGE_CURVE('',#9516,#9512,#9528,.T.);
#7620=EDGE_CURVE('',#9523,#9505,#9529,.T.);
#7621=EDGE_CURVE('',#9521,#9507,#9530,.T.);
#7622=EDGE_CURVE('',#9366,#9435,#9531,.T.);
#7623=EDGE_CURVE('',#9370,#9436,#9532,.T.);
#7624=EDGE_CURVE('',#9362,#9207,#9533,.T.);
#7625=EDGE_CURVE('',#9208,#8192,#9534,.T.);
#7626=EDGE_CURVE('',#9535,#9235,#9536,.T.);
#7627=EDGE_CURVE('',#9358,#9535,#9537,.T.);
#7628=EDGE_CURVE('',#9212,#8194,#9538,.T.);
#7629=EDGE_CURVE('',#9210,#9368,#9539,.T.);
#7630=EDGE_CURVE('',#9540,#9365,#9541,.T.);
#7631=EDGE_CURVE('',#9540,#9373,#9542,.T.);
#7632=EDGE_CURVE('',#9543,#9544,#9545,.T.);
#7633=EDGE_CURVE('',#9546,#9543,#9547,.T.);
#7634=EDGE_CURVE('',#9548,#9546,#9549,.T.);
#7635=EDGE_CURVE('',#9544,#9548,#9550,.T.);
#7636=EDGE_CURVE('',#9551,#9552,#9553,.T.);
#7637=EDGE_CURVE('',#9554,#9551,#9555,.T.);
#7638=EDGE_CURVE('',#9556,#9554,#9557,.T.);
#7639=EDGE_CURVE('',#9552,#9556,#9558,.T.);
#7640=EDGE_CURVE('',#9559,#8623,#9560,.T.);
#7641=EDGE_CURVE('',#9561,#9559,#9562,.T.);
#7642=EDGE_CURVE('',#8625,#9561,#9563,.T.);
#7643=EDGE_CURVE('',#9564,#8619,#9565,.T.);
#7644=EDGE_CURVE('',#9566,#9564,#9567,.T.);
#7645=EDGE_CURVE('',#8621,#9566,#9568,.T.);
#7646=EDGE_CURVE('',#9569,#8724,#9570,.T.);
#7647=EDGE_CURVE('',#9571,#9569,#9572,.T.);
#7648=EDGE_CURVE('',#8726,#9571,#9573,.T.);
#7649=EDGE_CURVE('',#9574,#8728,#9575,.T.);
#7650=EDGE_CURVE('',#9576,#9574,#9577,.T.);
#7651=EDGE_CURVE('',#8730,#9576,#9578,.T.);
#7652=EDGE_CURVE('',#9579,#9580,#9581,.T.);
#7653=EDGE_CURVE('',#9582,#9579,#9583,.T.);
#7654=EDGE_CURVE('',#9584,#9582,#9585,.T.);
#7655=EDGE_CURVE('',#9580,#9584,#9586,.T.);
#7656=EDGE_CURVE('',#9587,#9588,#9589,.T.);
#7657=EDGE_CURVE('',#9590,#9587,#9591,.T.);
#7658=EDGE_CURVE('',#9592,#9590,#9593,.T.);
#7659=EDGE_CURVE('',#9588,#9592,#9594,.T.);
#7660=EDGE_CURVE('',#9595,#8702,#9596,.T.);
#7661=EDGE_CURVE('',#9597,#9595,#9598,.T.);
#7662=EDGE_CURVE('',#8703,#9597,#9599,.T.);
#7663=EDGE_CURVE('',#8734,#9600,#9601,.T.);
#7664=EDGE_CURVE('',#9602,#9600,#9603,.T.);
#7665=EDGE_CURVE('',#8736,#9602,#9604,.T.);
#7666=EDGE_CURVE('',#9605,#9606,#9607,.T.);
#7667=EDGE_CURVE('',#9606,#9608,#9609,.T.);
#7668=EDGE_CURVE('',#9610,#9608,#9611,.T.);
#7669=EDGE_CURVE('',#9605,#9610,#9612,.T.);
#7670=EDGE_CURVE('',#9606,#9613,#9614,.T.);
#7671=EDGE_CURVE('',#9613,#9615,#9616,.T.);
#7672=EDGE_CURVE('',#9608,#9615,#9617,.T.);
#7673=EDGE_CURVE('',#9595,#9602,#9618,.T.);
#7674=EDGE_CURVE('',#8128,#9192,#9619,.T.);
#7675=EDGE_CURVE('',#9564,#9190,#9620,.T.);
#7676=EDGE_CURVE('',#9559,#9566,#9621,.T.);
#7677=EDGE_CURVE('',#9574,#9571,#9622,.T.);
#7678=EDGE_CURVE('',#9623,#9576,#9624,.T.);
#7679=EDGE_CURVE('',#8732,#9623,#9625,.T.);
#7680=EDGE_CURVE('',#9418,#9414,#9626,.T.);
#7681=EDGE_CURVE('',#9410,#9422,#9627,.T.);
#7682=EDGE_CURVE('',#9420,#9217,#9628,.T.);
#7683=EDGE_CURVE('',#9417,#9569,#9629,.T.);
#7684=EDGE_CURVE('',#9412,#9385,#9630,.T.);
#7685=EDGE_CURVE('',#9569,#9385,#9631,.T.);
#7686=EDGE_CURVE('',#9409,#9215,#9632,.T.);
#7687=EDGE_CURVE('',#9633,#9634,#9635,.T.);
#7688=EDGE_CURVE('',#9636,#9633,#9637,.T.);
#7689=EDGE_CURVE('',#9638,#9636,#9639,.T.);
#7690=EDGE_CURVE('',#9634,#9638,#9640,.T.);
#7691=EDGE_CURVE('',#9641,#9642,#9643,.T.);
#7692=EDGE_CURVE('',#9644,#9641,#9645,.T.);
#7693=EDGE_CURVE('',#9646,#9644,#9647,.T.);
#7694=EDGE_CURVE('',#9642,#9646,#9648,.T.);
#7695=EDGE_CURVE('',#9649,#9650,#9651,.T.);
#7696=EDGE_CURVE('',#9091,#9649,#9652,.T.);
#7697=EDGE_CURVE('',#9650,#9089,#9653,.T.);
#7698=EDGE_CURVE('',#9654,#9655,#9656,.T.);
#7699=EDGE_CURVE('',#9087,#9654,#9657,.T.);
#7700=EDGE_CURVE('',#9655,#9085,#9658,.T.);
#7701=EDGE_CURVE('',#9644,#9655,#9659,.T.);
#7702=EDGE_CURVE('',#9649,#9641,#9660,.T.);
#7703=EDGE_CURVE('',#9654,#9650,#9661,.T.);
#7704=EDGE_CURVE('',#8878,#9636,#9662,.T.);
#7705=EDGE_CURVE('',#9633,#8885,#9663,.T.);
#7706=EDGE_CURVE('',#9580,#9587,#9664,.T.);
#7707=EDGE_CURVE('',#9588,#9665,#9666,.T.);
#7708=EDGE_CURVE('',#9667,#9665,#9668,.T.);
#7709=EDGE_CURVE('',#9667,#9634,#9669,.T.);
#7710=EDGE_CURVE('',#9638,#9579,#9670,.T.);
#7711=EDGE_CURVE('',#9592,#9194,#9671,.T.);
#7712=EDGE_CURVE('',#9665,#9194,#9672,.T.);
#7713=EDGE_CURVE('',#9584,#9590,#9673,.T.);
#7714=EDGE_CURVE('',#9642,#9582,#9674,.T.);
#7715=EDGE_CURVE('',#9675,#8603,#9676,.T.);
#7716=EDGE_CURVE('',#9677,#9675,#9678,.T.);
#7717=EDGE_CURVE('',#8605,#9677,#9679,.T.);
#7718=EDGE_CURVE('',#9680,#8607,#9681,.T.);
#7719=EDGE_CURVE('',#9682,#9680,#9683,.T.);
#7720=EDGE_CURVE('',#8601,#9682,#9684,.T.);
#7721=EDGE_CURVE('',#9685,#8660,#9686,.T.);
#7722=EDGE_CURVE('',#9687,#9685,#9688,.T.);
#7723=EDGE_CURVE('',#8662,#9687,#9689,.T.);
#7724=EDGE_CURVE('',#9690,#8656,#9691,.T.);
#7725=EDGE_CURVE('',#9692,#9690,#9693,.T.);
#7726=EDGE_CURVE('',#8658,#9692,#9694,.T.);
#7727=EDGE_CURVE('',#9695,#9696,#9697,.T.);
#7728=EDGE_CURVE('',#9698,#9695,#9699,.T.);
#7729=EDGE_CURVE('',#9700,#9698,#9701,.T.);
#7730=EDGE_CURVE('',#9696,#9700,#9702,.T.);
#7731=EDGE_CURVE('',#9703,#9704,#9705,.T.);
#7732=EDGE_CURVE('',#9706,#9703,#9707,.T.);
#7733=EDGE_CURVE('',#9708,#9706,#9709,.T.);
#7734=EDGE_CURVE('',#9704,#9708,#9710,.T.);
#7735=EDGE_CURVE('',#8646,#9711,#9712,.T.);
#7736=EDGE_CURVE('',#9713,#9711,#9714,.T.);
#7737=EDGE_CURVE('',#8648,#9713,#9715,.T.);
#7738=EDGE_CURVE('',#9716,#8650,#9717,.T.);
#7739=EDGE_CURVE('',#9718,#9716,#9719,.T.);
#7740=EDGE_CURVE('',#8652,#9718,#9720,.T.);
#7741=EDGE_CURVE('',#9721,#9722,#9723,.T.);
#7742=EDGE_CURVE('',#9722,#9724,#9725,.T.);
#7743=EDGE_CURVE('',#9726,#9724,#9727,.T.);
#7744=EDGE_CURVE('',#9721,#9726,#9728,.T.);
#7745=EDGE_CURVE('',#9724,#9729,#9730,.T.);
#7746=EDGE_CURVE('',#9731,#9729,#9732,.T.);
#7747=EDGE_CURVE('',#9726,#9731,#9733,.T.);
#7748=EDGE_CURVE('',#8051,#9734,#9735,.T.);
#7749=EDGE_CURVE('',#9736,#8049,#9737,.T.);
#7750=EDGE_CURVE('',#7850,#9736,#9738,.T.);
#7751=EDGE_CURVE('',#9739,#7854,#9740,.T.);
#7752=EDGE_CURVE('',#9741,#9739,#9742,.T.);
#7753=EDGE_CURVE('',#9731,#9741,#9743,.T.);
#7754=EDGE_CURVE('',#9744,#9729,#9745,.T.);
#7755=EDGE_CURVE('',#9746,#9744,#9747,.T.);
#7756=EDGE_CURVE('',#7860,#9746,#9748,.T.);
#7757=EDGE_CURVE('',#9734,#7857,#9749,.T.);
#7758=EDGE_CURVE('',#9750,#9744,#9751,.T.);
#7759=EDGE_CURVE('',#9752,#9750,#9753,.T.);
#7760=EDGE_CURVE('',#9752,#9746,#9754,.T.);
#7761=EDGE_CURVE('',#7862,#9752,#9755,.T.);
#7762=EDGE_CURVE('',#9756,#7858,#9757,.T.);
#7763=EDGE_CURVE('',#9756,#9734,#9758,.T.);
#7764=EDGE_CURVE('',#9759,#9736,#9760,.T.);
#7765=EDGE_CURVE('',#7849,#9759,#9761,.T.);
#7766=EDGE_CURVE('',#9762,#7852,#9763,.T.);
#7767=EDGE_CURVE('',#9762,#9739,#9764,.T.);
#7768=EDGE_CURVE('',#9765,#9762,#9766,.T.);
#7769=EDGE_CURVE('',#9765,#9741,#9767,.T.);
#7770=EDGE_CURVE('',#9713,#9716,#9768,.T.);
#7771=EDGE_CURVE('',#9677,#9680,#9769,.T.);
#7772=EDGE_CURVE('',#9682,#9197,#9770,.T.);
#7773=EDGE_CURVE('',#8134,#9198,#9771,.T.);
#7774=EDGE_CURVE('',#9772,#9690,#9773,.T.);
#7775=EDGE_CURVE('',#8654,#9772,#9774,.T.);
#7776=EDGE_CURVE('',#9692,#9685,#9775,.T.);
#7777=EDGE_CURVE('',#9269,#9280,#9776,.T.);
#7778=EDGE_CURVE('',#9277,#9272,#9777,.T.);
#7779=EDGE_CURVE('',#9278,#9687,#9778,.T.);
#7780=EDGE_CURVE('',#9687,#9243,#9779,.T.);
#7781=EDGE_CURVE('',#9274,#9243,#9780,.T.);
#7782=EDGE_CURVE('',#9282,#9220,#9781,.T.);
#7783=EDGE_CURVE('',#9270,#9222,#9782,.T.);
#7784=EDGE_CURVE('',#9230,#8132,#9783,.T.);
#7785=EDGE_CURVE('',#9546,#9228,#9784,.T.);
#7786=EDGE_CURVE('',#9543,#9785,#9786,.T.);
#7787=EDGE_CURVE('',#9785,#9675,#9787,.T.);
#7788=EDGE_CURVE('',#9225,#9556,#9788,.T.);
#7789=EDGE_CURVE('',#9226,#8130,#9789,.T.);
#7790=EDGE_CURVE('',#9790,#9561,#9791,.T.);
#7791=EDGE_CURVE('',#9790,#9552,#9792,.T.);
#7792=EDGE_CURVE('',#9793,#9794,#9795,.T.);
#7793=EDGE_CURVE('',#9796,#9793,#9797,.T.);
#7794=EDGE_CURVE('',#9798,#9796,#9799,.T.);
#7795=EDGE_CURVE('',#9794,#9798,#9800,.T.);
#7796=EDGE_CURVE('',#9801,#9802,#9803,.T.);
#7797=EDGE_CURVE('',#9804,#9801,#9805,.T.);
#7798=EDGE_CURVE('',#9806,#9804,#9807,.T.);
#7799=EDGE_CURVE('',#9802,#9806,#9808,.T.);
#7800=EDGE_CURVE('',#9809,#9810,#9811,.T.);
#7801=EDGE_CURVE('',#9120,#9809,#9812,.T.);
#7802=EDGE_CURVE('',#9810,#9118,#9813,.T.);
#7803=EDGE_CURVE('',#9814,#9815,#9816,.T.);
#7804=EDGE_CURVE('',#9115,#9814,#9817,.T.);
#7805=EDGE_CURVE('',#9815,#9122,#9818,.T.);
#7806=EDGE_CURVE('',#9810,#9802,#9819,.T.);
#7807=EDGE_CURVE('',#9806,#9814,#9820,.T.);
#7808=EDGE_CURVE('',#9815,#9809,#9821,.T.);
#7809=EDGE_CURVE('',#9703,#9822,#9823,.T.);
#7810=EDGE_CURVE('',#9695,#9704,#9824,.T.);
#7811=EDGE_CURVE('',#9796,#9696,#9825,.T.);
#7812=EDGE_CURVE('',#9826,#9793,#9827,.T.);
#7813=EDGE_CURVE('',#9822,#9826,#9828,.T.);
#7814=EDGE_CURVE('',#9801,#9700,#9829,.T.);
#7815=EDGE_CURVE('',#8827,#9798,#9830,.T.);
#7816=EDGE_CURVE('',#9698,#9708,#9831,.T.);
#7817=EDGE_CURVE('',#9706,#9204,#9832,.T.);
#7818=EDGE_CURVE('',#9822,#9204,#9833,.T.);
#7819=EDGE_CURVE('',#9202,#9804,#9834,.T.);
#7820=EDGE_CURVE('',#9200,#9711,#9835,.T.);
#7821=EDGE_CURVE('',#9826,#8136,#9836,.T.);
#7822=EDGE_CURVE('',#9794,#8825,#9837,.T.);
#7823=EDGE_CURVE('',#9718,#9772,#9838,.T.);
#7824=EDGE_CURVE('',#9721,#9544,#9839,.T.);
#7825=EDGE_CURVE('',#9722,#9548,#9840,.T.);
#7826=EDGE_CURVE('',#9759,#8046,#9841,.T.);
#7827=EDGE_CURVE('',#8044,#9756,#9842,.T.);
#7828=EDGE_CURVE('',#9750,#9615,#9843,.T.);
#7829=EDGE_CURVE('',#9613,#9765,#9844,.T.);
#7830=EDGE_CURVE('',#9172,#9467,#9845,.T.);
#7831=EDGE_CURVE('',#9170,#9425,#9846,.T.);
#7832=EDGE_CURVE('',#9491,#8153,#9847,.T.);
#7833=EDGE_CURVE('',#9188,#9646,#9848,.T.);
#7834=EDGE_CURVE('',#9597,#9187,#9849,.T.);
#7835=EDGE_CURVE('',#8103,#9667,#9850,.T.);
#7836=EDGE_CURVE('',#9623,#9600,#9851,.T.);
#7837=EDGE_CURVE('',#9554,#9610,#9852,.T.);
#7838=EDGE_CURVE('',#9551,#9605,#9853,.T.);
#7839=EDGE_CURVE('',#9790,#9785,#9854,.T.);
#7840=EDGE_CURVE('',#9432,#9452,#9855,.T.);
#7841=EDGE_CURVE('',#9178,#9329,#9856,.T.);
#7842=EDGE_CURVE('',#9287,#9177,#9857,.T.);
#7843=EDGE_CURVE('',#9316,#8846,#9858,.T.);
#7844=EDGE_CURVE('',#8188,#9348,#9859,.T.);
#7845=EDGE_CURVE('',#9313,#9290,#9860,.T.);
#7846=EDGE_CURVE('',#9535,#9540,#9861,.T.);
#7847=EDGE_CURVE('',#9303,#9357,#9862,.T.);
#7848=EDGE_CURVE('',#9305,#9360,#9863,.T.);
#7849=VERTEX_POINT('',#9864);
#7850=VERTEX_POINT('',#9865);
#7851=LINE('',#9866,#9867);
#7852=VERTEX_POINT('',#9868);
#7853=CIRCLE('',#9869,0.2);
#7854=VERTEX_POINT('',#9870);
#7855=LINE('',#9871,#9872);
#7856=CIRCLE('',#9873,0.2);
#7857=VERTEX_POINT('',#9874);
#7858=VERTEX_POINT('',#9875);
#7859=LINE('',#9876,#9877);
#7860=VERTEX_POINT('',#9878);
#7861=CIRCLE('',#9879,0.45);
#7862=VERTEX_POINT('',#9880);
#7863=LINE('',#9881,#9882);
#7864=CIRCLE('',#9883,0.45);
#7865=VERTEX_POINT('',#9884);
#7866=VERTEX_POINT('',#9885);
#7867=LINE('',#9886,#9887);
#7868=VERTEX_POINT('',#9888);
#7869=CIRCLE('',#9889,0.5);
#7870=VERTEX_POINT('',#9890);
#7871=LINE('',#9891,#9892);
#7872=CIRCLE('',#9893,0.5);
#7873=VERTEX_POINT('',#9894);
#7874=VERTEX_POINT('',#9895);
#7875=LINE('',#9896,#9897);
#7876=VERTEX_POINT('',#9898);
#7877=CIRCLE('',#9899,3.0);
#7878=VERTEX_POINT('',#9900);
#7879=B_SPLINE_CURVE_WITH_KNOTS('',3,(#9901,#9902,#9903,#9904),.UNSPECIFIED.,.F.,.F.,(4,4),(3.05287160258663E-07,0.00124230564105672),.UNSPECIFIED.);
#7880=CIRCLE('',#9905,2.2);
#7881=VERTEX_POINT('',#9906);
#7882=VERTEX_POINT('',#9907);
#7883=LINE('',#9908,#9909);
#7884=VERTEX_POINT('',#9910);
#7885=CIRCLE('',#9911,0.3);
#7886=VERTEX_POINT('',#9912);
#7887=LINE('',#9913,#9914);
#7888=CIRCLE('',#9915,0.3);
#7889=VERTEX_POINT('',#9916);
#7890=VERTEX_POINT('',#9917);
#7891=LINE('',#9918,#9919);
#7892=VERTEX_POINT('',#9920);
#7893=CIRCLE('',#9921,0.3);
#7894=VERTEX_POINT('',#9922);
#7895=LINE('',#9923,#9924);
#7896=CIRCLE('',#9925,0.3);
#7897=VERTEX_POINT('',#9926);
#7898=VERTEX_POINT('',#9927);
#7899=LINE('',#9928,#9929);
#7900=VERTEX_POINT('',#9930);
#7901=CIRCLE('',#9931,0.3);
#7902=VERTEX_POINT('',#9932);
#7903=LINE('',#9933,#9934);
#7904=CIRCLE('',#9935,0.3);
#7905=VERTEX_POINT('',#9936);
#7906=VERTEX_POINT('',#9937);
#7907=LINE('',#9938,#9939);
#7908=VERTEX_POINT('',#9940);
#7909=CIRCLE('',#9941,0.3);
#7910=VERTEX_POINT('',#9942);
#7911=LINE('',#9943,#9944);
#7912=CIRCLE('',#9945,0.3);
#7913=VERTEX_POINT('',#9946);
#7914=VERTEX_POINT('',#9947);
#7915=LINE('',#9948,#9949);
#7916=VERTEX_POINT('',#9950);
#7917=CIRCLE('',#9951,0.3);
#7918=VERTEX_POINT('',#9952);
#7919=LINE('',#9953,#9954);
#7920=CIRCLE('',#9955,0.3);
#7921=VERTEX_POINT('',#9956);
#7922=VERTEX_POINT('',#9957);
#7923=LINE('',#9958,#9959);
#7924=VERTEX_POINT('',#9960);
#7925=CIRCLE('',#9961,0.3);
#7926=VERTEX_POINT('',#9962);
#7927=LINE('',#9963,#9964);
#7928=CIRCLE('',#9965,0.3);
#7929=VERTEX_POINT('',#9966);
#7930=VERTEX_POINT('',#9967);
#7931=LINE('',#9968,#9969);
#7932=VERTEX_POINT('',#9970);
#7933=CIRCLE('',#9971,3.0);
#7934=LINE('',#9972,#9973);
#7935=VERTEX_POINT('',#9974);
#7936=LINE('',#9975,#9976);
#7937=CIRCLE('',#9977,3.0);
#7938=VERTEX_POINT('',#9978);
#7939=VERTEX_POINT('',#9979);
#7940=LINE('',#9980,#9981);
#7941=VERTEX_POINT('',#9982);
#7942=CIRCLE('',#9983,3.99);
#7943=VERTEX_POINT('',#9984);
#7944=LINE('',#9985,#9986);
#7945=CIRCLE('',#9987,3.99);
#7946=VERTEX_POINT('',#9988);
#7947=LINE('',#9989,#9990);
#7948=VERTEX_POINT('',#9991);
#7949=CIRCLE('',#9992,3.79);
#7950=LINE('',#9993,#9994);
#7951=VERTEX_POINT('',#9995);
#7952=VERTEX_POINT('',#9996);
#7953=LINE('',#9997,#9998);
#7954=VERTEX_POINT('',#9999);
#7955=(B_SPLINE_CURVE(2,(#10001,#10002,#10003,#10004,#10005,#10006,#10007),.UNSPECIFIED.,.F.,.F.)B_SPLINE_CURVE_WITH_KNOTS((3,2,2,3),(0.84375,0.854166666666667,0.875,0.885898142517795),.UNSPECIFIED.)RATIONAL_B_SPLINE_CURVE((0.93301270189222,0.93301270189222,1.0,0.866025403784439,1.0,0.929916436320578,0.933155816493956))BOUNDED_CURVE()REPRESENTATION_ITEM('')GEOMETRIC_REPRESENTATION_ITEM()CURVE());
#7956=VERTEX_POINT('',#10014);
#7957=CIRCLE('',#10015,4.5);
#7958=(B_SPLINE_CURVE(2,(#10017,#10018,#10019,#10020,#10021),.UNSPECIFIED.,.F.,.F.)B_SPLINE_CURVE_WITH_KNOTS((3,2,3),(0.84375,0.854166666666667,0.854725232870526),.UNSPECIFIED.)RATIONAL_B_SPLINE_CURVE((0.93301270189222,0.93301270189222,1.0,0.996407983282163,0.993008578961984))BOUNDED_CURVE()REPRESENTATION_ITEM('')GEOMETRIC_REPRESENTATION_ITEM()CURVE());
#7959=VERTEX_POINT('',#10028);
#7960=(B_SPLINE_CURVE(2,(#10030,#10031,#10032,#10033,#10034,#10035,#10036,#10037,#10038),.UNSPECIFIED.,.F.,.F.)B_SPLINE_CURVE_WITH_KNOTS((3,2,2,2,3),(0.78125,0.791666666666667,0.8125,0.833333333333333,0.84375),.UNSPECIFIED.)RATIONAL_B_SPLINE_CURVE((0.93301270189222,0.93301270189222,1.0,0.866025403784439,1.0,0.866025403784439,1.0,0.933012701892219,0.93301270189222))BOUNDED_CURVE()REPRESENTATION_ITEM('')GEOMETRIC_REPRESENTATION_ITEM()CURVE());
#7961=VERTEX_POINT('',#10045);
#7962=LINE('',#10046,#10047);
#7963=(B_SPLINE_CURVE(2,(#10049,#10050,#10051,#10052,#10053,#10054,#10055,#10056,#10057),.UNSPECIFIED.,.F.,.F.)B_SPLINE_CURVE_WITH_KNOTS((3,2,2,2,3),(0.78125,0.791666666666667,0.8125,0.833333333333333,0.84375),.UNSPECIFIED.)RATIONAL_B_SPLINE_CURVE((0.93301270189222,0.93301270189222,1.0,0.866025403784439,1.0,0.866025403784439,1.0,0.933012701892219,0.93301270189222))BOUNDED_CURVE()REPRESENTATION_ITEM('')GEOMETRIC_REPRESENTATION_ITEM()CURVE());
#7964=VERTEX_POINT('',#10064);
#7965=VERTEX_POINT('',#10065);
#7966=LINE('',#10066,#10067);
#7967=(B_SPLINE_CURVE(2,(#10069,#10070,#10071,#10072,#10073,#10074,#10075,#10076,#10077),.UNSPECIFIED.,.F.,.F.)B_SPLINE_CURVE_WITH_KNOTS((3,2,2,2,3),(0.71875,0.729166666666667,0.75,0.770833333333333,0.78125),.UNSPECIFIED.)RATIONAL_B_SPLINE_CURVE((0.93301270189222,0.93301270189222,1.0,0.866025403784439,1.0,0.866025403784439,1.0,0.933012701892219,0.93301270189222))BOUNDED_CURVE()REPRESENTATION_ITEM('')GEOMETRIC_REPRESENTATION_ITEM()CURVE());
#7968=(B_SPLINE_CURVE(2,(#10085,#10086,#10087,#10088,#10089,#10090,#10091,#10092,#10093),.UNSPECIFIED.,.F.,.F.)B_SPLINE_CURVE_WITH_KNOTS((3,2,2,2,3),(0.71875,0.729166666666667,0.75,0.770833333333333,0.78125),.UNSPECIFIED.)RATIONAL_B_SPLINE_CURVE((0.93301270189222,0.93301270189222,1.0,0.866025403784439,1.0,0.866025403784439,1.0,0.933012701892219,0.93301270189222))BOUNDED_CURVE()REPRESENTATION_ITEM('')GEOMETRIC_REPRESENTATION_ITEM()CURVE());
#7969=VERTEX_POINT('',#10100);
#7970=(B_SPLINE_CURVE(2,(#10102,#10103,#10104,#10105,#10106,#10107,#10108,#10109,#10110),.UNSPECIFIED.,.F.,.F.)B_SPLINE_CURVE_WITH_KNOTS((3,2,2,2,3),(0.65625,0.666666666666667,0.6875,0.708333333333333,0.71875),.UNSPECIFIED.)RATIONAL_B_SPLINE_CURVE((0.93301270189222,0.93301270189222,1.0,0.866025403784439,1.0,0.866025403784439,1.0,0.933012701892219,0.93301270189222))BOUNDED_CURVE()REPRESENTATION_ITEM('')GEOMETRIC_REPRESENTATION_ITEM()CURVE());
#7971=VERTEX_POINT('',#10117);
#7972=LINE('',#10118,#10119);
#7973=(B_SPLINE_CURVE(2,(#10121,#10122,#10123,#10124,#10125,#10126,#10127,#10128,#10129),.UNSPECIFIED.,.F.,.F.)B_SPLINE_CURVE_WITH_KNOTS((3,2,2,2,3),(0.65625,0.666666666666667,0.6875,0.708333333333333,0.71875),.UNSPECIFIED.)RATIONAL_B_SPLINE_CURVE((0.93301270189222,0.93301270189222,1.0,0.866025403784439,1.0,0.866025403784439,1.0,0.933012701892219,0.93301270189222))BOUNDED_CURVE()REPRESENTATION_ITEM('')GEOMETRIC_REPRESENTATION_ITEM()CURVE());
#7974=VERTEX_POINT('',#10136);
#7975=VERTEX_POINT('',#10137);
#7976=LINE('',#10138,#10139);
#7977=(B_SPLINE_CURVE(2,(#10141,#10142,#10143,#10144,#10145,#10146,#10147,#10148,#10149),.UNSPECIFIED.,.F.,.F.)B_SPLINE_CURVE_WITH_KNOTS((3,2,2,2,3),(0.59375,0.604166666666667,0.625,0.645833333333333,0.65625),.UNSPECIFIED.)RATIONAL_B_SPLINE_CURVE((0.93301270189222,0.93301270189222,1.0,0.866025403784439,1.0,0.866025403784439,1.0,0.933012701892219,0.93301270189222))BOUNDED_CURVE()REPRESENTATION_ITEM('')GEOMETRIC_REPRESENTATION_ITEM()CURVE());
#7978=(B_SPLINE_CURVE(2,(#10157,#10158,#10159,#10160,#10161,#10162,#10163,#10164,#10165),.UNSPECIFIED.,.F.,.F.)B_SPLINE_CURVE_WITH_KNOTS((3,2,2,2,3),(0.59375,0.604166666666667,0.625,0.645833333333333,0.65625),.UNSPECIFIED.)RATIONAL_B_SPLINE_CURVE((0.93301270189222,0.93301270189222,1.0,0.866025403784439,1.0,0.866025403784439,1.0,0.933012701892219,0.93301270189222))BOUNDED_CURVE()REPRESENTATION_ITEM('')GEOMETRIC_REPRESENTATION_ITEM()CURVE());
#7979=VERTEX_POINT('',#10172);
#7980=(B_SPLINE_CURVE(2,(#10174,#10175,#10176,#10177,#10178,#10179,#10180,#10181,#10182),.UNSPECIFIED.,.F.,.F.)B_SPLINE_CURVE_WITH_KNOTS((3,2,2,2,3),(0.53125,0.541666666666667,0.5625,0.583333333333333,0.59375),.UNSPECIFIED.)RATIONAL_B_SPLINE_CURVE((0.93301270189222,0.93301270189222,1.0,0.866025403784439,1.0,0.866025403784439,1.0,0.933012701892219,0.93301270189222))BOUNDED_CURVE()REPRESENTATION_ITEM('')GEOMETRIC_REPRESENTATION_ITEM()CURVE());
#7981=VERTEX_POINT('',#10189);
#7982=LINE('',#10190,#10191);
#7983=(B_SPLINE_CURVE(2,(#10193,#10194,#10195,#10196,#10197,#10198,#10199,#10200,#10201),.UNSPECIFIED.,.F.,.F.)B_SPLINE_CURVE_WITH_KNOTS((3,2,2,2,3),(0.53125,0.541666666666667,0.5625,0.583333333333333,0.59375),.UNSPECIFIED.)RATIONAL_B_SPLINE_CURVE((0.93301270189222,0.93301270189222,1.0,0.866025403784439,1.0,0.866025403784439,1.0,0.933012701892219,0.93301270189222))BOUNDED_CURVE()REPRESENTATION_ITEM('')GEOMETRIC_REPRESENTATION_ITEM()CURVE());
#7984=VERTEX_POINT('',#10208);
#7985=VERTEX_POINT('',#10209);
#7986=LINE('',#10210,#10211);
#7987=(B_SPLINE_CURVE(2,(#10213,#10214,#10215,#10216,#10217,#10218,#10219,#10220,#10221),.UNSPECIFIED.,.F.,.F.)B_SPLINE_CURVE_WITH_KNOTS((3,2,2,2,3),(0.46875,0.479166666666667,0.5,0.520833333333333,0.53125),.UNSPECIFIED.)RATIONAL_B_SPLINE_CURVE((0.93301270189222,0.93301270189222,1.0,0.866025403784439,1.0,0.866025403784439,1.0,0.933012701892219,0.93301270189222))BOUNDED_CURVE()REPRESENTATION_ITEM('')GEOMETRIC_REPRESENTATION_ITEM()CURVE());
#7988=(B_SPLINE_CURVE(2,(#10229,#10230,#10231,#10232,#10233,#10234,#10235,#10236,#10237),.UNSPECIFIED.,.F.,.F.)B_SPLINE_CURVE_WITH_KNOTS((3,2,2,2,3),(0.46875,0.479166666666667,0.5,0.520833333333333,0.53125),.UNSPECIFIED.)RATIONAL_B_SPLINE_CURVE((0.93301270189222,0.93301270189222,1.0,0.866025403784439,1.0,0.866025403784439,1.0,0.933012701892219,0.93301270189222))BOUNDED_CURVE()REPRESENTATION_ITEM('')GEOMETRIC_REPRESENTATION_ITEM()CURVE());
#7989=VERTEX_POINT('',#10244);
#7990=(B_SPLINE_CURVE(2,(#10246,#10247,#10248,#10249,#10250,#10251,#10252,#10253,#10254),.UNSPECIFIED.,.F.,.F.)B_SPLINE_CURVE_WITH_KNOTS((3,2,2,2,3),(0.40625,0.416666666666666,0.4375,0.458333333333333,0.46875),.UNSPECIFIED.)RATIONAL_B_SPLINE_CURVE((0.933012701892219,0.93301270189222,1.0,0.866025403784439,1.0,0.866025403784439,1.0,0.933012701892219,0.93301270189222))BOUNDED_CURVE()REPRESENTATION_ITEM('')GEOMETRIC_REPRESENTATION_ITEM()CURVE());
#7991=VERTEX_POINT('',#10261);
#7992=LINE('',#10262,#10263);
#7993=(B_SPLINE_CURVE(2,(#10265,#10266,#10267,#10268,#10269,#10270,#10271,#10272,#10273),.UNSPECIFIED.,.F.,.F.)B_SPLINE_CURVE_WITH_KNOTS((3,2,2,2,3),(0.40625,0.416666666666666,0.4375,0.458333333333333,0.46875),.UNSPECIFIED.)RATIONAL_B_SPLINE_CURVE((0.933012701892219,0.93301270189222,1.0,0.866025403784439,1.0,0.866025403784439,1.0,0.933012701892219,0.93301270189222))BOUNDED_CURVE()REPRESENTATION_ITEM('')GEOMETRIC_REPRESENTATION_ITEM()CURVE());
#7994=VERTEX_POINT('',#10280);
#7995=VERTEX_POINT('',#10281);
#7996=LINE('',#10282,#10283);
#7997=(B_SPLINE_CURVE(2,(#10285,#10286,#10287,#10288,#10289,#10290,#10291,#10292,#10293),.UNSPECIFIED.,.F.,.F.)B_SPLINE_CURVE_WITH_KNOTS((3,2,2,2,3),(0.34375,0.354166666666666,0.375,0.395833333333334,0.40625),.UNSPECIFIED.)RATIONAL_B_SPLINE_CURVE((0.933012701892219,0.93301270189222,1.0,0.866025403784439,1.0,0.866025403784439,1.0,0.933012701892219,0.933012701892219))BOUNDED_CURVE()REPRESENTATION_ITEM('')GEOMETRIC_REPRESENTATION_ITEM()CURVE());
#7998=(B_SPLINE_CURVE(2,(#10301,#10302,#10303,#10304,#10305,#10306,#10307,#10308,#10309),.UNSPECIFIED.,.F.,.F.)B_SPLINE_CURVE_WITH_KNOTS((3,2,2,2,3),(0.34375,0.354166666666666,0.375,0.395833333333334,0.40625),.UNSPECIFIED.)RATIONAL_B_SPLINE_CURVE((0.933012701892219,0.93301270189222,1.0,0.866025403784439,1.0,0.866025403784439,1.0,0.933012701892219,0.933012701892219))BOUNDED_CURVE()REPRESENTATION_ITEM('')GEOMETRIC_REPRESENTATION_ITEM()CURVE());
#7999=VERTEX_POINT('',#10316);
#8000=(B_SPLINE_CURVE(2,(#10318,#10319,#10320,#10321,#10322,#10323,#10324,#10325,#10326),.UNSPECIFIED.,.F.,.F.)B_SPLINE_CURVE_WITH_KNOTS((3,2,2,2,3),(0.28125,0.291666666666666,0.3125,0.333333333333334,0.34375),.UNSPECIFIED.)RATIONAL_B_SPLINE_CURVE((0.933012701892219,0.93301270189222,1.0,0.866025403784439,1.0,0.866025403784439,1.0,0.933012701892219,0.933012701892219))BOUNDED_CURVE()REPRESENTATION_ITEM('')GEOMETRIC_REPRESENTATION_ITEM()CURVE());
#8001=VERTEX_POINT('',#10333);
#8002=LINE('',#10334,#10335);
#8003=(B_SPLINE_CURVE(2,(#10337,#10338,#10339,#10340,#10341,#10342,#10343,#10344,#10345),.UNSPECIFIED.,.F.,.F.)B_SPLINE_CURVE_WITH_KNOTS((3,2,2,2,3),(0.28125,0.291666666666666,0.3125,0.333333333333334,0.34375),.UNSPECIFIED.)RATIONAL_B_SPLINE_CURVE((0.933012701892219,0.93301270189222,1.0,0.866025403784439,1.0,0.866025403784439,1.0,0.933012701892219,0.933012701892219))BOUNDED_CURVE()REPRESENTATION_ITEM('')GEOMETRIC_REPRESENTATION_ITEM()CURVE());
#8004=VERTEX_POINT('',#10352);
#8005=VERTEX_POINT('',#10353);
#8006=LINE('',#10354,#10355);
#8007=VERTEX_POINT('',#10356);
#8008=(B_SPLINE_CURVE(2,(#10358,#10359,#10360,#10361,#10362,#10363,#10364,#10365,#10366),.UNSPECIFIED.,.F.,.F.)B_SPLINE_CURVE_WITH_KNOTS((3,2,2,2,3),(0.102610595346803,0.104166666666667,0.125,0.145833333333333,0.15625),.UNSPECIFIED.)RATIONAL_B_SPLINE_CURVE((0.981481330722853,0.989993246715457,1.0,0.866025403784439,1.0,0.866025403784439,1.0,0.933012701892219,0.93301270189222))BOUNDED_CURVE()REPRESENTATION_ITEM('')GEOMETRIC_REPRESENTATION_ITEM()CURVE());
#8009=VERTEX_POINT('',#10373);
#8010=LINE('',#10374,#10375);
#8011=VERTEX_POINT('',#10376);
#8012=(B_SPLINE_CURVE(2,(#10378,#10379,#10380,#10381,#10382),.UNSPECIFIED.,.F.,.F.)B_SPLINE_CURVE_WITH_KNOTS((3,2,3),(0.102610595346803,0.104166666666667,0.115809189059125),.UNSPECIFIED.)RATIONAL_B_SPLINE_CURVE((0.981481330722853,0.989993246715457,1.0,0.925129492649908,0.9339404149022))BOUNDED_CURVE()REPRESENTATION_ITEM('')GEOMETRIC_REPRESENTATION_ITEM()CURVE());
#8013=VERTEX_POINT('',#10389);
#8014=LINE('',#10390,#10391);
#8015=VERTEX_POINT('',#10392);
#8016=CIRCLE('',#10393,4.5);
#8017=VERTEX_POINT('',#10394);
#8018=LINE('',#10395,#10396);
#8019=(B_SPLINE_CURVE(2,(#10398,#10399,#10400,#10401,#10402),.UNSPECIFIED.,.F.,.F.)B_SPLINE_CURVE_WITH_KNOTS((3,2,3),(0.134190810940875,0.145833333333333,0.15625),.UNSPECIFIED.)RATIONAL_B_SPLINE_CURVE((0.9339404149022,0.925129492649908,1.0,0.933012701892219,0.93301270189222))BOUNDED_CURVE()REPRESENTATION_ITEM('')GEOMETRIC_REPRESENTATION_ITEM()CURVE());
#8020=VERTEX_POINT('',#10409);
#8021=VERTEX_POINT('',#10410);
#8022=LINE('',#10411,#10412);
#8023=(B_SPLINE_CURVE(2,(#10414,#10415,#10416,#10417,#10418,#10419,#10420,#10421,#10422),.UNSPECIFIED.,.F.,.F.)B_SPLINE_CURVE_WITH_KNOTS((3,2,2,2,3),(0.21875,0.229166666666666,0.25,0.270833333333334,0.28125),.UNSPECIFIED.)RATIONAL_B_SPLINE_CURVE((0.933012701892219,0.933012701892219,1.0,0.866025403784439,1.0,0.866025403784439,1.0,0.933012701892219,0.933012701892219))BOUNDED_CURVE()REPRESENTATION_ITEM('')GEOMETRIC_REPRESENTATION_ITEM()CURVE());
#8024=(B_SPLINE_CURVE(2,(#10430,#10431,#10432,#10433,#10434,#10435,#10436,#10437,#10438),.UNSPECIFIED.,.F.,.F.)B_SPLINE_CURVE_WITH_KNOTS((3,2,2,2,3),(0.21875,0.229166666666666,0.25,0.270833333333334,0.28125),.UNSPECIFIED.)RATIONAL_B_SPLINE_CURVE((0.933012701892219,0.933012701892219,1.0,0.866025403784439,1.0,0.866025403784439,1.0,0.933012701892219,0.933012701892219))BOUNDED_CURVE()REPRESENTATION_ITEM('')GEOMETRIC_REPRESENTATION_ITEM()CURVE());
#8025=VERTEX_POINT('',#10445);
#8026=VERTEX_POINT('',#10446);
#8027=LINE('',#10447,#10448);
#8028=VERTEX_POINT('',#10449);
#8029=CIRCLE('',#10450,0.2);
#8030=VERTEX_POINT('',#10451);
#8031=LINE('',#10452,#10453);
#8032=CIRCLE('',#10454,0.2);
#8033=VERTEX_POINT('',#10455);
#8034=VERTEX_POINT('',#10456);
#8035=LINE('',#10457,#10458);
#8036=VERTEX_POINT('',#10459);
#8037=CIRCLE('',#10460,0.45);
#8038=VERTEX_POINT('',#10461);
#8039=LINE('',#10462,#10463);
#8040=CIRCLE('',#10464,0.45);
#8041=VERTEX_POINT('',#10465);
#8042=VERTEX_POINT('',#10466);
#8043=LINE('',#10467,#10468);
#8044=VERTEX_POINT('',#10469);
#8045=CIRCLE('',#10470,0.5);
#8046=VERTEX_POINT('',#10471);
#8047=LINE('',#10472,#10473);
#8048=CIRCLE('',#10474,0.5);
#8049=VERTEX_POINT('',#10475);
#8050=CIRCLE('',#10476,0.5);
#8051=VERTEX_POINT('',#10477);
#8052=LINE('',#10478,#10479);
#8053=CIRCLE('',#10480,0.5);
#8054=VERTEX_POINT('',#10481);
#8055=CIRCLE('',#10482,0.45);
#8056=VERTEX_POINT('',#10483);
#8057=LINE('',#10484,#10485);
#8058=CIRCLE('',#10486,0.45);
#8059=VERTEX_POINT('',#10487);
#8060=CIRCLE('',#10488,0.2);
#8061=VERTEX_POINT('',#10489);
#8062=LINE('',#10490,#10491);
#8063=CIRCLE('',#10492,0.2);
#8064=(B_SPLINE_CURVE(2,(#10494,#10495,#10496,#10497,#10498,#10499,#10500,#10501,#10502),.UNSPECIFIED.,.F.,.F.)B_SPLINE_CURVE_WITH_KNOTS((3,2,2,2,3),(0.15625,0.166666666666667,0.1875,0.208333333333334,0.21875),.UNSPECIFIED.)RATIONAL_B_SPLINE_CURVE((0.93301270189222,0.93301270189222,1.0,0.866025403784439,1.0,0.866025403784439,1.0,0.933012701892219,0.933012701892219))BOUNDED_CURVE()REPRESENTATION_ITEM('')GEOMETRIC_REPRESENTATION_ITEM()CURVE());
#8065=(B_SPLINE_CURVE(2,(#10510,#10511,#10512,#10513,#10514,#10515,#10516,#10517,#10518),.UNSPECIFIED.,.F.,.F.)B_SPLINE_CURVE_WITH_KNOTS((3,2,2,2,3),(0.15625,0.166666666666667,0.1875,0.208333333333334,0.21875),.UNSPECIFIED.)RATIONAL_B_SPLINE_CURVE((0.93301270189222,0.93301270189222,1.0,0.866025403784439,1.0,0.866025403784439,1.0,0.933012701892219,0.933012701892219))BOUNDED_CURVE()REPRESENTATION_ITEM('')GEOMETRIC_REPRESENTATION_ITEM()CURVE());
#8066=CIRCLE('',#10525,3.99);
#8067=CIRCLE('',#10526,3.79);
#8068=CIRCLE('',#10527,3.99);
#8069=CIRCLE('',#10528,3.0);
#8070=VERTEX_POINT('',#10529);
#8071=CIRCLE('',#10530,3.0);
#8072=VERTEX_POINT('',#10531);
#8073=LINE('',#10532,#10533);
#8074=CIRCLE('',#10534,3.0);
#8075=VERTEX_POINT('',#10535);
#8076=VERTEX_POINT('',#10536);
#8077=LINE('',#10537,#10538);
#8078=VERTEX_POINT('',#10539);
#8079=LINE('',#10540,#10541);
#8080=VERTEX_POINT('',#10542);
#8081=LINE('',#10543,#10544);
#8082=VERTEX_POINT('',#10545);
#8083=LINE('',#10546,#10547);
#8084=VERTEX_POINT('',#10548);
#8085=LINE('',#10549,#10550);
#8086=VERTEX_POINT('',#10551);
#8087=LINE('',#10552,#10553);
#8088=VERTEX_POINT('',#10554);
#8089=LINE('',#10555,#10556);
#8090=VERTEX_POINT('',#10557);
#8091=LINE('',#10558,#10559);
#8092=VERTEX_POINT('',#10560);
#8093=LINE('',#10561,#10562);
#8094=VERTEX_POINT('',#10563);
#8095=LINE('',#10564,#10565);
#8096=VERTEX_POINT('',#10566);
#8097=LINE('',#10567,#10568);
#8098=LINE('',#10569,#10570);
#8099=VERTEX_POINT('',#10571);
#8100=VERTEX_POINT('',#10572);
#8101=LINE('',#10573,#10574);
#8102=CIRCLE('',#10575,1.0);
#8103=VERTEX_POINT('',#10576);
#8104=CIRCLE('',#10577,1.0);
#8105=CIRCLE('',#10578,1.0);
#8106=VERTEX_POINT('',#10579);
#8107=VERTEX_POINT('',#10580);
#8108=LINE('',#10581,#10582);
#8109=VERTEX_POINT('',#10583);
#8110=LINE('',#10584,#10585);
#8111=VERTEX_POINT('',#10586);
#8112=LINE('',#10587,#10588);
#8113=VERTEX_POINT('',#10589);
#8114=LINE('',#10590,#10591);
#8115=VERTEX_POINT('',#10592);
#8116=LINE('',#10593,#10594);
#8117=VERTEX_POINT('',#10595);
#8118=LINE('',#10596,#10597);
#8119=VERTEX_POINT('',#10598);
#8120=LINE('',#10599,#10600);
#8121=VERTEX_POINT('',#10601);
#8122=LINE('',#10602,#10603);
#8123=VERTEX_POINT('',#10604);
#8124=LINE('',#10605,#10606);
#8125=VERTEX_POINT('',#10607);
#8126=LINE('',#10608,#10609);
#8127=LINE('',#10610,#10611);
#8128=VERTEX_POINT('',#10612);
#8129=LINE('',#10613,#10614);
#8130=VERTEX_POINT('',#10615);
#8131=LINE('',#10616,#10617);
#8132=VERTEX_POINT('',#10618);
#8133=LINE('',#10619,#10620);
#8134=VERTEX_POINT('',#10621);
#8135=LINE('',#10622,#10623);
#8136=VERTEX_POINT('',#10624);
#8137=LINE('',#10625,#10626);
#8138=VERTEX_POINT('',#10627);
#8139=LINE('',#10628,#10629);
#8140=VERTEX_POINT('',#10630);
#8141=LINE('',#10631,#10632);
#8142=VERTEX_POINT('',#10633);
#8143=LINE('',#10634,#10635);
#8144=VERTEX_POINT('',#10636);
#8145=LINE('',#10637,#10638);
#8146=VERTEX_POINT('',#10639);
#8147=LINE('',#10640,#10641);
#8148=LINE('',#10642,#10643);
#8149=VERTEX_POINT('',#10644);
#8150=CIRCLE('',#10645,1.0);
#8151=VERTEX_POINT('',#10646);
#8152=LINE('',#10647,#10648);
#8153=VERTEX_POINT('',#10649);
#8154=CIRCLE('',#10650,1.0);
#8155=CIRCLE('',#10651,1.0);
#8156=VERTEX_POINT('',#10652);
#8157=LINE('',#10653,#10654);
#8158=VERTEX_POINT('',#10655);
#8159=LINE('',#10656,#10657);
#8160=VERTEX_POINT('',#10658);
#8161=LINE('',#10659,#10660);
#8162=VERTEX_POINT('',#10661);
#8163=LINE('',#10662,#10663);
#8164=VERTEX_POINT('',#10664);
#8165=LINE('',#10665,#10666);
#8166=VERTEX_POINT('',#10667);
#8167=LINE('',#10668,#10669);
#8168=VERTEX_POINT('',#10670);
#8169=LINE('',#10671,#10672);
#8170=VERTEX_POINT('',#10673);
#8171=LINE('',#10674,#10675);
#8172=VERTEX_POINT('',#10676);
#8173=LINE('',#10677,#10678);
#8174=VERTEX_POINT('',#10679);
#8175=LINE('',#10680,#10681);
#8176=VERTEX_POINT('',#10682);
#8177=LINE('',#10683,#10684);
#8178=VERTEX_POINT('',#10685);
#8179=LINE('',#10686,#10687);
#8180=VERTEX_POINT('',#10688);
#8181=LINE('',#10689,#10690);
#8182=VERTEX_POINT('',#10691);
#8183=LINE('',#10692,#10693);
#8184=VERTEX_POINT('',#10694);
#8185=LINE('',#10695,#10696);
#8186=VERTEX_POINT('',#10697);
#8187=LINE('',#10698,#10699);
#8188=VERTEX_POINT('',#10700);
#8189=LINE('',#10701,#10702);
#8190=VERTEX_POINT('',#10703);
#8191=LINE('',#10704,#10705);
#8192=VERTEX_POINT('',#10706);
#8193=LINE('',#10707,#10708);
#8194=VERTEX_POINT('',#10709);
#8195=LINE('',#10710,#10711);
#8196=VERTEX_POINT('',#10712);
#8197=LINE('',#10713,#10714);
#8198=LINE('',#10715,#10716);
#8199=VERTEX_POINT('',#10717);
#8200=VERTEX_POINT('',#10718);
#8201=LINE('',#10719,#10720);
#8202=CIRCLE('',#10721,0.3);
#8203=VERTEX_POINT('',#10722);
#8204=LINE('',#10723,#10724);
#8205=VERTEX_POINT('',#10725);
#8206=LINE('',#10726,#10727);
#8207=VERTEX_POINT('',#10728);
#8208=LINE('',#10729,#10730);
#8209=VERTEX_POINT('',#10731);
#8210=LINE('',#10732,#10733);
#8211=VERTEX_POINT('',#10734);
#8212=LINE('',#10735,#10736);
#8213=VERTEX_POINT('',#10737);
#8214=LINE('',#10738,#10739);
#8215=VERTEX_POINT('',#10740);
#8216=LINE('',#10741,#10742);
#8217=LINE('',#10743,#10744);
#8218=VERTEX_POINT('',#10745);
#8219=CIRCLE('',#10746,0.3);
#8220=VERTEX_POINT('',#10747);
#8221=LINE('',#10748,#10749);
#8222=VERTEX_POINT('',#10750);
#8223=LINE('',#10751,#10752);
#8224=VERTEX_POINT('',#10753);
#8225=LINE('',#10754,#10755);
#8226=VERTEX_POINT('',#10756);
#8227=LINE('',#10757,#10758);
#8228=VERTEX_POINT('',#10759);
#8229=LINE('',#10760,#10761);
#8230=VERTEX_POINT('',#10762);
#8231=LINE('',#10763,#10764);
#8232=VERTEX_POINT('',#10765);
#8233=LINE('',#10766,#10767);
#8234=VERTEX_POINT('',#10768);
#8235=LINE('',#10769,#10770);
#8236=LINE('',#10771,#10772);
#8237=LINE('',#10773,#10774);
#8238=LINE('',#10775,#10776);
#8239=LINE('',#10777,#10778);
#8240=LINE('',#10779,#10780);
#8241=LINE('',#10781,#10782);
#8242=LINE('',#10783,#10784);
#8243=VERTEX_POINT('',#10785);
#8244=VERTEX_POINT('',#10786);
#8245=LINE('',#10787,#10788);
#8246=VERTEX_POINT('',#10789);
#8247=LINE('',#10790,#10791);
#8248=VERTEX_POINT('',#10792);
#8249=LINE('',#10793,#10794);
#8250=LINE('',#10795,#10796);
#8251=VERTEX_POINT('',#10797);
#8252=LINE('',#10798,#10799);
#8253=CIRCLE('',#10800,0.3);
#8254=VERTEX_POINT('',#10801);
#8255=CIRCLE('',#10802,0.6);
#8256=LINE('',#10803,#10804);
#8257=VERTEX_POINT('',#10805);
#8258=VERTEX_POINT('',#10806);
#8259=LINE('',#10807,#10808);
#8260=LINE('',#10809,#10810);
#8261=LINE('',#10811,#10812);
#8262=LINE('',#10813,#10814);
#8263=CIRCLE('',#10815,0.6);
#8264=CIRCLE('',#10816,0.3);
#8265=LINE('',#10817,#10818);
#8266=VERTEX_POINT('',#10819);
#8267=VERTEX_POINT('',#10820);
#8268=LINE('',#10821,#10822);
#8269=CIRCLE('',#10823,0.3);
#8270=VERTEX_POINT('',#10824);
#8271=LINE('',#10825,#10826);
#8272=VERTEX_POINT('',#10827);
#8273=LINE('',#10828,#10829);
#8274=VERTEX_POINT('',#10830);
#8275=LINE('',#10831,#10832);
#8276=VERTEX_POINT('',#10833);
#8277=LINE('',#10834,#10835);
#8278=VERTEX_POINT('',#10836);
#8279=LINE('',#10837,#10838);
#8280=VERTEX_POINT('',#10839);
#8281=LINE('',#10840,#10841);
#8282=VERTEX_POINT('',#10842);
#8283=LINE('',#10843,#10844);
#8284=LINE('',#10845,#10846);
#8285=VERTEX_POINT('',#10847);
#8286=CIRCLE('',#10848,0.3);
#8287=VERTEX_POINT('',#10849);
#8288=LINE('',#10850,#10851);
#8289=VERTEX_POINT('',#10852);
#8290=LINE('',#10853,#10854);
#8291=VERTEX_POINT('',#10855);
#8292=LINE('',#10856,#10857);
#8293=VERTEX_POINT('',#10858);
#8294=LINE('',#10859,#10860);
#8295=VERTEX_POINT('',#10861);
#8296=LINE('',#10862,#10863);
#8297=VERTEX_POINT('',#10864);
#8298=LINE('',#10865,#10866);
#8299=VERTEX_POINT('',#10867);
#8300=LINE('',#10868,#10869);
#8301=VERTEX_POINT('',#10870);
#8302=LINE('',#10871,#10872);
#8303=LINE('',#10873,#10874);
#8304=LINE('',#10875,#10876);
#8305=LINE('',#10877,#10878);
#8306=LINE('',#10879,#10880);
#8307=LINE('',#10881,#10882);
#8308=LINE('',#10883,#10884);
#8309=LINE('',#10885,#10886);
#8310=VERTEX_POINT('',#10887);
#8311=VERTEX_POINT('',#10888);
#8312=LINE('',#10889,#10890);
#8313=VERTEX_POINT('',#10891);
#8314=LINE('',#10892,#10893);
#8315=VERTEX_POINT('',#10894);
#8316=LINE('',#10895,#10896);
#8317=LINE('',#10897,#10898);
#8318=VERTEX_POINT('',#10899);
#8319=LINE('',#10900,#10901);
#8320=CIRCLE('',#10902,0.3);
#8321=VERTEX_POINT('',#10903);
#8322=CIRCLE('',#10904,0.6);
#8323=LINE('',#10905,#10906);
#8324=VERTEX_POINT('',#10907);
#8325=VERTEX_POINT('',#10908);
#8326=LINE('',#10909,#10910);
#8327=LINE('',#10911,#10912);
#8328=LINE('',#10913,#10914);
#8329=LINE('',#10915,#10916);
#8330=CIRCLE('',#10917,0.6);
#8331=CIRCLE('',#10918,0.3);
#8332=LINE('',#10919,#10920);
#8333=VERTEX_POINT('',#10921);
#8334=VERTEX_POINT('',#10922);
#8335=LINE('',#10923,#10924);
#8336=CIRCLE('',#10925,0.3);
#8337=VERTEX_POINT('',#10926);
#8338=LINE('',#10927,#10928);
#8339=VERTEX_POINT('',#10929);
#8340=LINE('',#10930,#10931);
#8341=VERTEX_POINT('',#10932);
#8342=LINE('',#10933,#10934);
#8343=VERTEX_POINT('',#10935);
#8344=LINE('',#10936,#10937);
#8345=VERTEX_POINT('',#10938);
#8346=LINE('',#10939,#10940);
#8347=VERTEX_POINT('',#10941);
#8348=LINE('',#10942,#10943);
#8349=VERTEX_POINT('',#10944);
#8350=LINE('',#10945,#10946);
#8351=LINE('',#10947,#10948);
#8352=VERTEX_POINT('',#10949);
#8353=CIRCLE('',#10950,0.3);
#8354=VERTEX_POINT('',#10951);
#8355=LINE('',#10952,#10953);
#8356=VERTEX_POINT('',#10954);
#8357=LINE('',#10955,#10956);
#8358=VERTEX_POINT('',#10957);
#8359=LINE('',#10958,#10959);
#8360=VERTEX_POINT('',#10960);
#8361=LINE('',#10961,#10962);
#8362=VERTEX_POINT('',#10963);
#8363=LINE('',#10964,#10965);
#8364=VERTEX_POINT('',#10966);
#8365=LINE('',#10967,#10968);
#8366=VERTEX_POINT('',#10969);
#8367=LINE('',#10970,#10971);
#8368=VERTEX_POINT('',#10972);
#8369=LINE('',#10973,#10974);
#8370=LINE('',#10975,#10976);
#8371=LINE('',#10977,#10978);
#8372=LINE('',#10979,#10980);
#8373=LINE('',#10981,#10982);
#8374=LINE('',#10983,#10984);
#8375=LINE('',#10985,#10986);
#8376=LINE('',#10987,#10988);
#8377=VERTEX_POINT('',#10989);
#8378=VERTEX_POINT('',#10990);
#8379=LINE('',#10991,#10992);
#8380=VERTEX_POINT('',#10993);
#8381=LINE('',#10994,#10995);
#8382=VERTEX_POINT('',#10996);
#8383=LINE('',#10997,#10998);
#8384=LINE('',#10999,#11000);
#8385=VERTEX_POINT('',#11001);
#8386=LINE('',#11002,#11003);
#8387=CIRCLE('',#11004,0.3);
#8388=VERTEX_POINT('',#11005);
#8389=CIRCLE('',#11006,0.6);
#8390=LINE('',#11007,#11008);
#8391=VERTEX_POINT('',#11009);
#8392=VERTEX_POINT('',#11010);
#8393=LINE('',#11011,#11012);
#8394=LINE('',#11013,#11014);
#8395=LINE('',#11015,#11016);
#8396=LINE('',#11017,#11018);
#8397=CIRCLE('',#11019,0.6);
#8398=CIRCLE('',#11020,0.3);
#8399=LINE('',#11021,#11022);
#8400=VERTEX_POINT('',#11023);
#8401=VERTEX_POINT('',#11024);
#8402=LINE('',#11025,#11026);
#8403=CIRCLE('',#11027,0.3);
#8404=VERTEX_POINT('',#11028);
#8405=LINE('',#11029,#11030);
#8406=VERTEX_POINT('',#11031);
#8407=LINE('',#11032,#11033);
#8408=VERTEX_POINT('',#11034);
#8409=LINE('',#11035,#11036);
#8410=VERTEX_POINT('',#11037);
#8411=LINE('',#11038,#11039);
#8412=VERTEX_POINT('',#11040);
#8413=LINE('',#11041,#11042);
#8414=VERTEX_POINT('',#11043);
#8415=LINE('',#11044,#11045);
#8416=VERTEX_POINT('',#11046);
#8417=LINE('',#11047,#11048);
#8418=LINE('',#11049,#11050);
#8419=VERTEX_POINT('',#11051);
#8420=CIRCLE('',#11052,0.3);
#8421=VERTEX_POINT('',#11053);
#8422=LINE('',#11054,#11055);
#8423=VERTEX_POINT('',#11056);
#8424=LINE('',#11057,#11058);
#8425=VERTEX_POINT('',#11059);
#8426=LINE('',#11060,#11061);
#8427=VERTEX_POINT('',#11062);
#8428=LINE('',#11063,#11064);
#8429=VERTEX_POINT('',#11065);
#8430=LINE('',#11066,#11067);
#8431=VERTEX_POINT('',#11068);
#8432=LINE('',#11069,#11070);
#8433=VERTEX_POINT('',#11071);
#8434=LINE('',#11072,#11073);
#8435=VERTEX_POINT('',#11074);
#8436=LINE('',#11075,#11076);
#8437=LINE('',#11077,#11078);
#8438=LINE('',#11079,#11080);
#8439=LINE('',#11081,#11082);
#8440=LINE('',#11083,#11084);
#8441=LINE('',#11085,#11086);
#8442=LINE('',#11087,#11088);
#8443=LINE('',#11089,#11090);
#8444=VERTEX_POINT('',#11091);
#8445=VERTEX_POINT('',#11092);
#8446=LINE('',#11093,#11094);
#8447=VERTEX_POINT('',#11095);
#8448=LINE('',#11096,#11097);
#8449=VERTEX_POINT('',#11098);
#8450=LINE('',#11099,#11100);
#8451=LINE('',#11101,#11102);
#8452=VERTEX_POINT('',#11103);
#8453=LINE('',#11104,#11105);
#8454=CIRCLE('',#11106,0.3);
#8455=VERTEX_POINT('',#11107);
#8456=CIRCLE('',#11108,0.6);
#8457=LINE('',#11109,#11110);
#8458=VERTEX_POINT('',#11111);
#8459=VERTEX_POINT('',#11112);
#8460=LINE('',#11113,#11114);
#8461=LINE('',#11115,#11116);
#8462=LINE('',#11117,#11118);
#8463=LINE('',#11119,#11120);
#8464=CIRCLE('',#11121,0.6);
#8465=CIRCLE('',#11122,0.3);
#8466=LINE('',#11123,#11124);
#8467=VERTEX_POINT('',#11125);
#8468=VERTEX_POINT('',#11126);
#8469=LINE('',#11127,#11128);
#8470=CIRCLE('',#11129,0.3);
#8471=VERTEX_POINT('',#11130);
#8472=LINE('',#11131,#11132);
#8473=VERTEX_POINT('',#11133);
#8474=LINE('',#11134,#11135);
#8475=VERTEX_POINT('',#11136);
#8476=LINE('',#11137,#11138);
#8477=VERTEX_POINT('',#11139);
#8478=LINE('',#11140,#11141);
#8479=VERTEX_POINT('',#11142);
#8480=LINE('',#11143,#11144);
#8481=VERTEX_POINT('',#11145);
#8482=LINE('',#11146,#11147);
#8483=VERTEX_POINT('',#11148);
#8484=LINE('',#11149,#11150);
#8485=LINE('',#11151,#11152);
#8486=VERTEX_POINT('',#11153);
#8487=CIRCLE('',#11154,0.3);
#8488=VERTEX_POINT('',#11155);
#8489=LINE('',#11156,#11157);
#8490=VERTEX_POINT('',#11158);
#8491=LINE('',#11159,#11160);
#8492=VERTEX_POINT('',#11161);
#8493=LINE('',#11162,#11163);
#8494=VERTEX_POINT('',#11164);
#8495=LINE('',#11165,#11166);
#8496=VERTEX_POINT('',#11167);
#8497=LINE('',#11168,#11169);
#8498=VERTEX_POINT('',#11170);
#8499=LINE('',#11171,#11172);
#8500=VERTEX_POINT('',#11173);
#8501=LINE('',#11174,#11175);
#8502=VERTEX_POINT('',#11176);
#8503=LINE('',#11177,#11178);
#8504=LINE('',#11179,#11180);
#8505=LINE('',#11181,#11182);
#8506=LINE('',#11183,#11184);
#8507=LINE('',#11185,#11186);
#8508=LINE('',#11187,#11188);
#8509=LINE('',#11189,#11190);
#8510=LINE('',#11191,#11192);
#8511=VERTEX_POINT('',#11193);
#8512=VERTEX_POINT('',#11194);
#8513=LINE('',#11195,#11196);
#8514=VERTEX_POINT('',#11197);
#8515=LINE('',#11198,#11199);
#8516=VERTEX_POINT('',#11200);
#8517=LINE('',#11201,#11202);
#8518=LINE('',#11203,#11204);
#8519=VERTEX_POINT('',#11205);
#8520=LINE('',#11206,#11207);
#8521=CIRCLE('',#11208,0.3);
#8522=VERTEX_POINT('',#11209);
#8523=CIRCLE('',#11210,0.6);
#8524=LINE('',#11211,#11212);
#8525=VERTEX_POINT('',#11213);
#8526=VERTEX_POINT('',#11214);
#8527=LINE('',#11215,#11216);
#8528=LINE('',#11217,#11218);
#8529=LINE('',#11219,#11220);
#8530=LINE('',#11221,#11222);
#8531=CIRCLE('',#11223,0.6);
#8532=CIRCLE('',#11224,0.3);
#8533=LINE('',#11225,#11226);
#8534=VERTEX_POINT('',#11227);
#8535=VERTEX_POINT('',#11228);
#8536=LINE('',#11229,#11230);
#8537=CIRCLE('',#11231,0.3);
#8538=VERTEX_POINT('',#11232);
#8539=LINE('',#11233,#11234);
#8540=VERTEX_POINT('',#11235);
#8541=LINE('',#11236,#11237);
#8542=VERTEX_POINT('',#11238);
#8543=LINE('',#11239,#11240);
#8544=VERTEX_POINT('',#11241);
#8545=LINE('',#11242,#11243);
#8546=VERTEX_POINT('',#11244);
#8547=LINE('',#11245,#11246);
#8548=VERTEX_POINT('',#11247);
#8549=LINE('',#11248,#11249);
#8550=VERTEX_POINT('',#11250);
#8551=LINE('',#11251,#11252);
#8552=LINE('',#11253,#11254);
#8553=VERTEX_POINT('',#11255);
#8554=CIRCLE('',#11256,0.3);
#8555=VERTEX_POINT('',#11257);
#8556=LINE('',#11258,#11259);
#8557=VERTEX_POINT('',#11260);
#8558=LINE('',#11261,#11262);
#8559=VERTEX_POINT('',#11263);
#8560=LINE('',#11264,#11265);
#8561=VERTEX_POINT('',#11266);
#8562=LINE('',#11267,#11268);
#8563=VERTEX_POINT('',#11269);
#8564=LINE('',#11270,#11271);
#8565=VERTEX_POINT('',#11272);
#8566=LINE('',#11273,#11274);
#8567=VERTEX_POINT('',#11275);
#8568=LINE('',#11276,#11277);
#8569=VERTEX_POINT('',#11278);
#8570=LINE('',#11279,#11280);
#8571=LINE('',#11281,#11282);
#8572=LINE('',#11283,#11284);
#8573=LINE('',#11285,#11286);
#8574=LINE('',#11287,#11288);
#8575=LINE('',#11289,#11290);
#8576=LINE('',#11291,#11292);
#8577=LINE('',#11293,#11294);
#8578=VERTEX_POINT('',#11295);
#8579=VERTEX_POINT('',#11296);
#8580=LINE('',#11297,#11298);
#8581=VERTEX_POINT('',#11299);
#8582=LINE('',#11300,#11301);
#8583=VERTEX_POINT('',#11302);
#8584=LINE('',#11303,#11304);
#8585=LINE('',#11305,#11306);
#8586=VERTEX_POINT('',#11307);
#8587=LINE('',#11308,#11309);
#8588=CIRCLE('',#11310,0.3);
#8589=VERTEX_POINT('',#11311);
#8590=CIRCLE('',#11312,0.6);
#8591=LINE('',#11313,#11314);
#8592=VERTEX_POINT('',#11315);
#8593=VERTEX_POINT('',#11316);
#8594=LINE('',#11317,#11318);
#8595=LINE('',#11319,#11320);
#8596=LINE('',#11321,#11322);
#8597=LINE('',#11323,#11324);
#8598=CIRCLE('',#11325,0.6);
#8599=CIRCLE('',#11326,0.3);
#8600=LINE('',#11327,#11328);
#8601=VERTEX_POINT('',#11329);
#8602=LINE('',#11330,#11331);
#8603=VERTEX_POINT('',#11332);
#8604=LINE('',#11333,#11334);
#8605=VERTEX_POINT('',#11335);
#8606=CIRCLE('',#11336,0.2);
#8607=VERTEX_POINT('',#11337);
#8608=LINE('',#11338,#11339);
#8609=CIRCLE('',#11340,0.2);
#8610=VERTEX_POINT('',#11341);
#8611=LINE('',#11342,#11343);
#8612=VERTEX_POINT('',#11344);
#8613=LINE('',#11345,#11346);
#8614=VERTEX_POINT('',#11347);
#8615=CIRCLE('',#11348,0.2);
#8616=VERTEX_POINT('',#11349);
#8617=LINE('',#11350,#11351);
#8618=CIRCLE('',#11352,0.2);
#8619=VERTEX_POINT('',#11353);
#8620=LINE('',#11354,#11355);
#8621=VERTEX_POINT('',#11356);
#8622=CIRCLE('',#11357,0.2);
#8623=VERTEX_POINT('',#11358);
#8624=LINE('',#11359,#11360);
#8625=VERTEX_POINT('',#11361);
#8626=CIRCLE('',#11362,0.2);
#8627=LINE('',#11363,#11364);
#8628=VERTEX_POINT('',#11365);
#8629=LINE('',#11366,#11367);
#8630=VERTEX_POINT('',#11368);
#8631=CIRCLE('',#11369,0.2);
#8632=VERTEX_POINT('',#11370);
#8633=LINE('',#11371,#11372);
#8634=VERTEX_POINT('',#11373);
#8635=CIRCLE('',#11374,0.2);
#8636=LINE('',#11375,#11376);
#8637=VERTEX_POINT('',#11377);
#8638=VERTEX_POINT('',#11378);
#8639=CIRCLE('',#11379,0.2);
#8640=LINE('',#11380,#11381);
#8641=VERTEX_POINT('',#11382);
#8642=CIRCLE('',#11383,0.5);
#8643=VERTEX_POINT('',#11384);
#8644=LINE('',#11385,#11386);
#8645=CIRCLE('',#11387,0.5);
#8646=VERTEX_POINT('',#11388);
#8647=LINE('',#11389,#11390);
#8648=VERTEX_POINT('',#11391);
#8649=CIRCLE('',#11392,0.2);
#8650=VERTEX_POINT('',#11393);
#8651=LINE('',#11394,#11395);
#8652=VERTEX_POINT('',#11396);
#8653=CIRCLE('',#11397,0.2);
#8654=VERTEX_POINT('',#11398);
#8655=LINE('',#11399,#11400);
#8656=VERTEX_POINT('',#11401);
#8657=LINE('',#11402,#11403);
#8658=VERTEX_POINT('',#11404);
#8659=CIRCLE('',#11405,0.2);
#8660=VERTEX_POINT('',#11406);
#8661=LINE('',#11407,#11408);
#8662=VERTEX_POINT('',#11409);
#8663=CIRCLE('',#11410,0.2);
#8664=VERTEX_POINT('',#11411);
#8665=LINE('',#11412,#11413);
#8666=VERTEX_POINT('',#11414);
#8667=CIRCLE('',#11415,0.2);
#8668=VERTEX_POINT('',#11416);
#8669=LINE('',#11417,#11418);
#8670=VERTEX_POINT('',#11419);
#8671=CIRCLE('',#11420,0.2);
#8672=VERTEX_POINT('',#11421);
#8673=LINE('',#11422,#11423);
#8674=VERTEX_POINT('',#11424);
#8675=LINE('',#11425,#11426);
#8676=VERTEX_POINT('',#11427);
#8677=CIRCLE('',#11428,0.2);
#8678=LINE('',#11429,#11430);
#8679=VERTEX_POINT('',#11431);
#8680=LINE('',#11432,#11433);
#8681=VERTEX_POINT('',#11434);
#8682=CIRCLE('',#11435,5.2);
#8683=VERTEX_POINT('',#11436);
#8684=LINE('',#11437,#11438);
#8685=VERTEX_POINT('',#11439);
#8686=CIRCLE('',#11440,0.2);
#8687=LINE('',#11441,#11442);
#8688=LINE('',#11443,#11444);
#8689=VERTEX_POINT('',#11445);
#8690=LINE('',#11446,#11447);
#8691=VERTEX_POINT('',#11448);
#8692=LINE('',#11449,#11450);
#8693=VERTEX_POINT('',#11451);
#8694=LINE('',#11452,#11453);
#8695=VERTEX_POINT('',#11454);
#8696=LINE('',#11455,#11456);
#8697=VERTEX_POINT('',#11457);
#8698=LINE('',#11458,#11459);
#8699=VERTEX_POINT('',#11460);
#8700=LINE('',#11461,#11462);
#8701=LINE('',#11463,#11464);
#8702=VERTEX_POINT('',#11465);
#8703=VERTEX_POINT('',#11466);
#8704=CIRCLE('',#11467,0.2);
#8705=LINE('',#11468,#11469);
#8706=VERTEX_POINT('',#11470);
#8707=LINE('',#11471,#11472);
#8708=VERTEX_POINT('',#11473);
#8709=CIRCLE('',#11474,0.2);
#8710=VERTEX_POINT('',#11475);
#8711=LINE('',#11476,#11477);
#8712=VERTEX_POINT('',#11478);
#8713=CIRCLE('',#11479,0.2);
#8714=VERTEX_POINT('',#11480);
#8715=LINE('',#11481,#11482);
#8716=VERTEX_POINT('',#11483);
#8717=LINE('',#11484,#11485);
#8718=VERTEX_POINT('',#11486);
#8719=CIRCLE('',#11487,0.2);
#8720=VERTEX_POINT('',#11488);
#8721=LINE('',#11489,#11490);
#8722=VERTEX_POINT('',#11491);
#8723=CIRCLE('',#11492,0.2);
#8724=VERTEX_POINT('',#11493);
#8725=LINE('',#11494,#11495);
#8726=VERTEX_POINT('',#11496);
#8727=CIRCLE('',#11497,0.2);
#8728=VERTEX_POINT('',#11498);
#8729=LINE('',#11499,#11500);
#8730=VERTEX_POINT('',#11501);
#8731=CIRCLE('',#11502,0.2);
#8732=VERTEX_POINT('',#11503);
#8733=LINE('',#11504,#11505);
#8734=VERTEX_POINT('',#11506);
#8735=LINE('',#11507,#11508);
#8736=VERTEX_POINT('',#11509);
#8737=CIRCLE('',#11510,0.2);
#8738=LINE('',#11511,#11512);
#8739=LINE('',#11513,#11514);
#8740=VERTEX_POINT('',#11515);
#8741=VERTEX_POINT('',#11516);
#8742=LINE('',#11517,#11518);
#8743=CIRCLE('',#11519,0.3);
#8744=VERTEX_POINT('',#11520);
#8745=CIRCLE('',#11521,0.3);
#8746=VERTEX_POINT('',#11522);
#8747=LINE('',#11523,#11524);
#8748=CIRCLE('',#11525,0.3);
#8749=CIRCLE('',#11526,0.3);
#8750=VERTEX_POINT('',#11527);
#8751=CIRCLE('',#11528,0.3);
#8752=VERTEX_POINT('',#11529);
#8753=LINE('',#11530,#11531);
#8754=CIRCLE('',#11532,0.3);
#8755=CIRCLE('',#11533,0.5);
#8756=LINE('',#11534,#11535);
#8757=LINE('',#11536,#11537);
#8758=VERTEX_POINT('',#11538);
#8759=CIRCLE('',#11539,0.3);
#8760=VERTEX_POINT('',#11540);
#8761=LINE('',#11541,#11542);
#8762=CIRCLE('',#11543,0.3);
#8763=CIRCLE('',#11544,0.5);
#8764=LINE('',#11545,#11546);
#8765=LINE('',#11547,#11548);
#8766=LINE('',#11549,#11550);
#8767=VERTEX_POINT('',#11551);
#8768=B_SPLINE_CURVE_WITH_KNOTS('',3,(#11552,#11553,#11554,#11555),.UNSPECIFIED.,.F.,.F.,(4,4),(3.05287160258663E-07,0.00124230564105672),.UNSPECIFIED.);
#8769=LINE('',#11556,#11557);
#8770=LINE('',#11558,#11559);
#8771=CIRCLE('',#11560,2.2);
#8772=VERTEX_POINT('',#11561);
#8773=CIRCLE('',#11562,0.3);
#8774=VERTEX_POINT('',#11563);
#8775=CIRCLE('',#11564,0.3);
#8776=LINE('',#11565,#11566);
#8777=VERTEX_POINT('',#11567);
#8778=VERTEX_POINT('',#11568);
#8779=B_SPLINE_CURVE_WITH_KNOTS('',3,(#11569,#11570,#11571,#11572),.UNSPECIFIED.,.F.,.F.,(4,4),(0.0,0.000174636319308086),.UNSPECIFIED.);
#8780=VERTEX_POINT('',#11573);
#8781=LINE('',#11574,#11575);
#8782=VERTEX_POINT('',#11576);
#8783=CIRCLE('',#11577,0.3);
#8784=VERTEX_POINT('',#11578);
#8785=LINE('',#11579,#11580);
#8786=CIRCLE('',#11581,0.3);
#8787=VERTEX_POINT('',#11582);
#8788=VERTEX_POINT('',#11583);
#8789=CIRCLE('',#11584,0.3);
#8790=VERTEX_POINT('',#11585);
#8791=LINE('',#11586,#11587);
#8792=VERTEX_POINT('',#11588);
#8793=B_SPLINE_CURVE_WITH_KNOTS('',3,(#11589,#11590,#11591,#11592),.UNSPECIFIED.,.F.,.F.,(4,4),(0.0,0.000174657183464234),.UNSPECIFIED.);
#8794=VERTEX_POINT('',#11593);
#8795=CIRCLE('',#11594,0.3);
#8796=LINE('',#11595,#11596);
#8797=VERTEX_POINT('',#11597);
#8798=VERTEX_POINT('',#11598);
#8799=CIRCLE('',#11599,0.3);
#8800=VERTEX_POINT('',#11600);
#8801=LINE('',#11601,#11602);
#8802=VERTEX_POINT('',#11603);
#8803=CIRCLE('',#11604,0.3);
#8804=LINE('',#11605,#11606);
#8805=VERTEX_POINT('',#11607);
#8806=VERTEX_POINT('',#11608);
#8807=CIRCLE('',#11609,0.3);
#8808=VERTEX_POINT('',#11610);
#8809=LINE('',#11611,#11612);
#8810=VERTEX_POINT('',#11613);
#8811=CIRCLE('',#11614,0.3);
#8812=LINE('',#11615,#11616);
#8813=VERTEX_POINT('',#11617);
#8814=CIRCLE('',#11618,0.3);
#8815=VERTEX_POINT('',#11619);
#8816=CIRCLE('',#11620,0.3);
#8817=LINE('',#11621,#11622);
#8818=VERTEX_POINT('',#11623);
#8819=CIRCLE('',#11624,0.3);
#8820=VERTEX_POINT('',#11625);
#8821=CIRCLE('',#11626,0.3);
#8822=LINE('',#11627,#11628);
#8823=VERTEX_POINT('',#11629);
#8824=CIRCLE('',#11630,0.3);
#8825=VERTEX_POINT('',#11631);
#8826=LINE('',#11632,#11633);
#8827=VERTEX_POINT('',#11634);
#8828=LINE('',#11635,#11636);
#8829=VERTEX_POINT('',#11637);
#8830=LINE('',#11638,#11639);
#8831=CIRCLE('',#11640,0.3);
#8832=VERTEX_POINT('',#11641);
#8833=VERTEX_POINT('',#11642);
#8834=CIRCLE('',#11643,0.3);
#8835=CIRCLE('',#11644,0.2);
#8836=CIRCLE('',#11645,0.5);
#8837=VERTEX_POINT('',#11646);
#8838=VERTEX_POINT('',#11647);
#8839=CIRCLE('',#11648,0.3);
#8840=LINE('',#11649,#11650);
#8841=LINE('',#11651,#11652);
#8842=VERTEX_POINT('',#11653);
#8843=CIRCLE('',#11654,0.3);
#8844=VERTEX_POINT('',#11655);
#8845=LINE('',#11656,#11657);
#8846=VERTEX_POINT('',#11658);
#8847=LINE('',#11659,#11660);
#8848=VERTEX_POINT('',#11661);
#8849=LINE('',#11662,#11663);
#8850=CIRCLE('',#11664,0.3);
#8851=VERTEX_POINT('',#11665);
#8852=VERTEX_POINT('',#11666);
#8853=CIRCLE('',#11667,0.3);
#8854=CIRCLE('',#11668,0.5);
#8855=CIRCLE('',#11669,0.2);
#8856=VERTEX_POINT('',#11670);
#8857=VERTEX_POINT('',#11671);
#8858=CIRCLE('',#11672,0.3);
#8859=LINE('',#11673,#11674);
#8860=LINE('',#11675,#11676);
#8861=VERTEX_POINT('',#11677);
#8862=CIRCLE('',#11678,0.3);
#8863=VERTEX_POINT('',#11679);
#8864=LINE('',#11680,#11681);
#8865=VERTEX_POINT('',#11682);
#8866=LINE('',#11683,#11684);
#8867=CIRCLE('',#11685,0.3);
#8868=VERTEX_POINT('',#11686);
#8869=CIRCLE('',#11687,0.3);
#8870=VERTEX_POINT('',#11688);
#8871=CIRCLE('',#11689,0.7);
#8872=CIRCLE('',#11690,0.7);
#8873=VERTEX_POINT('',#11691);
#8874=CIRCLE('',#11692,0.3);
#8875=LINE('',#11693,#11694);
#8876=VERTEX_POINT('',#11695);
#8877=CIRCLE('',#11696,0.3);
#8878=VERTEX_POINT('',#11697);
#8879=LINE('',#11698,#11699);
#8880=VERTEX_POINT('',#11700);
#8881=LINE('',#11701,#11702);
#8882=CIRCLE('',#11703,0.3);
#8883=VERTEX_POINT('',#11704);
#8884=CIRCLE('',#11705,0.3);
#8885=VERTEX_POINT('',#11706);
#8886=CIRCLE('',#11707,0.7);
#8887=CIRCLE('',#11708,0.7);
#8888=VERTEX_POINT('',#11709);
#8889=CIRCLE('',#11710,0.3);
#8890=LINE('',#11711,#11712);
#8891=VERTEX_POINT('',#11713);
#8892=VERTEX_POINT('',#11714);
#8893=LINE('',#11715,#11716);
#8894=LINE('',#11717,#11718);
#8895=LINE('',#11719,#11720);
#8896=VERTEX_POINT('',#11721);
#8897=LINE('',#11722,#11723);
#8898=VERTEX_POINT('',#11724);
#8899=LINE('',#11725,#11726);
#8900=LINE('',#11727,#11728);
#8901=VERTEX_POINT('',#11729);
#8902=VERTEX_POINT('',#11730);
#8903=LINE('',#11731,#11732);
#8904=LINE('',#11733,#11734);
#8905=LINE('',#11735,#11736);
#8906=VERTEX_POINT('',#11737);
#8907=LINE('',#11738,#11739);
#8908=VERTEX_POINT('',#11740);
#8909=LINE('',#11741,#11742);
#8910=LINE('',#11743,#11744);
#8911=VERTEX_POINT('',#11745);
#8912=CIRCLE('',#11746,0.5);
#8913=VERTEX_POINT('',#11747);
#8914=LINE('',#11748,#11749);
#8915=CIRCLE('',#11750,0.5);
#8916=VERTEX_POINT('',#11751);
#8917=LINE('',#11752,#11753);
#8918=VERTEX_POINT('',#11754);
#8919=CIRCLE('',#11755,0.2);
#8920=VERTEX_POINT('',#11756);
#8921=LINE('',#11757,#11758);
#8922=VERTEX_POINT('',#11759);
#8923=CIRCLE('',#11760,5.2);
#8924=LINE('',#11761,#11762);
#8925=LINE('',#11763,#11764);
#8926=LINE('',#11765,#11766);
#8927=LINE('',#11767,#11768);
#8928=LINE('',#11769,#11770);
#8929=VERTEX_POINT('',#11771);
#8930=VERTEX_POINT('',#11772);
#8931=B_SPLINE_CURVE_WITH_KNOTS('',3,(#11773,#11774,#11775,#11776,#11777,#11778,#11779,#11780,#11781,#11782),.UNSPECIFIED.,.F.,.F.,(4,2,2,2,4),(1.97153612591711E-15,0.00080302855999225,0.00160605711998253,0.00240908567997281,0.00321211423996308),.UNSPECIFIED.);
#8932=B_SPLINE_CURVE_WITH_KNOTS('',3,(#11783,#11784,#11785,#11786,#11787,#11788,#11789,#11790,#11791,#11792,#11793,#11794,#11795,#11796,#11797,#11798,#11799,#11800,#11801,#11802,#11803,#11804),.UNSPECIFIED.,.F.,.F.,(4,2,2,2,2,2,2,2,2,2,4),(4.64706808835704E-17,0.00105457152224809,0.00210914304449614,0.00316371456674419,0.00369100032786821,0.00421828608899224,0.00527285761124028,0.00580014337236431,0.00632742913348833,0.00738200065573638,0.00843657217798443),.UNSPECIFIED.);
#8933=B_SPLINE_CURVE_WITH_KNOTS('',3,(#11805,#11806,#11807,#11808,#11809,#11810,#11811,#11812,#11813,#11814,#11815,#11816,#11817,#11818,#11819,#11820,#11821,#11822,#11823,#11824,#11825),.UNSPECIFIED.,.F.,.F.,(4,2,2,2,1,2,2,2,2,2,4),(5.01440867519083E-17,0.00105977530746907,0.00211955061493808,0.00264943826867259,0.0031793259224071,0.00370921357614161,0.00423910122987611,0.00529887653734513,0.00635865184481415,0.00741842715228316,0.00847820245975218),.UNSPECIFIED.);
#8934=VERTEX_POINT('',#11826);
#8935=VERTEX_POINT('',#11827);
#8936=B_SPLINE_CURVE_WITH_KNOTS('',3,(#11828,#11829,#11830,#11831,#11832,#11833,#11834),.UNSPECIFIED.,.F.,.F.,(4,3,4),(0.000184362997072945,0.000262072004514285,0.000515007082313155),.UNSPECIFIED.);
#8937=VERTEX_POINT('',#11835);
#8938=B_SPLINE_CURVE_WITH_KNOTS('',3,(#11836,#11837,#11838,#11839,#11840,#11841,#11842,#11843,#11844,#11845),.UNSPECIFIED.,.F.,.F.,(4,2,2,2,4),(0.0,0.000712363727826788,0.00142472745565358,0.00213709118348037,0.00284945491130715),.UNSPECIFIED.);
#8939=VERTEX_POINT('',#11846);
#8940=B_SPLINE_CURVE_WITH_KNOTS('',3,(#11847,#11848,#11849,#11850,#11851,#11852,#11853,#11854,#11855,#11856),.UNSPECIFIED.,.F.,.F.,(4,3,3,4),(0.0,0.000131036161550132,0.000262072269776117,0.000495721034982029),.UNSPECIFIED.);
#8941=(B_SPLINE_CURVE(2,(#11858,#11859,#11860,#11861,#11862),.UNSPECIFIED.,.F.,.F.)B_SPLINE_CURVE_WITH_KNOTS((3,2,3),(0.0411030750268384,0.0416666666666667,0.0523400370159616),.UNSPECIFIED.)RATIONAL_B_SPLINE_CURVE((0.992947425479225,0.99637566580593,1.0,0.931361896825315,0.933053383595257))BOUNDED_CURVE()REPRESENTATION_ITEM('')GEOMETRIC_REPRESENTATION_ITEM()CURVE());
#8942=VERTEX_POINT('',#11869);
#8943=VERTEX_POINT('',#11870);
#8944=B_SPLINE_CURVE_WITH_KNOTS('',3,(#11871,#11872,#11873,#11874),.UNSPECIFIED.,.F.,.F.,(4,4),(0.0,7.74719263812414E-05),.UNSPECIFIED.);
#8945=VERTEX_POINT('',#11875);
#8946=(B_SPLINE_CURVE(2,(#11877,#11878,#11879,#11880,#11881),.UNSPECIFIED.,.F.,.F.)B_SPLINE_CURVE_WITH_KNOTS((3,2,3),(0.0153187376636589,0.0208333333333334,0.0213969249731617),.UNSPECIFIED.)RATIONAL_B_SPLINE_CURVE((0.947847926328318,0.964536845049438,1.0,0.99637566580593,0.992947425479225))BOUNDED_CURVE()REPRESENTATION_ITEM('')GEOMETRIC_REPRESENTATION_ITEM()CURVE());
#8947=B_SPLINE_CURVE_WITH_KNOTS('',3,(#11888,#11889,#11890,#11891),.UNSPECIFIED.,.F.,.F.,(4,4),(0.0,0.00126653261127157),.UNSPECIFIED.);
#8948=VERTEX_POINT('',#11892);
#8949=VERTEX_POINT('',#11893);
#8950=LINE('',#11894,#11895);
#8951=VERTEX_POINT('',#11896);
#8952=(B_SPLINE_CURVE(2,(#11898,#11899,#11900,#11901,#11902),.UNSPECIFIED.,.F.,.F.)B_SPLINE_CURVE_WITH_KNOTS((3,2,3),(0.0716908109408748,0.0833333333333333,0.0848894046531967),.UNSPECIFIED.)RATIONAL_B_SPLINE_CURVE((0.9339404149022,0.925129492649908,1.0,0.989993246715457,0.981481330722853))BOUNDED_CURVE()REPRESENTATION_ITEM('')GEOMETRIC_REPRESENTATION_ITEM()CURVE());
#8953=VERTEX_POINT('',#11909);
#8954=LINE('',#11910,#11911);
#8955=CIRCLE('',#11912,4.5);
#8956=VERTEX_POINT('',#11913);
#8957=B_SPLINE_CURVE_WITH_KNOTS('',3,(#11914,#11915,#11916,#11917),.UNSPECIFIED.,.F.,.F.,(4,4),(0.000286439077277162,0.000510095121473968),.UNSPECIFIED.);
#8958=VERTEX_POINT('',#11918);
#8959=B_SPLINE_CURVE_WITH_KNOTS('',3,(#11919,#11920,#11921,#11922,#11923,#11924,#11925,#11926),.UNSPECIFIED.,.F.,.F.,(4,2,2,4),(0.0,0.000646523857134183,0.00129304771426837,0.00258609542853673),.UNSPECIFIED.);
#8960=B_SPLINE_CURVE_WITH_KNOTS('',3,(#11927,#11928,#11929,#11930,#11931,#11932,#11933),.UNSPECIFIED.,.F.,.F.,(4,3,4),(9.9902038198535E-17,0.000131035994931019,0.000386315567925707),.UNSPECIFIED.);
#8961=VERTEX_POINT('',#11934);
#8962=B_SPLINE_CURVE_WITH_KNOTS('',3,(#11935,#11936,#11937,#11938,#11939,#11940,#11941,#11942,#11943,#11944,#11945,#11946,#11947,#11948,#11949,#11950,#11951,#11952,#11953,#11954,#11955,#11956),.UNSPECIFIED.,.F.,.F.,(4,3,3,3,3,3,3,4),(0.0,2.01174650387756E-05,4.03775785605334E-05,5.85519241753928E-05,7.48562573931351E-05,9.07957086249108E-05,0.000107683798276924,0.000117138693704209),.UNSPECIFIED.);
#8963=VERTEX_POINT('',#11957);
#8964=(B_SPLINE_CURVE(2,(#11959,#11960,#11961,#11962,#11963),.UNSPECIFIED.,.F.,.F.)B_SPLINE_CURVE_WITH_KNOTS((3,2,3),(0.135159962984038,0.145833333333333,0.146396924973148),.UNSPECIFIED.)RATIONAL_B_SPLINE_CURVE((0.933053383595257,0.931361896825315,1.0,0.996375665806019,0.992947425479394))BOUNDED_CURVE()REPRESENTATION_ITEM('')GEOMETRIC_REPRESENTATION_ITEM()CURVE());
#8965=VERTEX_POINT('',#11970);
#8966=B_SPLINE_CURVE_WITH_KNOTS('',3,(#11971,#11972,#11973,#11974,#11975,#11976,#11977,#11978,#11979,#11980,#11981,#11982,#11983,#11984,#11985,#11986),.UNSPECIFIED.,.F.,.F.,(4,3,3,3,3,4),(3.94363543689312E-17,1.59683069380408E-05,3.19499321471115E-05,4.7831379690635E-05,6.47907566806937E-05,7.31177291577317E-05),.UNSPECIFIED.);
#8967=B_SPLINE_CURVE_WITH_KNOTS('',3,(#11987,#11988,#11989,#11990),.UNSPECIFIED.,.F.,.F.,(4,4),(3.94291999490672E-17,0.00106359305072679),.UNSPECIFIED.);
#8968=VERTEX_POINT('',#11991);
#8969=VERTEX_POINT('',#11992);
#8970=LINE('',#11993,#11994);
#8971=VERTEX_POINT('',#11995);
#8972=CIRCLE('',#11996,0.2);
#8973=VERTEX_POINT('',#11997);
#8974=LINE('',#11998,#11999);
#8975=VERTEX_POINT('',#12000);
#8976=CIRCLE('',#12001,0.2);
#8977=VERTEX_POINT('',#12002);
#8978=LINE('',#12003,#12004);
#8979=VERTEX_POINT('',#12005);
#8980=CIRCLE('',#12006,0.2);
#8981=VERTEX_POINT('',#12007);
#8982=LINE('',#12008,#12009);
#8983=CIRCLE('',#12010,0.2);
#8984=VERTEX_POINT('',#12011);
#8985=VERTEX_POINT('',#12012);
#8986=LINE('',#12013,#12014);
#8987=VERTEX_POINT('',#12015);
#8988=CIRCLE('',#12016,0.2);
#8989=VERTEX_POINT('',#12017);
#8990=LINE('',#12018,#12019);
#8991=CIRCLE('',#12020,0.2);
#8992=VERTEX_POINT('',#12021);
#8993=LINE('',#12022,#12023);
#8994=LINE('',#12024,#12025);
#8995=LINE('',#12026,#12027);
#8996=VERTEX_POINT('',#12028);
#8997=CIRCLE('',#12029,0.2);
#8998=LINE('',#12030,#12031);
#8999=VERTEX_POINT('',#12032);
#9000=LINE('',#12033,#12034);
#9001=LINE('',#12035,#12036);
#9002=VERTEX_POINT('',#12037);
#9003=CIRCLE('',#12038,0.2);
#9004=LINE('',#12039,#12040);
#9005=LINE('',#12041,#12042);
#9006=LINE('',#12043,#12044);
#9007=LINE('',#12045,#12046);
#9008=LINE('',#12047,#12048);
#9009=LINE('',#12049,#12050);
#9010=LINE('',#12051,#12052);
#9011=VERTEX_POINT('',#12053);
#9012=VERTEX_POINT('',#12054);
#9013=CIRCLE('',#12055,4.7);
#9014=VERTEX_POINT('',#12056);
#9015=LINE('',#12057,#12058);
#9016=VERTEX_POINT('',#12059);
#9017=CIRCLE('',#12060,4.7);
#9018=LINE('',#12061,#12062);
#9019=VERTEX_POINT('',#12063);
#9020=VERTEX_POINT('',#12064);
#9021=CIRCLE('',#12065,4.7);
#9022=VERTEX_POINT('',#12066);
#9023=LINE('',#12067,#12068);
#9024=VERTEX_POINT('',#12069);
#9025=CIRCLE('',#12070,4.7);
#9026=LINE('',#12071,#12072);
#9027=VERTEX_POINT('',#12073);
#9028=VERTEX_POINT('',#12074);
#9029=CIRCLE('',#12075,4.7);
#9030=VERTEX_POINT('',#12076);
#9031=LINE('',#12077,#12078);
#9032=VERTEX_POINT('',#12079);
#9033=CIRCLE('',#12080,4.7);
#9034=LINE('',#12081,#12082);
#9035=VERTEX_POINT('',#12083);
#9036=VERTEX_POINT('',#12084);
#9037=CIRCLE('',#12085,4.7);
#9038=VERTEX_POINT('',#12086);
#9039=LINE('',#12087,#12088);
#9040=VERTEX_POINT('',#12089);
#9041=CIRCLE('',#12090,4.7);
#9042=LINE('',#12091,#12092);
#9043=VERTEX_POINT('',#12093);
#9044=LINE('',#12094,#12095);
#9045=LINE('',#12096,#12097);
#9046=VERTEX_POINT('',#12098);
#9047=LINE('',#12099,#12100);
#9048=LINE('',#12101,#12102);
#9049=LINE('',#12103,#12104);
#9050=VERTEX_POINT('',#12105);
#9051=LINE('',#12106,#12107);
#9052=VERTEX_POINT('',#12108);
#9053=LINE('',#12109,#12110);
#9054=VERTEX_POINT('',#12111);
#9055=LINE('',#12112,#12113);
#9056=VERTEX_POINT('',#12114);
#9057=LINE('',#12115,#12116);
#9058=VERTEX_POINT('',#12117);
#9059=LINE('',#12118,#12119);
#9060=LINE('',#12120,#12121);
#9061=LINE('',#12122,#12123);
#9062=VERTEX_POINT('',#12124);
#9063=LINE('',#12125,#12126);
#9064=LINE('',#12127,#12128);
#9065=LINE('',#12129,#12130);
#9066=VERTEX_POINT('',#12131);
#9067=LINE('',#12132,#12133);
#9068=VERTEX_POINT('',#12134);
#9069=LINE('',#12135,#12136);
#9070=VERTEX_POINT('',#12137);
#9071=LINE('',#12138,#12139);
#9072=VERTEX_POINT('',#12140);
#9073=LINE('',#12141,#12142);
#9074=LINE('',#12143,#12144);
#9075=LINE('',#12145,#12146);
#9076=LINE('',#12147,#12148);
#9077=LINE('',#12149,#12150);
#9078=LINE('',#12151,#12152);
#9079=LINE('',#12153,#12154);
#9080=LINE('',#12155,#12156);
#9081=LINE('',#12157,#12158);
#9082=LINE('',#12159,#12160);
#9083=LINE('',#12161,#12162);
#9084=LINE('',#12163,#12164);
#9085=VERTEX_POINT('',#12165);
#9086=LINE('',#12166,#12167);
#9087=VERTEX_POINT('',#12168);
#9088=CIRCLE('',#12169,0.2);
#9089=VERTEX_POINT('',#12170);
#9090=LINE('',#12171,#12172);
#9091=VERTEX_POINT('',#12173);
#9092=LINE('',#12174,#12175);
#9093=LINE('',#12176,#12177);
#9094=LINE('',#12178,#12179);
#9095=VERTEX_POINT('',#12180);
#9096=LINE('',#12181,#12182);
#9097=LINE('',#12183,#12184);
#9098=VERTEX_POINT('',#12185);
#9099=LINE('',#12186,#12187);
#9100=VERTEX_POINT('',#12188);
#9101=LINE('',#12189,#12190);
#9102=VERTEX_POINT('',#12191);
#9103=LINE('',#12192,#12193);
#9104=CIRCLE('',#12194,0.2);
#9105=VERTEX_POINT('',#12195);
#9106=LINE('',#12196,#12197);
#9107=VERTEX_POINT('',#12198);
#9108=CIRCLE('',#12199,0.2);
#9109=VERTEX_POINT('',#12200);
#9110=LINE('',#12201,#12202);
#9111=VERTEX_POINT('',#12203);
#9112=LINE('',#12204,#12205);
#9113=LINE('',#12206,#12207);
#9114=LINE('',#12208,#12209);
#9115=VERTEX_POINT('',#12210);
#9116=LINE('',#12211,#12212);
#9117=LINE('',#12213,#12214);
#9118=VERTEX_POINT('',#12215);
#9119=LINE('',#12216,#12217);
#9120=VERTEX_POINT('',#12218);
#9121=LINE('',#12219,#12220);
#9122=VERTEX_POINT('',#12221);
#9123=LINE('',#12222,#12223);
#9124=CIRCLE('',#12224,0.2);
#9125=LINE('',#12225,#12226);
#9126=LINE('',#12227,#12228);
#9127=LINE('',#12229,#12230);
#9128=LINE('',#12231,#12232);
#9129=LINE('',#12233,#12234);
#9130=LINE('',#12235,#12236);
#9131=LINE('',#12237,#12238);
#9132=LINE('',#12239,#12240);
#9133=LINE('',#12241,#12242);
#9134=B_SPLINE_CURVE_WITH_KNOTS('',3,(#12243,#12244,#12245,#12246,#12247,#12248,#12249,#12250,#12251,#12252),.UNSPECIFIED.,.F.,.F.,(4,3,3,4),(0.0,0.000131036161550136,0.000262072269776122,0.000512500509736038),.UNSPECIFIED.);
#9135=LINE('',#12253,#12254);
#9136=VERTEX_POINT('',#12255);
#9137=LINE('',#12256,#12257);
#9138=LINE('',#12258,#12259);
#9139=B_SPLINE_CURVE_WITH_KNOTS('',3,(#12260,#12261,#12262,#12263,#12264,#12265,#12266,#12267,#12268,#12269),.UNSPECIFIED.,.F.,.F.,(4,3,3,4),(9.9902038198535E-17,0.000131035994931019,0.000262072005854449,0.000426402569830369),.UNSPECIFIED.);
#9140=LINE('',#12270,#12271);
#9141=VERTEX_POINT('',#12272);
#9142=LINE('',#12273,#12274);
#9143=B_SPLINE_CURVE_WITH_KNOTS('',3,(#12275,#12276,#12277,#12278,#12279,#12280,#12281,#12282,#12283,#12284,#12285,#12286,#12287,#12288,#12289,#12290,#12291,#12292,#12293),.UNSPECIFIED.,.F.,.F.,(4,3,3,3,3,3,4),(0.0,1.73576770593376E-05,3.48094642721409E-05,5.10890397792191E-05,6.69101825424088E-05,8.36422000100862E-05,9.44953253601609E-05),.UNSPECIFIED.);
#9144=VERTEX_POINT('',#12294);
#9145=LINE('',#12295,#12296);
#9146=B_SPLINE_CURVE_WITH_KNOTS('',3,(#12297,#12298,#12299,#12300,#12301,#12302,#12303),.UNSPECIFIED.,.F.,.F.,(4,3,4),(0.0,0.000131036004877216,0.00037032652799923),.UNSPECIFIED.);
#9147=VERTEX_POINT('',#12304);
#9148=B_SPLINE_CURVE_WITH_KNOTS('',3,(#12305,#12306,#12307,#12308),.UNSPECIFIED.,.F.,.F.,(4,4),(0.0,2.40284827794607E-05),.UNSPECIFIED.);
#9149=LINE('',#12309,#12310);
#9150=VERTEX_POINT('',#12311);
#9151=LINE('',#12312,#12313);
#9152=B_SPLINE_CURVE_WITH_KNOTS('',3,(#12314,#12315,#12316,#12317,#12318,#12319,#12320),.UNSPECIFIED.,.F.,.F.,(4,3,4),(0.0,0.000132446983700651,0.000264895032334635),.UNSPECIFIED.);
#9153=VERTEX_POINT('',#12321);
#9154=B_SPLINE_CURVE_WITH_KNOTS('',3,(#12322,#12323,#12324,#12325,#12326,#12327,#12328,#12329,#12330,#12331,#12332,#12333,#12334,#12335,#12336,#12337,#12338,#12339,#12340,#12341,#12342,#12343),.UNSPECIFIED.,.F.,.F.,(4,3,3,3,3,3,3,4),(0.0,2.01174650396618E-05,4.03775785623294E-05,5.85519241777797E-05,7.48562573957655E-05,9.07957086274501E-05,0.000107683798279121,0.000117138693704117),.UNSPECIFIED.);
#9155=VERTEX_POINT('',#12344);
#9156=B_SPLINE_CURVE_WITH_KNOTS('',3,(#12345,#12346,#12347,#12348),.UNSPECIFIED.,.F.,.F.,(4,4),(6.26803201331666E-15,0.000119040688925763),.UNSPECIFIED.);
#9157=LINE('',#12349,#12350);
#9158=B_SPLINE_CURVE_WITH_KNOTS('',3,(#12351,#12352,#12353,#12354,#12355,#12356,#12357,#12358,#12359,#12360),.UNSPECIFIED.,.F.,.F.,(4,2,2,2,4),(2.13563060504163E-18,0.00101329099792759,0.00202658199585519,0.00303987299378278,0.00405316399171037),.UNSPECIFIED.);
#9159=B_SPLINE_CURVE_WITH_KNOTS('',3,(#12361,#12362,#12363,#12364,#12365,#12366,#12367,#12368,#12369,#12370),.UNSPECIFIED.,.F.,.F.,(4,2,2,2,4),(0.0,0.00101533818272946,0.00203067636545893,0.00304601454818839,0.00406135273091786),.UNSPECIFIED.);
#9160=VERTEX_POINT('',#12371);
#9161=B_SPLINE_CURVE_WITH_KNOTS('',3,(#12372,#12373,#12374,#12375,#12376,#12377),.UNSPECIFIED.,.F.,.F.,(4,2,4),(0.0,0.000693361099541288,0.00138672219908258),.UNSPECIFIED.);
#9162=B_SPLINE_CURVE_WITH_KNOTS('',3,(#12378,#12379,#12380,#12381,#12382,#12383,#12384,#12385),.UNSPECIFIED.,.F.,.F.,(4,2,2,4),(0.0,0.00137879439661521,0.00206819159492282,0.00275758879323042),.UNSPECIFIED.);
#9163=(B_SPLINE_CURVE(2,(#12387,#12388,#12389,#12390,#12391,#12392,#12393,#12394,#12395,#12396,#12397,#12398,#12399,#12400,#12401,#12402,#12403,#12404,#12405,#12406,#12407,#12408,#12409,#12410,#12411,#12412,#12413,#12414,#12415,#12416,#12417,#12418,#12419,#12420,#12421,#12422,#12423,#12424,#12425,#12426,#12427,#12428,#12429,#12430,#12431,#12432,#12433,#12434,#12435,#12436,#12437,#12438,#12439,#12440,#12441,#12442,#12443,#12444,#12445,#12446,#12447,#12448,#12449,#12450,#12451,#12452,#12453,#12454,#12455,#12456,#12457,#12458,#12459,#12460,#12461),.UNSPECIFIED.,.F.,.F.)B_SPLINE_CURVE_WITH_KNOTS((3,2,2,2,2,2,2,2,2,2,2,2,2,2,2,2,2,2,2,2,2,2,2,2,2,2,2,2,2,2,2,2,2,2,2,2,2,3),(0.0658536646625465,0.0833333333333333,0.104166666666667,0.125,0.145833333333333,0.166666666666667,0.1875,0.208333333333333,0.229166666666666,0.25,0.270833333333334,0.291666666666666,0.3125,0.333333333333334,0.354166666666666,0.375,0.395833333333334,0.416666666666666,0.4375,0.458333333333333,0.479166666666667,0.5,0.520833333333333,0.541666666666667,0.5625,0.583333333333333,0.604166666666667,0.625,0.645833333333333,0.666666666666667,0.6875,0.708333333333333,0.729166666666667,0.75,0.770833333333333,0.791666666666667,0.8125,0.815853664662558),.UNSPECIFIED.)RATIONAL_B_SPLINE_CURVE((0.96381006873664,0.887592085496778,1.0,0.866025403784439,1.0,0.866025403784439,1.0,0.866025403784439,1.0,0.866025403784439,1.0,0.866025403784439,1.0,0.866025403784439,1.0,0.866025403784439,1.0,0.866025403784439,1.0,0.866025403784439,1.0,0.866025403784439,1.0,0.866025403784439,1.0,0.866025403784439,1.0,0.866025403784439,1.0,0.866025403784439,1.0,0.866025403784439,1.0,0.866025403784439,1.0,0.866025403784439,1.0,0.866025403784439,1.0,0.866025403784439,1.0,0.866025403784439,1.0,0.866025403784439,1.0,0.866025403784439,1.0,0.866025403784439,1.0,0.866025403784439,1.0,0.866025403784439,1.0,0.866025403784439,1.0,0.866025403784439,1.0,0.866025403784439,1.0,0.866025403784439,1.0,0.866025403784439,1.0,0.866025403784439,1.0,0.866025403784439,1.0,0.866025403784439,1.0,0.866025403784439,1.0,0.866025403784439,1.0,0.978433318287587,0.96381006873654))BOUNDED_CURVE()REPRESENTATION_ITEM('')GEOMETRIC_REPRESENTATION_ITEM()CURVE());
#9164=(B_SPLINE_CURVE(2,(#12469,#12470,#12471,#12472,#12473,#12474,#12475,#12476,#12477,#12478,#12479,#12480,#12481,#12482,#12483,#12484,#12485,#12486,#12487,#12488,#12489,#12490,#12491,#12492,#12493,#12494,#12495,#12496,#12497,#12498,#12499,#12500,#12501,#12502,#12503,#12504,#12505,#12506,#12507,#12508,#12509,#12510,#12511,#12512,#12513,#12514,#12515,#12516,#12517,#12518,#12519,#12520,#12521,#12522,#12523,#12524,#12525,#12526,#12527,#12528,#12529,#12530,#12531,#12532,#12533,#12534,#12535,#12536,#12537,#12538,#12539,#12540,#12541,#12542,#12543,#12544,#12545),.UNSPECIFIED.,.F.,.F.)B_SPLINE_CURVE_WITH_KNOTS((3,2,2,2,2,2,2,2,2,2,2,2,2,2,2,2,2,2,2,2,2,2,2,2,2,2,2,2,2,2,2,2,2,2,2,2,2,2,3),(0.166103075026851,0.166666666666667,0.1875,0.208333333333334,0.229166666666666,0.25,0.270833333333334,0.291666666666666,0.3125,0.333333333333334,0.354166666666666,0.375,0.395833333333334,0.416666666666666,0.4375,0.458333333333333,0.479166666666667,0.5,0.520833333333333,0.541666666666667,0.5625,0.583333333333333,0.604166666666667,0.625,0.645833333333333,0.666666666666667,0.6875,0.708333333333333,0.729166666666667,0.75,0.770833333333333,0.791666666666667,0.8125,0.833333333333333,0.854166666666667,0.875,0.895833333333333,0.916666666666667,0.925134672979839),.UNSPECIFIED.)RATIONAL_B_SPLINE_CURVE((0.992947425479385,0.996375665806014,1.0,0.866025403784439,1.0,0.866025403784439,1.0,0.866025403784439,1.0,0.866025403784439,1.0,0.866025403784439,1.0,0.866025403784439,1.0,0.866025403784439,1.0,0.866025403784439,1.0,0.866025403784439,1.0,0.866025403784439,1.0,0.866025403784439,1.0,0.866025403784439,1.0,0.866025403784439,1.0,0.866025403784439,1.0,0.866025403784439,1.0,0.866025403784439,1.0,0.866025403784439,1.0,0.866025403784439,1.0,0.866025403784439,1.0,0.866025403784439,1.0,0.866025403784439,1.0,0.866025403784439,1.0,0.866025403784439,1.0,0.866025403784439,1.0,0.866025403784439,1.0,0.866025403784439,1.0,0.866025403784439,1.0,0.866025403784439,1.0,0.866025403784439,1.0,0.866025403784439,1.0,0.866025403784439,1.0,0.866025403784439,1.0,0.866025403784439,1.0,0.866025403784439,1.0,0.866025403784439,1.0,0.866025403784439,1.0,0.945544109125214,0.935356969711269))BOUNDED_CURVE()REPRESENTATION_ITEM('')GEOMETRIC_REPRESENTATION_ITEM()CURVE());
#9165=LINE('',#12552,#12553);
#9166=LINE('',#12554,#12555);
#9167=VERTEX_POINT('',#12556);
#9168=VERTEX_POINT('',#12557);
#9169=CIRCLE('',#12558,0.4);
#9170=VERTEX_POINT('',#12559);
#9171=LINE('',#12560,#12561);
#9172=VERTEX_POINT('',#12562);
#9173=CIRCLE('',#12563,0.4);
#9174=VERTEX_POINT('',#12564);
#9175=LINE('',#12565,#12566);
#9176=LINE('',#12567,#12568);
#9177=VERTEX_POINT('',#12569);
#9178=VERTEX_POINT('',#12570);
#9179=CIRCLE('',#12571,0.4);
#9180=VERTEX_POINT('',#12572);
#9181=LINE('',#12573,#12574);
#9182=VERTEX_POINT('',#12575);
#9183=CIRCLE('',#12576,0.4);
#9184=VERTEX_POINT('',#12577);
#9185=LINE('',#12578,#12579);
#9186=LINE('',#12580,#12581);
#9187=VERTEX_POINT('',#12582);
#9188=VERTEX_POINT('',#12583);
#9189=CIRCLE('',#12584,0.4);
#9190=VERTEX_POINT('',#12585);
#9191=LINE('',#12586,#12587);
#9192=VERTEX_POINT('',#12588);
#9193=CIRCLE('',#12589,0.4);
#9194=VERTEX_POINT('',#12590);
#9195=LINE('',#12591,#12592);
#9196=LINE('',#12593,#12594);
#9197=VERTEX_POINT('',#12595);
#9198=VERTEX_POINT('',#12596);
#9199=CIRCLE('',#12597,0.4);
#9200=VERTEX_POINT('',#12598);
#9201=LINE('',#12599,#12600);
#9202=VERTEX_POINT('',#12601);
#9203=CIRCLE('',#12602,0.4);
#9204=VERTEX_POINT('',#12603);
#9205=LINE('',#12604,#12605);
#9206=LINE('',#12606,#12607);
#9207=VERTEX_POINT('',#12608);
#9208=VERTEX_POINT('',#12609);
#9209=CIRCLE('',#12610,0.4);
#9210=VERTEX_POINT('',#12611);
#9211=LINE('',#12612,#12613);
#9212=VERTEX_POINT('',#12614);
#9213=CIRCLE('',#12615,0.4);
#9214=LINE('',#12616,#12617);
#9215=VERTEX_POINT('',#12618);
#9216=CIRCLE('',#12619,0.4);
#9217=VERTEX_POINT('',#12620);
#9218=LINE('',#12621,#12622);
#9219=CIRCLE('',#12623,0.4);
#9220=VERTEX_POINT('',#12624);
#9221=CIRCLE('',#12625,0.4);
#9222=VERTEX_POINT('',#12626);
#9223=LINE('',#12627,#12628);
#9224=CIRCLE('',#12629,0.4);
#9225=VERTEX_POINT('',#12630);
#9226=VERTEX_POINT('',#12631);
#9227=CIRCLE('',#12632,0.4);
#9228=VERTEX_POINT('',#12633);
#9229=LINE('',#12634,#12635);
#9230=VERTEX_POINT('',#12636);
#9231=CIRCLE('',#12637,0.4);
#9232=LINE('',#12638,#12639);
#9233=VERTEX_POINT('',#12640);
#9234=LINE('',#12641,#12642);
#9235=VERTEX_POINT('',#12643);
#9236=CIRCLE('',#12644,0.2);
#9237=LINE('',#12645,#12646);
#9238=VERTEX_POINT('',#12647);
#9239=LINE('',#12648,#12649);
#9240=VERTEX_POINT('',#12650);
#9241=CIRCLE('',#12651,0.2);
#9242=LINE('',#12652,#12653);
#9243=VERTEX_POINT('',#12654);
#9244=LINE('',#12655,#12656);
#9245=VERTEX_POINT('',#12657);
#9246=CIRCLE('',#12658,0.2);
#9247=LINE('',#12659,#12660);
#9248=VERTEX_POINT('',#12661);
#9249=LINE('',#12662,#12663);
#9250=VERTEX_POINT('',#12664);
#9251=CIRCLE('',#12665,0.2);
#9252=LINE('',#12666,#12667);
#9253=VERTEX_POINT('',#12668);
#9254=VERTEX_POINT('',#12669);
#9255=CIRCLE('',#12670,0.2);
#9256=VERTEX_POINT('',#12671);
#9257=LINE('',#12672,#12673);
#9258=VERTEX_POINT('',#12674);
#9259=CIRCLE('',#12675,0.2);
#9260=LINE('',#12676,#12677);
#9261=VERTEX_POINT('',#12678);
#9262=VERTEX_POINT('',#12679);
#9263=CIRCLE('',#12680,0.2);
#9264=VERTEX_POINT('',#12681);
#9265=LINE('',#12682,#12683);
#9266=VERTEX_POINT('',#12684);
#9267=CIRCLE('',#12685,0.2);
#9268=LINE('',#12686,#12687);
#9269=VERTEX_POINT('',#12688);
#9270=VERTEX_POINT('',#12689);
#9271=CIRCLE('',#12690,0.2);
#9272=VERTEX_POINT('',#12691);
#9273=LINE('',#12692,#12693);
#9274=VERTEX_POINT('',#12694);
#9275=CIRCLE('',#12695,0.2);
#9276=LINE('',#12696,#12697);
#9277=VERTEX_POINT('',#12698);
#9278=VERTEX_POINT('',#12699);
#9279=CIRCLE('',#12700,0.2);
#9280=VERTEX_POINT('',#12701);
#9281=LINE('',#12702,#12703);
#9282=VERTEX_POINT('',#12704);
#9283=CIRCLE('',#12705,0.2);
#9284=LINE('',#12706,#12707);
#9285=VERTEX_POINT('',#12708);
#9286=LINE('',#12709,#12710);
#9287=VERTEX_POINT('',#12711);
#9288=CIRCLE('',#12712,0.2);
#9289=LINE('',#12713,#12714);
#9290=VERTEX_POINT('',#12715);
#9291=LINE('',#12716,#12717);
#9292=VERTEX_POINT('',#12718);
#9293=CIRCLE('',#12719,0.2);
#9294=LINE('',#12720,#12721);
#9295=VERTEX_POINT('',#12722);
#9296=VERTEX_POINT('',#12723);
#9297=CIRCLE('',#12724,0.2);
#9298=VERTEX_POINT('',#12725);
#9299=LINE('',#12726,#12727);
#9300=VERTEX_POINT('',#12728);
#9301=CIRCLE('',#12729,0.2);
#9302=LINE('',#12730,#12731);
#9303=VERTEX_POINT('',#12732);
#9304=LINE('',#12733,#12734);
#9305=VERTEX_POINT('',#12735);
#9306=LINE('',#12736,#12737);
#9307=LINE('',#12738,#12739);
#9308=LINE('',#12740,#12741);
#9309=LINE('',#12742,#12743);
#9310=LINE('',#12744,#12745);
#9311=LINE('',#12746,#12747);
#9312=LINE('',#12748,#12749);
#9313=VERTEX_POINT('',#12750);
#9314=LINE('',#12751,#12752);
#9315=LINE('',#12753,#12754);
#9316=VERTEX_POINT('',#12755);
#9317=VERTEX_POINT('',#12756);
#9318=CIRCLE('',#12757,0.2);
#9319=VERTEX_POINT('',#12758);
#9320=LINE('',#12759,#12760);
#9321=VERTEX_POINT('',#12761);
#9322=CIRCLE('',#12762,0.2);
#9323=LINE('',#12763,#12764);
#9324=VERTEX_POINT('',#12765);
#9325=VERTEX_POINT('',#12766);
#9326=CIRCLE('',#12767,0.6);
#9327=VERTEX_POINT('',#12768);
#9328=LINE('',#12769,#12770);
#9329=VERTEX_POINT('',#12771);
#9330=CIRCLE('',#12772,0.6);
#9331=LINE('',#12773,#12774);
#9332=VERTEX_POINT('',#12775);
#9333=VERTEX_POINT('',#12776);
#9334=LINE('',#12777,#12778);
#9335=LINE('',#12779,#12780);
#9336=LINE('',#12781,#12782);
#9337=VERTEX_POINT('',#12783);
#9338=VERTEX_POINT('',#12784);
#9339=CIRCLE('',#12785,0.2);
#9340=LINE('',#12786,#12787);
#9341=LINE('',#12788,#12789);
#9342=LINE('',#12790,#12791);
#9343=LINE('',#12792,#12793);
#9344=LINE('',#12794,#12795);
#9345=LINE('',#12796,#12797);
#9346=VERTEX_POINT('',#12798);
#9347=LINE('',#12799,#12800);
#9348=VERTEX_POINT('',#12801);
#9349=LINE('',#12802,#12803);
#9350=LINE('',#12804,#12805);
#9351=LINE('',#12806,#12807);
#9352=LINE('',#12808,#12809);
#9353=LINE('',#12810,#12811);
#9354=LINE('',#12812,#12813);
#9355=LINE('',#12814,#12815);
#9356=LINE('',#12816,#12817);
#9357=VERTEX_POINT('',#12818);
#9358=VERTEX_POINT('',#12819);
#9359=CIRCLE('',#12820,0.2);
#9360=VERTEX_POINT('',#12821);
#9361=LINE('',#12822,#12823);
#9362=VERTEX_POINT('',#12824);
#9363=CIRCLE('',#12825,0.2);
#9364=LINE('',#12826,#12827);
#9365=VERTEX_POINT('',#12828);
#9366=VERTEX_POINT('',#12829);
#9367=CIRCLE('',#12830,0.2);
#9368=VERTEX_POINT('',#12831);
#9369=LINE('',#12832,#12833);
#9370=VERTEX_POINT('',#12834);
#9371=CIRCLE('',#12835,0.2);
#9372=LINE('',#12836,#12837);
#9373=VERTEX_POINT('',#12838);
#9374=LINE('',#12839,#12840);
#9375=VERTEX_POINT('',#12841);
#9376=CIRCLE('',#12842,0.2);
#9377=LINE('',#12843,#12844);
#9378=VERTEX_POINT('',#12845);
#9379=LINE('',#12846,#12847);
#9380=VERTEX_POINT('',#12848);
#9381=CIRCLE('',#12849,0.2);
#9382=LINE('',#12850,#12851);
#9383=VERTEX_POINT('',#12852);
#9384=LINE('',#12853,#12854);
#9385=VERTEX_POINT('',#12855);
#9386=CIRCLE('',#12856,0.2);
#9387=LINE('',#12857,#12858);
#9388=VERTEX_POINT('',#12859);
#9389=LINE('',#12860,#12861);
#9390=VERTEX_POINT('',#12862);
#9391=CIRCLE('',#12863,0.2);
#9392=LINE('',#12864,#12865);
#9393=VERTEX_POINT('',#12866);
#9394=VERTEX_POINT('',#12867);
#9395=CIRCLE('',#12868,0.2);
#9396=VERTEX_POINT('',#12869);
#9397=LINE('',#12870,#12871);
#9398=VERTEX_POINT('',#12872);
#9399=CIRCLE('',#12873,0.2);
#9400=LINE('',#12874,#12875);
#9401=VERTEX_POINT('',#12876);
#9402=VERTEX_POINT('',#12877);
#9403=CIRCLE('',#12878,0.2);
#9404=VERTEX_POINT('',#12879);
#9405=LINE('',#12880,#12881);
#9406=VERTEX_POINT('',#12882);
#9407=CIRCLE('',#12883,0.2);
#9408=LINE('',#12884,#12885);
#9409=VERTEX_POINT('',#12886);
#9410=VERTEX_POINT('',#12887);
#9411=CIRCLE('',#12888,0.2);
#9412=VERTEX_POINT('',#12889);
#9413=LINE('',#12890,#12891);
#9414=VERTEX_POINT('',#12892);
#9415=CIRCLE('',#12893,0.2);
#9416=LINE('',#12894,#12895);
#9417=VERTEX_POINT('',#12896);
#9418=VERTEX_POINT('',#12897);
#9419=CIRCLE('',#12898,0.2);
#9420=VERTEX_POINT('',#12899);
#9421=LINE('',#12900,#12901);
#9422=VERTEX_POINT('',#12902);
#9423=CIRCLE('',#12903,0.2);
#9424=LINE('',#12904,#12905);
#9425=VERTEX_POINT('',#12906);
#9426=LINE('',#12907,#12908);
#9427=VERTEX_POINT('',#12909);
#9428=CIRCLE('',#12910,0.2);
#9429=LINE('',#12911,#12912);
#9430=VERTEX_POINT('',#12913);
#9431=LINE('',#12914,#12915);
#9432=VERTEX_POINT('',#12916);
#9433=CIRCLE('',#12917,0.2);
#9434=LINE('',#12918,#12919);
#9435=VERTEX_POINT('',#12920);
#9436=VERTEX_POINT('',#12921);
#9437=LINE('',#12922,#12923);
#9438=VERTEX_POINT('',#12924);
#9439=LINE('',#12925,#12926);
#9440=VERTEX_POINT('',#12927);
#9441=LINE('',#12928,#12929);
#9442=LINE('',#12930,#12931);
#9443=VERTEX_POINT('',#12932);
#9444=CIRCLE('',#12933,0.2);
#9445=VERTEX_POINT('',#12934);
#9446=LINE('',#12935,#12936);
#9447=CIRCLE('',#12937,0.2);
#9448=LINE('',#12938,#12939);
#9449=LINE('',#12940,#12941);
#9450=LINE('',#12942,#12943);
#9451=LINE('',#12944,#12945);
#9452=VERTEX_POINT('',#12946);
#9453=LINE('',#12947,#12948);
#9454=LINE('',#12949,#12950);
#9455=LINE('',#12951,#12952);
#9456=VERTEX_POINT('',#12953);
#9457=VERTEX_POINT('',#12954);
#9458=CIRCLE('',#12955,0.2);
#9459=VERTEX_POINT('',#12956);
#9460=LINE('',#12957,#12958);
#9461=VERTEX_POINT('',#12959);
#9462=CIRCLE('',#12960,0.2);
#9463=LINE('',#12961,#12962);
#9464=VERTEX_POINT('',#12963);
#9465=VERTEX_POINT('',#12964);
#9466=CIRCLE('',#12965,0.6);
#9467=VERTEX_POINT('',#12966);
#9468=LINE('',#12967,#12968);
#9469=VERTEX_POINT('',#12969);
#9470=CIRCLE('',#12970,0.6);
#9471=LINE('',#12971,#12972);
#9472=VERTEX_POINT('',#12973);
#9473=VERTEX_POINT('',#12974);
#9474=LINE('',#12975,#12976);
#9475=LINE('',#12977,#12978);
#9476=LINE('',#12979,#12980);
#9477=VERTEX_POINT('',#12981);
#9478=VERTEX_POINT('',#12982);
#9479=CIRCLE('',#12983,0.2);
#9480=LINE('',#12984,#12985);
#9481=LINE('',#12986,#12987);
#9482=LINE('',#12988,#12989);
#9483=LINE('',#12990,#12991);
#9484=LINE('',#12992,#12993);
#9485=LINE('',#12994,#12995);
#9486=LINE('',#12996,#12997);
#9487=VERTEX_POINT('',#12998);
#9488=LINE('',#12999,#13000);
#9489=LINE('',#13001,#13002);
#9490=LINE('',#13003,#13004);
#9491=VERTEX_POINT('',#13005);
#9492=LINE('',#13006,#13007);
#9493=LINE('',#13008,#13009);
#9494=LINE('',#13010,#13011);
#9495=LINE('',#13012,#13013);
#9496=LINE('',#13014,#13015);
#9497=LINE('',#13016,#13017);
#9498=VERTEX_POINT('',#13018);
#9499=CIRCLE('',#13019,0.5);
#9500=VERTEX_POINT('',#13020);
#9501=LINE('',#13021,#13022);
#9502=CIRCLE('',#13023,0.5);
#9503=LINE('',#13024,#13025);
#9504=LINE('',#13026,#13027);
#9505=VERTEX_POINT('',#13028);
#9506=LINE('',#13029,#13030);
#9507=VERTEX_POINT('',#13031);
#9508=CIRCLE('',#13032,0.0999999999999985);
#9509=LINE('',#13033,#13034);
#9510=VERTEX_POINT('',#13035);
#9511=LINE('',#13036,#13037);
#9512=VERTEX_POINT('',#13038);
#9513=CIRCLE('',#13039,0.45);
#9514=LINE('',#13040,#13041);
#9515=LINE('',#13042,#13043);
#9516=VERTEX_POINT('',#13044);
#9517=LINE('',#13045,#13046);
#9518=VERTEX_POINT('',#13047);
#9519=CIRCLE('',#13048,0.45);
#9520=LINE('',#13049,#13050);
#9521=VERTEX_POINT('',#13051);
#9522=LINE('',#13052,#13053);
#9523=VERTEX_POINT('',#13054);
#9524=CIRCLE('',#13055,0.0999999999999985);
#9525=LINE('',#13056,#13057);
#9526=LINE('',#13058,#13059);
#9527=LINE('',#13060,#13061);
#9528=LINE('',#13062,#13063);
#9529=LINE('',#13064,#13065);
#9530=LINE('',#13066,#13067);
#9531=LINE('',#13068,#13069);
#9532=LINE('',#13070,#13071);
#9533=LINE('',#13072,#13073);
#9534=LINE('',#13074,#13075);
#9535=VERTEX_POINT('',#13076);
#9536=LINE('',#13077,#13078);
#9537=LINE('',#13079,#13080);
#9538=LINE('',#13081,#13082);
#9539=LINE('',#13083,#13084);
#9540=VERTEX_POINT('',#13085);
#9541=LINE('',#13086,#13087);
#9542=LINE('',#13088,#13089);
#9543=VERTEX_POINT('',#13090);
#9544=VERTEX_POINT('',#13091);
#9545=CIRCLE('',#13092,0.2);
#9546=VERTEX_POINT('',#13093);
#9547=LINE('',#13094,#13095);
#9548=VERTEX_POINT('',#13096);
#9549=CIRCLE('',#13097,0.2);
#9550=LINE('',#13098,#13099);
#9551=VERTEX_POINT('',#13100);
#9552=VERTEX_POINT('',#13101);
#9553=CIRCLE('',#13102,0.2);
#9554=VERTEX_POINT('',#13103);
#9555=LINE('',#13104,#13105);
#9556=VERTEX_POINT('',#13106);
#9557=CIRCLE('',#13107,0.2);
#9558=LINE('',#13108,#13109);
#9559=VERTEX_POINT('',#13110);
#9560=LINE('',#13111,#13112);
#9561=VERTEX_POINT('',#13113);
#9562=CIRCLE('',#13114,0.2);
#9563=LINE('',#13115,#13116);
#9564=VERTEX_POINT('',#13117);
#9565=LINE('',#13118,#13119);
#9566=VERTEX_POINT('',#13120);
#9567=CIRCLE('',#13121,0.2);
#9568=LINE('',#13122,#13123);
#9569=VERTEX_POINT('',#13124);
#9570=LINE('',#13125,#13126);
#9571=VERTEX_POINT('',#13127);
#9572=CIRCLE('',#13128,0.2);
#9573=LINE('',#13129,#13130);
#9574=VERTEX_POINT('',#13131);
#9575=LINE('',#13132,#13133);
#9576=VERTEX_POINT('',#13134);
#9577=CIRCLE('',#13135,0.2);
#9578=LINE('',#13136,#13137);
#9579=VERTEX_POINT('',#13138);
#9580=VERTEX_POINT('',#13139);
#9581=CIRCLE('',#13140,0.2);
#9582=VERTEX_POINT('',#13141);
#9583=LINE('',#13142,#13143);
#9584=VERTEX_POINT('',#13144);
#9585=CIRCLE('',#13145,0.2);
#9586=LINE('',#13146,#13147);
#9587=VERTEX_POINT('',#13148);
#9588=VERTEX_POINT('',#13149);
#9589=CIRCLE('',#13150,0.2);
#9590=VERTEX_POINT('',#13151);
#9591=LINE('',#13152,#13153);
#9592=VERTEX_POINT('',#13154);
#9593=CIRCLE('',#13155,0.2);
#9594=LINE('',#13156,#13157);
#9595=VERTEX_POINT('',#13158);
#9596=LINE('',#13159,#13160);
#9597=VERTEX_POINT('',#13161);
#9598=CIRCLE('',#13162,0.2);
#9599=LINE('',#13163,#13164);
#9600=VERTEX_POINT('',#13165);
#9601=LINE('',#13166,#13167);
#9602=VERTEX_POINT('',#13168);
#9603=CIRCLE('',#13169,0.2);
#9604=LINE('',#13170,#13171);
#9605=VERTEX_POINT('',#13172);
#9606=VERTEX_POINT('',#13173);
#9607=LINE('',#13174,#13175);
#9608=VERTEX_POINT('',#13176);
#9609=LINE('',#13177,#13178);
#9610=VERTEX_POINT('',#13179);
#9611=LINE('',#13180,#13181);
#9612=LINE('',#13182,#13183);
#9613=VERTEX_POINT('',#13184);
#9614=CIRCLE('',#13185,0.2);
#9615=VERTEX_POINT('',#13186);
#9616=LINE('',#13187,#13188);
#9617=CIRCLE('',#13189,0.2);
#9618=LINE('',#13190,#13191);
#9619=LINE('',#13192,#13193);
#9620=LINE('',#13194,#13195);
#9621=LINE('',#13196,#13197);
#9622=LINE('',#13198,#13199);
#9623=VERTEX_POINT('',#13200);
#9624=LINE('',#13201,#13202);
#9625=LINE('',#13203,#13204);
#9626=LINE('',#13205,#13206);
#9627=LINE('',#13207,#13208);
#9628=LINE('',#13209,#13210);
#9629=LINE('',#13211,#13212);
#9630=LINE('',#13213,#13214);
#9631=LINE('',#13215,#13216);
#9632=LINE('',#13217,#13218);
#9633=VERTEX_POINT('',#13219);
#9634=VERTEX_POINT('',#13220);
#9635=CIRCLE('',#13221,0.2);
#9636=VERTEX_POINT('',#13222);
#9637=LINE('',#13223,#13224);
#9638=VERTEX_POINT('',#13225);
#9639=CIRCLE('',#13226,0.2);
#9640=LINE('',#13227,#13228);
#9641=VERTEX_POINT('',#13229);
#9642=VERTEX_POINT('',#13230);
#9643=CIRCLE('',#13231,0.6);
#9644=VERTEX_POINT('',#13232);
#9645=LINE('',#13233,#13234);
#9646=VERTEX_POINT('',#13235);
#9647=CIRCLE('',#13236,0.6);
#9648=LINE('',#13237,#13238);
#9649=VERTEX_POINT('',#13239);
#9650=VERTEX_POINT('',#13240);
#9651=LINE('',#13241,#13242);
#9652=LINE('',#13243,#13244);
#9653=LINE('',#13245,#13246);
#9654=VERTEX_POINT('',#13247);
#9655=VERTEX_POINT('',#13248);
#9656=CIRCLE('',#13249,0.2);
#9657=LINE('',#13250,#13251);
#9658=LINE('',#13252,#13253);
#9659=LINE('',#13254,#13255);
#9660=LINE('',#13256,#13257);
#9661=LINE('',#13258,#13259);
#9662=LINE('',#13260,#13261);
#9663=LINE('',#13262,#13263);
#9664=LINE('',#13264,#13265);
#9665=VERTEX_POINT('',#13266);
#9666=LINE('',#13267,#13268);
#9667=VERTEX_POINT('',#13269);
#9668=LINE('',#13270,#13271);
#9669=LINE('',#13272,#13273);
#9670=LINE('',#13274,#13275);
#9671=LINE('',#13276,#13277);
#9672=LINE('',#13278,#13279);
#9673=LINE('',#13280,#13281);
#9674=LINE('',#13282,#13283);
#9675=VERTEX_POINT('',#13284);
#9676=LINE('',#13285,#13286);
#9677=VERTEX_POINT('',#13287);
#9678=CIRCLE('',#13288,0.2);
#9679=LINE('',#13289,#13290);
#9680=VERTEX_POINT('',#13291);
#9681=LINE('',#13292,#13293);
#9682=VERTEX_POINT('',#13294);
#9683=CIRCLE('',#13295,0.2);
#9684=LINE('',#13296,#13297);
#9685=VERTEX_POINT('',#13298);
#9686=LINE('',#13299,#13300);
#9687=VERTEX_POINT('',#13301);
#9688=CIRCLE('',#13302,0.2);
#9689=LINE('',#13303,#13304);
#9690=VERTEX_POINT('',#13305);
#9691=LINE('',#13306,#13307);
#9692=VERTEX_POINT('',#13308);
#9693=CIRCLE('',#13309,0.2);
#9694=LINE('',#13310,#13311);
#9695=VERTEX_POINT('',#13312);
#9696=VERTEX_POINT('',#13313);
#9697=CIRCLE('',#13314,0.2);
#9698=VERTEX_POINT('',#13315);
#9699=LINE('',#13316,#13317);
#9700=VERTEX_POINT('',#13318);
#9701=CIRCLE('',#13319,0.2);
#9702=LINE('',#13320,#13321);
#9703=VERTEX_POINT('',#13322);
#9704=VERTEX_POINT('',#13323);
#9705=CIRCLE('',#13324,0.2);
#9706=VERTEX_POINT('',#13325);
#9707=LINE('',#13326,#13327);
#9708=VERTEX_POINT('',#13328);
#9709=CIRCLE('',#13329,0.2);
#9710=LINE('',#13330,#13331);
#9711=VERTEX_POINT('',#13332);
#9712=LINE('',#13333,#13334);
#9713=VERTEX_POINT('',#13335);
#9714=CIRCLE('',#13336,0.2);
#9715=LINE('',#13337,#13338);
#9716=VERTEX_POINT('',#13339);
#9717=LINE('',#13340,#13341);
#9718=VERTEX_POINT('',#13342);
#9719=CIRCLE('',#13343,0.2);
#9720=LINE('',#13344,#13345);
#9721=VERTEX_POINT('',#13346);
#9722=VERTEX_POINT('',#13347);
#9723=LINE('',#13348,#13349);
#9724=VERTEX_POINT('',#13350);
#9725=LINE('',#13351,#13352);
#9726=VERTEX_POINT('',#13353);
#9727=LINE('',#13354,#13355);
#9728=LINE('',#13356,#13357);
#9729=VERTEX_POINT('',#13358);
#9730=CIRCLE('',#13359,0.2);
#9731=VERTEX_POINT('',#13360);
#9732=LINE('',#13361,#13362);
#9733=CIRCLE('',#13363,0.2);
#9734=VERTEX_POINT('',#13364);
#9735=LINE('',#13365,#13366);
#9736=VERTEX_POINT('',#13367);
#9737=LINE('',#13368,#13369);
#9738=CIRCLE('',#13370,0.2);
#9739=VERTEX_POINT('',#13371);
#9740=LINE('',#13372,#13373);
#9741=VERTEX_POINT('',#13374);
#9742=CIRCLE('',#13375,0.45);
#9743=LINE('',#13376,#13377);
#9744=VERTEX_POINT('',#13378);
#9745=LINE('',#13379,#13380);
#9746=VERTEX_POINT('',#13381);
#9747=CIRCLE('',#13382,0.0999999999999985);
#9748=LINE('',#13383,#13384);
#9749=CIRCLE('',#13385,0.45);
#9750=VERTEX_POINT('',#13386);
#9751=LINE('',#13387,#13388);
#9752=VERTEX_POINT('',#13389);
#9753=CIRCLE('',#13390,0.0999999999999985);
#9754=LINE('',#13391,#13392);
#9755=LINE('',#13393,#13394);
#9756=VERTEX_POINT('',#13395);
#9757=CIRCLE('',#13396,0.45);
#9758=LINE('',#13397,#13398);
#9759=VERTEX_POINT('',#13399);
#9760=LINE('',#13400,#13401);
#9761=CIRCLE('',#13402,0.2);
#9762=VERTEX_POINT('',#13403);
#9763=LINE('',#13404,#13405);
#9764=LINE('',#13406,#13407);
#9765=VERTEX_POINT('',#13408);
#9766=CIRCLE('',#13409,0.45);
#9767=LINE('',#13410,#13411);
#9768=LINE('',#13412,#13413);
#9769=LINE('',#13414,#13415);
#9770=LINE('',#13416,#13417);
#9771=LINE('',#13418,#13419);
#9772=VERTEX_POINT('',#13420);
#9773=LINE('',#13421,#13422);
#9774=LINE('',#13423,#13424);
#9775=LINE('',#13425,#13426);
#9776=LINE('',#13427,#13428);
#9777=LINE('',#13429,#13430);
#9778=LINE('',#13431,#13432);
#9779=LINE('',#13433,#13434);
#9780=LINE('',#13435,#13436);
#9781=LINE('',#13437,#13438);
#9782=LINE('',#13439,#13440);
#9783=LINE('',#13441,#13442);
#9784=LINE('',#13443,#13444);
#9785=VERTEX_POINT('',#13445);
#9786=LINE('',#13446,#13447);
#9787=LINE('',#13448,#13449);
#9788=LINE('',#13450,#13451);
#9789=LINE('',#13452,#13453);
#9790=VERTEX_POINT('',#13454);
#9791=LINE('',#13455,#13456);
#9792=LINE('',#13457,#13458);
#9793=VERTEX_POINT('',#13459);
#9794=VERTEX_POINT('',#13460);
#9795=CIRCLE('',#13461,0.2);
#9796=VERTEX_POINT('',#13462);
#9797=LINE('',#13463,#13464);
#9798=VERTEX_POINT('',#13465);
#9799=CIRCLE('',#13466,0.2);
#9800=LINE('',#13467,#13468);
#9801=VERTEX_POINT('',#13469);
#9802=VERTEX_POINT('',#13470);
#9803=CIRCLE('',#13471,0.6);
#9804=VERTEX_POINT('',#13472);
#9805=LINE('',#13473,#13474);
#9806=VERTEX_POINT('',#13475);
#9807=CIRCLE('',#13476,0.6);
#9808=LINE('',#13477,#13478);
#9809=VERTEX_POINT('',#13479);
#9810=VERTEX_POINT('',#13480);
#9811=LINE('',#13481,#13482);
#9812=LINE('',#13483,#13484);
#9813=LINE('',#13485,#13486);
#9814=VERTEX_POINT('',#13487);
#9815=VERTEX_POINT('',#13488);
#9816=CIRCLE('',#13489,0.2);
#9817=LINE('',#13490,#13491);
#9818=LINE('',#13492,#13493);
#9819=LINE('',#13494,#13495);
#9820=LINE('',#13496,#13497);
#9821=LINE('',#13498,#13499);
#9822=VERTEX_POINT('',#13500);
#9823=LINE('',#13501,#13502);
#9824=LINE('',#13503,#13504);
#9825=LINE('',#13505,#13506);
#9826=VERTEX_POINT('',#13507);
#9827=LINE('',#13508,#13509);
#9828=LINE('',#13510,#13511);
#9829=LINE('',#13512,#13513);
#9830=LINE('',#13514,#13515);
#9831=LINE('',#13516,#13517);
#9832=LINE('',#13518,#13519);
#9833=LINE('',#13520,#13521);
#9834=LINE('',#13522,#13523);
#9835=LINE('',#13524,#13525);
#9836=LINE('',#13526,#13527);
#9837=LINE('',#13528,#13529);
#9838=LINE('',#13530,#13531);
#9839=LINE('',#13532,#13533);
#9840=LINE('',#13534,#13535);
#9841=LINE('',#13536,#13537);
#9842=LINE('',#13538,#13539);
#9843=LINE('',#13540,#13541);
#9844=LINE('',#13542,#13543);
#9845=LINE('',#13544,#13545);
#9846=LINE('',#13546,#13547);
#9847=LINE('',#13548,#13549);
#9848=LINE('',#13550,#13551);
#9849=LINE('',#13552,#13553);
#9850=LINE('',#13554,#13555);
#9851=LINE('',#13556,#13557);
#9852=LINE('',#13558,#13559);
#9853=LINE('',#13560,#13561);
#9854=LINE('',#13562,#13563);
#9855=LINE('',#13564,#13565);
#9856=LINE('',#13566,#13567);
#9857=LINE('',#13568,#13569);
#9858=LINE('',#13570,#13571);
#9859=LINE('',#13572,#13573);
#9860=LINE('',#13574,#13575);
#9861=LINE('',#13576,#13577);
#9862=LINE('',#13578,#13579);
#9863=LINE('',#13580,#13581);
#9864=CARTESIAN_POINT('',(5.61541087226755,0.5,9.35963554221509));
#9865=CARTESIAN_POINT('',(5.61541087226755,-0.5,9.35963554221509));
#9866=CARTESIAN_POINT('',(5.61541087226755,9.17897378109581E-53,9.35963554221509));
#9867=VECTOR('',#13582,1.0);
#9868=CARTESIAN_POINT('',(5.54396839420485,0.5,9.2064266535913));
#9869=AXIS2_PLACEMENT_3D('',#13583,#13584,#13585);
#9870=CARTESIAN_POINT('',(5.54396839420485,-0.5,9.2064266535913));
#9871=CARTESIAN_POINT('',(5.54396839420485,0.5,9.2064266535913));
#9872=VECTOR('',#13586,1000.0);
#9873=AXIS2_PLACEMENT_3D('',#13587,#13588,#13589);
#9874=CARTESIAN_POINT('',(6.05,-0.5,9.31871311781489));
#9875=CARTESIAN_POINT('',(6.05,0.5,9.31871311781489));
#9876=CARTESIAN_POINT('',(6.05,2.06526910074646E-52,9.31871311781489));
#9877=VECTOR('',#13590,1.0);
#9878=CARTESIAN_POINT('',(5.88925442435895,-0.5,8.97399311841135));
#9879=AXIS2_PLACEMENT_3D('',#13591,#13592,#13593);
#9880=CARTESIAN_POINT('',(5.88925442435895,0.5,8.97399311841135));
#9881=CARTESIAN_POINT('',(5.88925442435895,0.5,8.97399311841135));
#9882=VECTOR('',#13594,1000.0);
#9883=AXIS2_PLACEMENT_3D('',#13595,#13596,#13597);
#9884=CARTESIAN_POINT('',(-4.95000000000001,-3.57345670216289E-18,10.8309526953037));
#9885=CARTESIAN_POINT('',(-5.31252311481466,-1.44579077856146E-18,11.0));
#9886=CARTESIAN_POINT('',(-5.13126155740734,-2.50962374036189E-18,10.9154763476519));
#9887=VECTOR('',#13598,1.0);
#9888=CARTESIAN_POINT('',(-5.16130913087036,0.5,10.3777988017854));
#9889=AXIS2_PLACEMENT_3D('',#13599,#13600,#13601);
#9890=CARTESIAN_POINT('',(-5.52383224568501,0.5,10.5468461064817));
#9891=CARTESIAN_POINT('',(-6.06761691790701,0.5,10.8004170635261));
#9892=VECTOR('',#13602,1000.0);
#9893=AXIS2_PLACEMENT_3D('',#13603,#13604,#13605);
#9894=CARTESIAN_POINT('',(1.5,-2.59807621135332,-16.7));
#9895=CARTESIAN_POINT('',(1.1,-1.90525588832577,-17.5));
#9896=CARTESIAN_POINT('',(1.1,-1.90525588832577,-17.5));
#9897=VECTOR('',#13606,1.0);
#9898=CARTESIAN_POINT('',(-3.0,-6.5091460644498E-15,-16.7));
#9899=AXIS2_PLACEMENT_3D('',#13607,#13608,#13609);
#9900=CARTESIAN_POINT('',(-2.15623918681884,-0.436614898081608,-17.5));
#9901=CARTESIAN_POINT('',(-3.0,-6.5091460644498E-15,-16.7));
#9902=CARTESIAN_POINT('',(-2.72878080949564,-0.156588472647096,-16.9712191905044));
#9903=CARTESIAN_POINT('',(-2.44953096015306,-0.30433336232601,-17.2387949429169));
#9904=CARTESIAN_POINT('',(-2.15623918681884,-0.436614898081608,-17.5));
#9905=AXIS2_PLACEMENT_3D('',#13610,#13611,#13612);
#9906=CARTESIAN_POINT('',(6.44002366147219E-15,-9.85,10.9931416529423));
#9907=CARTESIAN_POINT('',(6.64431962195304E-15,-10.15,10.9931416529423));
#9908=CARTESIAN_POINT('',(6.54217164171262E-15,-10.0,10.9931416529423));
#9909=VECTOR('',#13613,1.0);
#9910=CARTESIAN_POINT('',(-0.212132034355958,-9.85,10.9052736872983));
#9911=AXIS2_PLACEMENT_3D('',#13614,#13615,#13616);
#9912=CARTESIAN_POINT('',(-0.212132034355958,-10.15,10.9052736872983));
#9913=CARTESIAN_POINT('',(-0.212132034355958,-9.85,10.9052736872983));
#9914=VECTOR('',#13617,1000.0);
#9915=AXIS2_PLACEMENT_3D('',#13618,#13619,#13620);
#9916=CARTESIAN_POINT('',(3.61981333500596E-15,-7.35,10.9931416529423));
#9917=CARTESIAN_POINT('',(3.78247593206336E-15,-7.65,10.9931416529423));
#9918=CARTESIAN_POINT('',(3.70114463353466E-15,-7.5,10.9931416529423));
#9919=VECTOR('',#13621,1.0);
#9920=CARTESIAN_POINT('',(-0.212132034355962,-7.35,10.9052736872983));
#9921=AXIS2_PLACEMENT_3D('',#13622,#13623,#13624);
#9922=CARTESIAN_POINT('',(-0.212132034355962,-7.65,10.9052736872983));
#9923=CARTESIAN_POINT('',(-0.212132034355962,-7.35,10.9052736872983));
#9924=VECTOR('',#13625,1000.0);
#9925=AXIS2_PLACEMENT_3D('',#13626,#13627,#13628);
#9926=CARTESIAN_POINT('',(-2.5,-9.85,11.1431416529423));
#9927=CARTESIAN_POINT('',(-2.5,-10.15,11.1431416529423));
#9928=CARTESIAN_POINT('',(-2.5,-10.0,11.1431416529423));
#9929=VECTOR('',#13629,1.0);
#9930=CARTESIAN_POINT('',(-2.71213203435596,-9.85,11.0552736872983));
#9931=AXIS2_PLACEMENT_3D('',#13630,#13631,#13632);
#9932=CARTESIAN_POINT('',(-2.71213203435596,-10.15,11.0552736872983));
#9933=CARTESIAN_POINT('',(-2.71213203435596,-9.85,11.0552736872983));
#9934=VECTOR('',#13633,1000.0);
#9935=AXIS2_PLACEMENT_3D('',#13634,#13635,#13636);
#9936=CARTESIAN_POINT('',(2.5,-9.85,11.1431416529423));
#9937=CARTESIAN_POINT('',(2.5,-10.15,11.1431416529423));
#9938=CARTESIAN_POINT('',(2.5,-10.0,11.1431416529423));
#9939=VECTOR('',#13637,1.0);
#9940=CARTESIAN_POINT('',(2.28786796564404,-9.85,11.0552736872983));
#9941=AXIS2_PLACEMENT_3D('',#13638,#13639,#13640);
#9942=CARTESIAN_POINT('',(2.28786796564404,-10.15,11.0552736872983));
#9943=CARTESIAN_POINT('',(2.28786796564404,-9.85,11.0552736872983));
#9944=VECTOR('',#13641,1000.0);
#9945=AXIS2_PLACEMENT_3D('',#13642,#13643,#13644);
#9946=CARTESIAN_POINT('',(2.5,-7.35,11.1431416529423));
#9947=CARTESIAN_POINT('',(2.5,-7.65,11.1431416529423));
#9948=CARTESIAN_POINT('',(2.5,-7.5,11.1431416529423));
#9949=VECTOR('',#13645,1.0);
#9950=CARTESIAN_POINT('',(2.28786796564404,-7.35,11.0552736872983));
#9951=AXIS2_PLACEMENT_3D('',#13646,#13647,#13648);
#9952=CARTESIAN_POINT('',(2.28786796564404,-7.65,11.0552736872983));
#9953=CARTESIAN_POINT('',(2.28786796564404,-7.35,11.0552736872983));
#9954=VECTOR('',#13649,1000.0);
#9955=AXIS2_PLACEMENT_3D('',#13650,#13651,#13652);
#9956=CARTESIAN_POINT('',(-2.5,-7.35,11.1431416529423));
#9957=CARTESIAN_POINT('',(-2.5,-7.65,11.1431416529423));
#9958=CARTESIAN_POINT('',(-2.5,-7.5,11.1431416529423));
#9959=VECTOR('',#13653,1.0);
#9960=CARTESIAN_POINT('',(-2.71213203435596,-7.35,11.0552736872983));
#9961=AXIS2_PLACEMENT_3D('',#13654,#13655,#13656);
#9962=CARTESIAN_POINT('',(-2.71213203435596,-7.65,11.0552736872983));
#9963=CARTESIAN_POINT('',(-2.71213203435596,-7.35,11.0552736872983));
#9964=VECTOR('',#13657,1000.0);
#9965=AXIS2_PLACEMENT_3D('',#13658,#13659,#13660);
#9966=CARTESIAN_POINT('',(-1.5,2.59807621135331,-10.5));
#9967=CARTESIAN_POINT('',(-1.5,2.59807621135332,-7.5));
#9968=CARTESIAN_POINT('',(-1.5,2.59807621135332,-12.1));
#9969=VECTOR('',#13661,1.0);
#9970=CARTESIAN_POINT('',(-3.0,-4.54393728382595E-15,-10.5));
#9971=AXIS2_PLACEMENT_3D('',#13662,#13663,#13664);
#9972=CARTESIAN_POINT('',(-3.0,-4.54393728382595E-15,-10.5));
#9973=VECTOR('',#13665,1000.0);
#9974=CARTESIAN_POINT('',(1.5,-2.59807621135332,-7.5));
#9975=CARTESIAN_POINT('',(1.5,-2.59807621135331,-12.1));
#9976=VECTOR('',#13666,1.0);
#9977=AXIS2_PLACEMENT_3D('',#13667,#13668,#13669);
#9978=CARTESIAN_POINT('',(3.99,0.0,-7.3));
#9979=CARTESIAN_POINT('',(3.99,0.0,-7.0));
#9980=CARTESIAN_POINT('',(3.99,4.88617935175129E-16,-7.15));
#9981=VECTOR('',#13670,1.0);
#9982=CARTESIAN_POINT('',(-3.99,-4.88617935175129E-16,-7.3));
#9983=AXIS2_PLACEMENT_3D('',#13671,#13672,#13673);
#9984=CARTESIAN_POINT('',(-3.99,-4.88617935175129E-16,-7.0));
#9985=CARTESIAN_POINT('',(-3.99,-4.88617935175129E-16,-7.15));
#9986=VECTOR('',#13674,1.0);
#9987=AXIS2_PLACEMENT_3D('',#13675,#13676,#13677);
#9988=CARTESIAN_POINT('',(3.79,4.64125808098681E-16,-7.5));
#9989=CARTESIAN_POINT('',(3.79,4.64125808098681E-16,-7.5));
#9990=VECTOR('',#13678,1.0);
#9991=CARTESIAN_POINT('',(-3.79,4.7638760486832E-16,-7.5));
#9992=AXIS2_PLACEMENT_3D('',#13679,#13680,#13681);
#9993=CARTESIAN_POINT('',(-3.79,-4.64125808098681E-16,-7.5));
#9994=VECTOR('',#13682,1.0);
#9995=CARTESIAN_POINT('',(-4.5,-1.01097861599247E-14,-6.74690420929098));
#9996=CARTESIAN_POINT('',(-4.5,-1.01097861599247E-14,-6.93456504710028));
#9997=CARTESIAN_POINT('',(-4.5,5.5107285922007E-16,-4.65053543797883));
#9998=VECTOR('',#13683,1.0);
#9999=CARTESIAN_POINT('',(2.34582705426366,3.84019471270464,-7.0));
#10001=CARTESIAN_POINT('',(-4.5,-1.01097861599247E-14,-6.74690420929098));
#10002=CARTESIAN_POINT('',(-4.5,1.20577136594003,-6.78039785834487));
#10003=CARTESIAN_POINT('',(-3.89711431702999,2.24999999999997,-6.80940420929098));
#10004=CARTESIAN_POINT('',(-2.59807621135332,4.49999999999999,-6.87190420929098));
#10005=CARTESIAN_POINT('',(-7.71527483462833E-15,4.5,-6.93440420929098));
#10006=CARTESIAN_POINT('',(1.26570447187594,4.50000000000001,-6.96485232668898));
#10007=CARTESIAN_POINT('',(2.34582705426366,3.84019471270464,-7.0));
#10014=CARTESIAN_POINT('',(-3.83517209241366,2.35402952861077,-7.0));
#10015=AXIS2_PLACEMENT_3D('',#13684,#13685,#13686);
#10017=CARTESIAN_POINT('',(-4.5,-1.01097861599247E-14,-6.93456504710028));
#10018=CARTESIAN_POINT('',(-4.5,1.20577136594003,-6.96805869615417));
#10019=CARTESIAN_POINT('',(-3.89711431702999,2.24999999999997,-6.99706504710028));
#10020=CARTESIAN_POINT('',(-3.86684300696982,2.30243144703585,-6.99852147618461));
#10021=CARTESIAN_POINT('',(-3.83517209241366,2.35402952861077,-7.0));
#10028=CARTESIAN_POINT('',(4.5,3.48613315859472E-15,-6.55956504710028));
#10030=CARTESIAN_POINT('',(4.5,3.48613315859472E-15,-6.55956504710028));
#10031=CARTESIAN_POINT('',(4.5,-1.20577136594004,-6.59305869615417));
#10032=CARTESIAN_POINT('',(3.89711431702998,-2.25,-6.62206504710028));
#10033=CARTESIAN_POINT('',(2.59807621135332,-4.49999999999999,-6.68456504710027));
#10034=CARTESIAN_POINT('',(2.31513953296142E-14,-4.5,-6.74706504710028));
#10035=CARTESIAN_POINT('',(-2.59807621135332,-4.5,-6.80956504710028));
#10036=CARTESIAN_POINT('',(-3.89711431702996,-2.25000000000002,-6.87206504710028));
#10037=CARTESIAN_POINT('',(-4.5,-1.20577136594007,-6.90107139804639));
#10038=CARTESIAN_POINT('',(-4.5,-1.01097861599247E-14,-6.93456504710028));
#10045=CARTESIAN_POINT('',(4.5,3.48613315859472E-15,-6.37190420929098));
#10046=CARTESIAN_POINT('',(4.5,-5.5107285922007E-16,-4.65053543797883));
#10047=VECTOR('',#13687,1.0);
#10049=CARTESIAN_POINT('',(4.5,3.48613315859472E-15,-6.37190420929098));
#10050=CARTESIAN_POINT('',(4.5,-1.20577136594004,-6.40539785834487));
#10051=CARTESIAN_POINT('',(3.89711431702998,-2.25,-6.43440420929098));
#10052=CARTESIAN_POINT('',(2.59807621135332,-4.49999999999999,-6.49690420929098));
#10053=CARTESIAN_POINT('',(2.31513953296142E-14,-4.5,-6.55940420929098));
#10054=CARTESIAN_POINT('',(-2.59807621135332,-4.5,-6.62190420929097));
#10055=CARTESIAN_POINT('',(-3.89711431702996,-2.25000000000002,-6.68440420929098));
#10056=CARTESIAN_POINT('',(-4.5,-1.20577136594007,-6.71341056023709));
#10057=CARTESIAN_POINT('',(-4.5,-1.01097861599247E-14,-6.74690420929098));
#10064=CARTESIAN_POINT('',(-4.5,-9.41255952820573E-15,-5.99690420929098));
#10065=CARTESIAN_POINT('',(-4.5,-9.41255952820573E-15,-6.18456504710028));
#10066=CARTESIAN_POINT('',(-4.5,5.5107285922007E-16,-4.65053543797883));
#10067=VECTOR('',#13688,1.0);
#10069=CARTESIAN_POINT('',(-4.5,-9.41255952820573E-15,-5.99690420929098));
#10070=CARTESIAN_POINT('',(-4.5,1.20577136594003,-6.03039785834487));
#10071=CARTESIAN_POINT('',(-3.89711431702999,2.24999999999997,-6.05940420929098));
#10072=CARTESIAN_POINT('',(-2.59807621135332,4.49999999999999,-6.12190420929097));
#10073=CARTESIAN_POINT('',(-6.61309271539571E-15,4.5,-6.18440420929098));
#10074=CARTESIAN_POINT('',(2.59807621135332,4.50000000000001,-6.24690420929098));
#10075=CARTESIAN_POINT('',(3.89711431702997,2.25,-6.30940420929098));
#10076=CARTESIAN_POINT('',(4.5,1.20577136594006,-6.33841056023709));
#10077=CARTESIAN_POINT('',(4.5,3.48613315859472E-15,-6.37190420929098));
#10085=CARTESIAN_POINT('',(-4.5,-9.41255952820573E-15,-6.18456504710028));
#10086=CARTESIAN_POINT('',(-4.5,1.20577136594003,-6.21805869615417));
#10087=CARTESIAN_POINT('',(-3.89711431702999,2.24999999999997,-6.24706504710028));
#10088=CARTESIAN_POINT('',(-2.59807621135332,4.49999999999999,-6.30956504710028));
#10089=CARTESIAN_POINT('',(-6.61309271539571E-15,4.5,-6.37206504710028));
#10090=CARTESIAN_POINT('',(2.59807621135332,4.50000000000001,-6.43456504710028));
#10091=CARTESIAN_POINT('',(3.89711431702997,2.25,-6.49706504710028));
#10092=CARTESIAN_POINT('',(4.5,1.20577136594006,-6.52607139804639));
#10093=CARTESIAN_POINT('',(4.5,3.48613315859472E-15,-6.55956504710028));
#10100=CARTESIAN_POINT('',(4.5,3.02131540411542E-15,-5.80956504710028));
#10102=CARTESIAN_POINT('',(4.5,3.02131540411542E-15,-5.80956504710028));
#10103=CARTESIAN_POINT('',(4.5,-1.20577136594004,-5.84305869615417));
#10104=CARTESIAN_POINT('',(3.89711431702998,-2.25,-5.87206504710028));
#10105=CARTESIAN_POINT('',(2.59807621135332,-4.49999999999999,-5.93456504710028));
#10106=CARTESIAN_POINT('',(2.20492132103816E-14,-4.5,-5.99706504710028));
#10107=CARTESIAN_POINT('',(-2.59807621135332,-4.5,-6.05956504710028));
#10108=CARTESIAN_POINT('',(-3.89711431702996,-2.25000000000002,-6.12206504710028));
#10109=CARTESIAN_POINT('',(-4.5,-1.20577136594007,-6.15107139804639));
#10110=CARTESIAN_POINT('',(-4.5,-9.41255952820573E-15,-6.18456504710028));
#10117=CARTESIAN_POINT('',(4.5,3.02131540411542E-15,-5.62190420929098));
#10118=CARTESIAN_POINT('',(4.5,-5.5107285922007E-16,-4.65053543797883));
#10119=VECTOR('',#13689,1.0);
#10121=CARTESIAN_POINT('',(4.5,3.02131540411542E-15,-5.62190420929098));
#10122=CARTESIAN_POINT('',(4.5,-1.20577136594004,-5.65539785834487));
#10123=CARTESIAN_POINT('',(3.89711431702998,-2.25,-5.68440420929098));
#10124=CARTESIAN_POINT('',(2.59807621135332,-4.49999999999999,-5.74690420929098));
#10125=CARTESIAN_POINT('',(2.20492132103816E-14,-4.5,-5.80940420929098));
#10126=CARTESIAN_POINT('',(-2.59807621135332,-4.5,-5.87190420929097));
#10127=CARTESIAN_POINT('',(-3.89711431702996,-2.25000000000002,-5.93440420929098));
#10128=CARTESIAN_POINT('',(-4.5,-1.20577136594007,-5.96341056023709));
#10129=CARTESIAN_POINT('',(-4.5,-9.41255952820573E-15,-5.99690420929098));
#10136=CARTESIAN_POINT('',(-4.5,5.81022193099119E-15,-5.24690420929098));
#10137=CARTESIAN_POINT('',(-4.5,5.81022193099119E-15,-5.43456504710028));
#10138=CARTESIAN_POINT('',(-4.5,5.5107285922007E-16,-4.65053543797883));
#10139=VECTOR('',#13690,1.0);
#10141=CARTESIAN_POINT('',(-4.5,5.81022193099119E-15,-5.24690420929098));
#10142=CARTESIAN_POINT('',(-4.5,1.20577136594005,-5.28039785834487));
#10143=CARTESIAN_POINT('',(-3.89711431702998,2.25,-5.30940420929098));
#10144=CARTESIAN_POINT('',(-2.59807621135332,4.49999999999999,-5.37190420929098));
#10145=CARTESIAN_POINT('',(-2.14981221507653E-14,4.5,-5.43440420929098));
#10146=CARTESIAN_POINT('',(2.59807621135332,4.5,-5.49690420929098));
#10147=CARTESIAN_POINT('',(3.89711431702997,2.25,-5.55940420929098));
#10148=CARTESIAN_POINT('',(4.5,1.20577136594006,-5.58841056023709));
#10149=CARTESIAN_POINT('',(4.5,3.02131540411542E-15,-5.62190420929098));
#10157=CARTESIAN_POINT('',(-4.5,5.81022193099119E-15,-5.43456504710028));
#10158=CARTESIAN_POINT('',(-4.5,1.20577136594005,-5.46805869615417));
#10159=CARTESIAN_POINT('',(-3.89711431702998,2.25,-5.49706504710028));
#10160=CARTESIAN_POINT('',(-2.59807621135332,4.49999999999999,-5.55956504710028));
#10161=CARTESIAN_POINT('',(-2.14981221507653E-14,4.5,-5.62206504710028));
#10162=CARTESIAN_POINT('',(2.59807621135332,4.5,-5.68456504710028));
#10163=CARTESIAN_POINT('',(3.89711431702997,2.25,-5.74706504710028));
#10164=CARTESIAN_POINT('',(4.5,1.20577136594006,-5.77607139804639));
#10165=CARTESIAN_POINT('',(4.5,3.02131540411542E-15,-5.80956504710028));
#10172=CARTESIAN_POINT('',(4.5,-6.27503968547049E-15,-5.05956504710028));
#10174=CARTESIAN_POINT('',(4.5,-6.27503968547049E-15,-5.05956504710028));
#10175=CARTESIAN_POINT('',(4.5,-1.20577136594005,-5.09305869615417));
#10176=CARTESIAN_POINT('',(3.89711431702998,-2.25,-5.12206504710028));
#10177=CARTESIAN_POINT('',(2.59807621135332,-4.49999999999999,-5.18456504710028));
#10178=CARTESIAN_POINT('',(2.0947031091149E-14,-4.5,-5.24706504710028));
#10179=CARTESIAN_POINT('',(-2.59807621135332,-4.5,-5.30956504710028));
#10180=CARTESIAN_POINT('',(-3.89711431702997,-2.25,-5.37206504710028));
#10181=CARTESIAN_POINT('',(-4.5,-1.20577136594005,-5.40107139804639));
#10182=CARTESIAN_POINT('',(-4.5,5.81022193099119E-15,-5.43456504710028));
#10189=CARTESIAN_POINT('',(4.5,-6.27503968547049E-15,-4.87190420929098));
#10190=CARTESIAN_POINT('',(4.5,-5.5107285922007E-16,-4.65053543797883));
#10191=VECTOR('',#13691,1.0);
#10193=CARTESIAN_POINT('',(4.5,-6.27503968547049E-15,-4.87190420929098));
#10194=CARTESIAN_POINT('',(4.5,-1.20577136594005,-4.90539785834487));
#10195=CARTESIAN_POINT('',(3.89711431702998,-2.25,-4.93440420929098));
#10196=CARTESIAN_POINT('',(2.59807621135332,-4.49999999999999,-4.99690420929098));
#10197=CARTESIAN_POINT('',(2.0947031091149E-14,-4.5,-5.05940420929098));
#10198=CARTESIAN_POINT('',(-2.59807621135332,-4.5,-5.12190420929098));
#10199=CARTESIAN_POINT('',(-3.89711431702997,-2.25,-5.18440420929098));
#10200=CARTESIAN_POINT('',(-4.5,-1.20577136594005,-5.21341056023709));
#10201=CARTESIAN_POINT('',(-4.5,5.81022193099119E-15,-5.24690420929098));
#10208=CARTESIAN_POINT('',(-4.5,6.50744856271014E-15,-4.49690420929098));
#10209=CARTESIAN_POINT('',(-4.5,6.50744856271014E-15,-4.68456504710028));
#10210=CARTESIAN_POINT('',(-4.5,5.5107285922007E-16,-4.65053543797883));
#10211=VECTOR('',#13692,1.0);
#10213=CARTESIAN_POINT('',(-4.5,6.50744856271014E-15,-4.49690420929098));
#10214=CARTESIAN_POINT('',(-4.5,1.20577136594005,-4.53039785834487));
#10215=CARTESIAN_POINT('',(-3.89711431702998,2.25,-4.55940420929098));
#10216=CARTESIAN_POINT('',(-2.59807621135332,4.49999999999999,-4.62190420929098));
#10217=CARTESIAN_POINT('',(-4.40872847693047E-15,4.5,-4.68440420929098));
#10218=CARTESIAN_POINT('',(2.59807621135332,4.5,-4.74690420929098));
#10219=CARTESIAN_POINT('',(3.89711431702997,2.25,-4.80940420929098));
#10220=CARTESIAN_POINT('',(4.5,1.20577136594005,-4.83841056023709));
#10221=CARTESIAN_POINT('',(4.5,-6.27503968547049E-15,-4.87190420929098));
#10229=CARTESIAN_POINT('',(-4.5,6.50744856271014E-15,-4.68456504710028));
#10230=CARTESIAN_POINT('',(-4.5,1.20577136594005,-4.71805869615417));
#10231=CARTESIAN_POINT('',(-3.89711431702998,2.25,-4.74706504710028));
#10232=CARTESIAN_POINT('',(-2.59807621135332,4.49999999999999,-4.80956504710028));
#10233=CARTESIAN_POINT('',(-4.40872847693047E-15,4.5,-4.87206504710028));
#10234=CARTESIAN_POINT('',(2.59807621135332,4.5,-4.93456504710028));
#10235=CARTESIAN_POINT('',(3.89711431702997,2.25,-4.99706504710028));
#10236=CARTESIAN_POINT('',(4.5,1.20577136594005,-5.02607139804639));
#10237=CARTESIAN_POINT('',(4.5,-6.27503968547049E-15,-5.05956504710028));
#10244=CARTESIAN_POINT('',(4.5,-2.32408877239648E-16,-4.30956504710028));
#10246=CARTESIAN_POINT('',(4.5,-2.32408877239648E-16,-4.30956504710028));
#10247=CARTESIAN_POINT('',(4.5,-1.20577136594005,-4.34305869615417));
#10248=CARTESIAN_POINT('',(3.89711431702998,-2.25,-4.37206504710029));
#10249=CARTESIAN_POINT('',(2.59807621135332,-4.49999999999999,-4.43456504710028));
#10250=CARTESIAN_POINT('',(3.85763741731417E-15,-4.5,-4.49706504710028));
#10251=CARTESIAN_POINT('',(-2.59807621135332,-4.5,-4.55956504710028));
#10252=CARTESIAN_POINT('',(-3.89711431702997,-2.25,-4.62206504710028));
#10253=CARTESIAN_POINT('',(-4.5,-1.20577136594005,-4.65107139804639));
#10254=CARTESIAN_POINT('',(-4.5,6.50744856271014E-15,-4.68456504710028));
#10261=CARTESIAN_POINT('',(4.5,-2.32408877239648E-16,-4.12190420929098));
#10262=CARTESIAN_POINT('',(4.5,-5.5107285922007E-16,-4.65053543797883));
#10263=VECTOR('',#13693,1.0);
#10265=CARTESIAN_POINT('',(4.5,-2.32408877239648E-16,-4.12190420929098));
#10266=CARTESIAN_POINT('',(4.5,-1.20577136594005,-4.15539785834487));
#10267=CARTESIAN_POINT('',(3.89711431702998,-2.25,-4.18440420929098));
#10268=CARTESIAN_POINT('',(2.59807621135332,-4.49999999999999,-4.24690420929098));
#10269=CARTESIAN_POINT('',(3.85763741731417E-15,-4.5,-4.30940420929098));
#10270=CARTESIAN_POINT('',(-2.59807621135332,-4.5,-4.37190420929098));
#10271=CARTESIAN_POINT('',(-3.89711431702997,-2.25,-4.43440420929098));
#10272=CARTESIAN_POINT('',(-4.5,-1.20577136594005,-4.46341056023709));
#10273=CARTESIAN_POINT('',(-4.5,6.50744856271014E-15,-4.49690420929098));
#10280=CARTESIAN_POINT('',(-4.5,6.97226631718943E-16,-3.74690420929098));
#10281=CARTESIAN_POINT('',(-4.5,6.97226631718943E-16,-3.93456504710029));
#10282=CARTESIAN_POINT('',(-4.5,5.5107285922007E-16,-4.65053543797883));
#10283=VECTOR('',#13694,1.0);
#10285=CARTESIAN_POINT('',(-4.5,6.97226631718943E-16,-3.74690420929098));
#10286=CARTESIAN_POINT('',(-4.5,1.20577136594005,-3.78039785834487));
#10287=CARTESIAN_POINT('',(-3.89711431702998,2.25,-3.80940420929098));
#10288=CARTESIAN_POINT('',(-2.59807621135332,4.49999999999999,-3.87190420929098));
#10289=CARTESIAN_POINT('',(-3.30654635769785E-15,4.5,-3.93440420929098));
#10290=CARTESIAN_POINT('',(2.59807621135332,4.5,-3.99690420929098));
#10291=CARTESIAN_POINT('',(3.89711431702997,2.25,-4.05940420929098));
#10292=CARTESIAN_POINT('',(4.5,1.20577136594006,-4.08841056023709));
#10293=CARTESIAN_POINT('',(4.5,-2.32408877239648E-16,-4.12190420929098));
#10301=CARTESIAN_POINT('',(-4.5,6.97226631718943E-16,-3.93456504710029));
#10302=CARTESIAN_POINT('',(-4.5,1.20577136594005,-3.96805869615418));
#10303=CARTESIAN_POINT('',(-3.89711431702998,2.25,-3.99706504710028));
#10304=CARTESIAN_POINT('',(-2.59807621135332,4.49999999999999,-4.05956504710029));
#10305=CARTESIAN_POINT('',(-3.30654635769785E-15,4.5,-4.12206504710028));
#10306=CARTESIAN_POINT('',(2.59807621135332,4.5,-4.18456504710029));
#10307=CARTESIAN_POINT('',(3.89711431702997,2.25,-4.24706504710028));
#10308=CARTESIAN_POINT('',(4.5,1.20577136594006,-4.27607139804639));
#10309=CARTESIAN_POINT('',(4.5,-2.32408877239648E-16,-4.30956504710028));
#10316=CARTESIAN_POINT('',(4.5,-9.29635508958591E-16,-3.55956504710029));
#10318=CARTESIAN_POINT('',(4.5,-9.29635508958591E-16,-3.55956504710029));
#10319=CARTESIAN_POINT('',(4.5,-1.20577136594005,-3.59305869615418));
#10320=CARTESIAN_POINT('',(3.89711431702998,-2.25,-3.62206504710028));
#10321=CARTESIAN_POINT('',(2.59807621135332,-4.49999999999999,-3.68456504710029));
#10322=CARTESIAN_POINT('',(1.07490610753827E-14,-4.5,-3.74706504710028));
#10323=CARTESIAN_POINT('',(-2.59807621135332,-4.5,-3.80956504710029));
#10324=CARTESIAN_POINT('',(-3.89711431702997,-2.25,-3.87206504710028));
#10325=CARTESIAN_POINT('',(-4.5,-1.20577136594005,-3.90107139804639));
#10326=CARTESIAN_POINT('',(-4.5,6.97226631718943E-16,-3.93456504710029));
#10333=CARTESIAN_POINT('',(4.5,-9.29635508958591E-16,-3.37190420929099));
#10334=CARTESIAN_POINT('',(4.5,-5.5107285922007E-16,-4.65053543797883));
#10335=VECTOR('',#13695,1.0);
#10337=CARTESIAN_POINT('',(4.5,-9.29635508958591E-16,-3.37190420929099));
#10338=CARTESIAN_POINT('',(4.5,-1.20577136594005,-3.40539785834488));
#10339=CARTESIAN_POINT('',(3.89711431702998,-2.25,-3.43440420929098));
#10340=CARTESIAN_POINT('',(2.59807621135332,-4.49999999999999,-3.49690420929099));
#10341=CARTESIAN_POINT('',(1.07490610753827E-14,-4.5,-3.55940420929098));
#10342=CARTESIAN_POINT('',(-2.59807621135332,-4.5,-3.62190420929098));
#10343=CARTESIAN_POINT('',(-3.89711431702997,-2.25,-3.68440420929098));
#10344=CARTESIAN_POINT('',(-4.5,-1.20577136594005,-3.71341056023709));
#10345=CARTESIAN_POINT('',(-4.5,6.97226631718943E-16,-3.74690420929098));
#10352=CARTESIAN_POINT('',(4.5,-4.64817754479295E-16,-2.80956504710028));
#10353=CARTESIAN_POINT('',(4.5,-4.64817754479295E-16,-2.62190420929098));
#10354=CARTESIAN_POINT('',(4.5,-5.5107285922007E-16,-4.65053543797883));
#10355=VECTOR('',#13696,1.0);
#10356=CARTESIAN_POINT('',(-4.05555175037874,1.95,-2.48873171376695));
#10358=CARTESIAN_POINT('',(-4.05555175037874,1.95,-2.48873171376695));
#10359=CARTESIAN_POINT('',(-3.98199151346682,2.10298838336737,-2.49298139108272));
#10360=CARTESIAN_POINT('',(-3.89711431702998,2.25,-2.49706504710029));
#10361=CARTESIAN_POINT('',(-2.59807621135332,4.5,-2.55956504710028));
#10362=CARTESIAN_POINT('',(-1.10218211923262E-15,4.5,-2.62206504710029));
#10363=CARTESIAN_POINT('',(2.59807621135332,4.5,-2.68456504710028));
#10364=CARTESIAN_POINT('',(3.89711431702998,2.25,-2.74706504710029));
#10365=CARTESIAN_POINT('',(4.5,1.20577136594005,-2.77607139804639));
#10366=CARTESIAN_POINT('',(4.5,-4.64817754479295E-16,-2.80956504710028));
#10373=CARTESIAN_POINT('',(-4.05555175037874,1.95,-2.30107087595766));
#10374=CARTESIAN_POINT('',(-4.05555175037874,1.95,-1.9));
#10375=VECTOR('',#13697,1000.0);
#10376=CARTESIAN_POINT('',(-2.0,4.03112887414927,-2.37977958788837));
#10378=CARTESIAN_POINT('',(-4.05555175037874,1.95,-2.30107087595766));
#10379=CARTESIAN_POINT('',(-3.98199151346682,2.10298838336737,-2.30532055327341));
#10380=CARTESIAN_POINT('',(-3.89711431702998,2.25,-2.30940420929098));
#10381=CARTESIAN_POINT('',(-3.21753787482625,3.42706092552374,-2.34210034611109));
#10382=CARTESIAN_POINT('',(-2.0,4.03112887414927,-2.37977958788837));
#10389=CARTESIAN_POINT('',(-2.0,4.03112887414927,-2.5));
#10390=CARTESIAN_POINT('',(-2.0,4.03112887414927,-1.9));
#10391=VECTOR('',#13698,1000.0);
#10392=CARTESIAN_POINT('',(2.0,4.03112887414927,-2.5));
#10393=AXIS2_PLACEMENT_3D('',#13699,#13700,#13701);
#10394=CARTESIAN_POINT('',(2.0,4.03112887414927,-2.4890288306936));
#10395=CARTESIAN_POINT('',(2.0,4.03112887414927,-1.9));
#10396=VECTOR('',#13702,1000.0);
#10398=CARTESIAN_POINT('',(2.0,4.03112887414927,-2.4890288306936));
#10399=CARTESIAN_POINT('',(3.21753787482625,3.42706092552374,-2.52670807247088));
#10400=CARTESIAN_POINT('',(3.89711431702998,2.25,-2.55940420929098));
#10401=CARTESIAN_POINT('',(4.5,1.20577136594005,-2.58841056023709));
#10402=CARTESIAN_POINT('',(4.5,-4.64817754479295E-16,-2.62190420929098));
#10409=CARTESIAN_POINT('',(-4.5,-9.29635508958591E-16,-2.99690420929098));
#10410=CARTESIAN_POINT('',(-4.5,-9.29635508958591E-16,-3.18456504710029));
#10411=CARTESIAN_POINT('',(-4.5,5.5107285922007E-16,-4.65053543797883));
#10412=VECTOR('',#13703,1.0);
#10414=CARTESIAN_POINT('',(-4.5,-9.29635508958591E-16,-2.99690420929098));
#10415=CARTESIAN_POINT('',(-4.5,1.20577136594005,-3.03039785834488));
#10416=CARTESIAN_POINT('',(-3.89711431702998,2.25,-3.05940420929098));
#10417=CARTESIAN_POINT('',(-2.59807621135332,4.49999999999999,-3.12190420929098));
#10418=CARTESIAN_POINT('',(-2.20436423846524E-15,4.5,-3.18440420929098));
#10419=CARTESIAN_POINT('',(2.59807621135332,4.5,-3.24690420929098));
#10420=CARTESIAN_POINT('',(3.89711431702997,2.25,-3.30940420929098));
#10421=CARTESIAN_POINT('',(4.5,1.20577136594005,-3.3384105602371));
#10422=CARTESIAN_POINT('',(4.5,-9.29635508958591E-16,-3.37190420929099));
#10430=CARTESIAN_POINT('',(-4.5,-9.29635508958591E-16,-3.18456504710029));
#10431=CARTESIAN_POINT('',(-4.5,1.20577136594005,-3.21805869615418));
#10432=CARTESIAN_POINT('',(-3.89711431702998,2.25,-3.24706504710029));
#10433=CARTESIAN_POINT('',(-2.59807621135332,4.49999999999999,-3.30956504710029));
#10434=CARTESIAN_POINT('',(-2.20436423846524E-15,4.5,-3.37206504710028));
#10435=CARTESIAN_POINT('',(2.59807621135332,4.5,-3.43456504710029));
#10436=CARTESIAN_POINT('',(3.89711431702997,2.25,-3.49706504710028));
#10437=CARTESIAN_POINT('',(4.5,1.20577136594005,-3.52607139804639));
#10438=CARTESIAN_POINT('',(4.5,-9.29635508958591E-16,-3.55956504710029));
#10445=CARTESIAN_POINT('',(-5.61541087226755,-0.5,9.35963554221509));
#10446=CARTESIAN_POINT('',(-5.61541087226755,0.5,9.35963554221509));
#10447=CARTESIAN_POINT('',(-5.61541087226755,9.17897378109581E-53,9.35963554221509));
#10448=VECTOR('',#13704,1.0);
#10449=CARTESIAN_POINT('',(-5.54396839420485,-0.5,9.2064266535913));
#10450=AXIS2_PLACEMENT_3D('',#13705,#13706,#13707);
#10451=CARTESIAN_POINT('',(-5.54396839420485,0.5,9.2064266535913));
#10452=CARTESIAN_POINT('',(-5.54396839420485,0.5,9.2064266535913));
#10453=VECTOR('',#13708,1000.0);
#10454=AXIS2_PLACEMENT_3D('',#13709,#13710,#13711);
#10455=CARTESIAN_POINT('',(-6.05,0.5,9.31871311781489));
#10456=CARTESIAN_POINT('',(-6.05,-0.5,9.31871311781489));
#10457=CARTESIAN_POINT('',(-6.05,2.06526910074646E-52,9.31871311781489));
#10458=VECTOR('',#13712,1.0);
#10459=CARTESIAN_POINT('',(-5.88925442435895,0.5,8.97399311841135));
#10460=AXIS2_PLACEMENT_3D('',#13713,#13714,#13715);
#10461=CARTESIAN_POINT('',(-5.88925442435895,-0.5,8.97399311841135));
#10462=CARTESIAN_POINT('',(-5.88925442435895,0.5,8.97399311841135));
#10463=VECTOR('',#13716,1000.0);
#10464=AXIS2_PLACEMENT_3D('',#13717,#13718,#13719);
#10465=CARTESIAN_POINT('',(5.31252311481466,1.21014844603678E-16,11.0));
#10466=CARTESIAN_POINT('',(4.95000000000001,1.18887178680075E-16,10.8309526953037));
#10467=CARTESIAN_POINT('',(5.13126155740734,1.19951011641876E-16,10.9154763476519));
#10468=VECTOR('',#13720,1.0);
#10469=CARTESIAN_POINT('',(5.52383224568501,0.5,10.5468461064817));
#10470=AXIS2_PLACEMENT_3D('',#13721,#13722,#13723);
#10471=CARTESIAN_POINT('',(5.16130913087036,0.5,10.3777988017854));
#10472=CARTESIAN_POINT('',(6.06761691790701,0.5,10.8004170635261));
#10473=VECTOR('',#13724,1000.0);
#10474=AXIS2_PLACEMENT_3D('',#13725,#13726,#13727);
#10475=CARTESIAN_POINT('',(5.16130913087035,-0.5,10.3777988017854));
#10476=AXIS2_PLACEMENT_3D('',#13728,#13729,#13730);
#10477=CARTESIAN_POINT('',(5.52383224568501,-0.5,10.5468461064817));
#10478=CARTESIAN_POINT('',(6.06761691790701,-0.5,10.8004170635261));
#10479=VECTOR('',#13731,1000.0);
#10480=AXIS2_PLACEMENT_3D('',#13732,#13733,#13734);
#10481=CARTESIAN_POINT('',(-6.0078385041665,-0.5,9.50889133559821));
#10482=AXIS2_PLACEMENT_3D('',#13735,#13736,#13737);
#10483=CARTESIAN_POINT('',(-6.0078385041665,0.5,9.50889133559821));
#10484=CARTESIAN_POINT('',(-6.0078385041665,0.5,9.50889133559821));
#10485=VECTOR('',#13738,1000.0);
#10486=AXIS2_PLACEMENT_3D('',#13739,#13740,#13741);
#10487=CARTESIAN_POINT('',(-5.59667242967488,0.5,9.44415919456323));
#10488=AXIS2_PLACEMENT_3D('',#13742,#13743,#13744);
#10489=CARTESIAN_POINT('',(-5.59667242967488,-0.5,9.44415919456323));
#10490=CARTESIAN_POINT('',(-5.59667242967488,0.5,9.44415919456323));
#10491=VECTOR('',#13745,1000.0);
#10492=AXIS2_PLACEMENT_3D('',#13746,#13747,#13748);
#10494=CARTESIAN_POINT('',(4.5,-4.64817754479295E-16,-2.80956504710028));
#10495=CARTESIAN_POINT('',(4.5,-1.20577136594005,-2.84305869615418));
#10496=CARTESIAN_POINT('',(3.89711431702998,-2.25,-2.87206504710028));
#10497=CARTESIAN_POINT('',(2.59807621135332,-4.49999999999999,-2.93456504710028));
#10498=CARTESIAN_POINT('',(1.65327317884893E-15,-4.5,-2.99706504710028));
#10499=CARTESIAN_POINT('',(-2.59807621135332,-4.5,-3.05956504710029));
#10500=CARTESIAN_POINT('',(-3.89711431702997,-2.25,-3.12206504710028));
#10501=CARTESIAN_POINT('',(-4.5,-1.20577136594005,-3.1510713980464));
#10502=CARTESIAN_POINT('',(-4.5,-9.29635508958591E-16,-3.18456504710029));
#10510=CARTESIAN_POINT('',(4.5,-4.64817754479295E-16,-2.62190420929098));
#10511=CARTESIAN_POINT('',(4.5,-1.20577136594005,-2.65539785834488));
#10512=CARTESIAN_POINT('',(3.89711431702998,-2.25,-2.68440420929098));
#10513=CARTESIAN_POINT('',(2.59807621135332,-4.49999999999999,-2.74690420929098));
#10514=CARTESIAN_POINT('',(1.65327317884893E-15,-4.5,-2.80940420929098));
#10515=CARTESIAN_POINT('',(-2.59807621135332,-4.5,-2.87190420929098));
#10516=CARTESIAN_POINT('',(-3.89711431702997,-2.25,-2.93440420929098));
#10517=CARTESIAN_POINT('',(-4.5,-1.20577136594005,-2.9634105602371));
#10518=CARTESIAN_POINT('',(-4.5,-9.29635508958591E-16,-2.99690420929098));
#10525=AXIS2_PLACEMENT_3D('',#13749,#13750,#13751);
#10526=AXIS2_PLACEMENT_3D('',#13752,#13753,#13754);
#10527=AXIS2_PLACEMENT_3D('',#13755,#13756,#13757);
#10528=AXIS2_PLACEMENT_3D('',#13758,#13759,#13760);
#10529=CARTESIAN_POINT('',(1.5,2.59807621135332,-16.7));
#10530=AXIS2_PLACEMENT_3D('',#13761,#13762,#13763);
#10531=CARTESIAN_POINT('',(1.5,2.59807621135332,-10.5));
#10532=CARTESIAN_POINT('',(1.5,2.59807621135332,-10.5));
#10533=VECTOR('',#13764,1000.0);
#10534=AXIS2_PLACEMENT_3D('',#13765,#13766,#13767);
#10535=CARTESIAN_POINT('',(3.75,4.85,6.25));
#10536=CARTESIAN_POINT('',(3.75,4.85,-1.6));
#10537=CARTESIAN_POINT('',(3.75,4.85,6.25));
#10538=VECTOR('',#13768,1000.0);
#10539=CARTESIAN_POINT('',(2.8,4.85,-1.6));
#10540=CARTESIAN_POINT('',(2.8,4.85,-1.6));
#10541=VECTOR('',#13769,1000.0);
#10542=CARTESIAN_POINT('',(2.8,4.85,-1.9));
#10543=CARTESIAN_POINT('',(2.8,4.85,-2.2));
#10544=VECTOR('',#13770,1000.0);
#10545=CARTESIAN_POINT('',(2.0,4.85,-1.9));
#10546=CARTESIAN_POINT('',(-3.75,4.85,-1.9));
#10547=VECTOR('',#13771,1000.0);
#10548=CARTESIAN_POINT('',(2.0,4.85,-2.2));
#10549=CARTESIAN_POINT('',(2.0,4.85,-2.5));
#10550=VECTOR('',#13772,1000.0);
#10551=CARTESIAN_POINT('',(-2.0,4.85,-2.2));
#10552=CARTESIAN_POINT('',(-3.75,4.85,-2.2));
#10553=VECTOR('',#13773,1000.0);
#10554=CARTESIAN_POINT('',(-2.0,4.85,-1.9));
#10555=CARTESIAN_POINT('',(-2.0,4.85,-2.5));
#10556=VECTOR('',#13774,1000.0);
#10557=CARTESIAN_POINT('',(-2.8,4.85,-1.9));
#10558=CARTESIAN_POINT('',(-3.75,4.85,-1.9));
#10559=VECTOR('',#13775,1000.0);
#10560=CARTESIAN_POINT('',(-2.8,4.85,-1.6));
#10561=CARTESIAN_POINT('',(-2.8,4.85,-2.2));
#10562=VECTOR('',#13776,1000.0);
#10563=CARTESIAN_POINT('',(-3.75,4.85,-1.6));
#10564=CARTESIAN_POINT('',(-3.75,4.85,-1.6));
#10565=VECTOR('',#13777,1000.0);
#10566=CARTESIAN_POINT('',(-3.75,4.85,6.25));
#10567=CARTESIAN_POINT('',(-3.75,4.85,6.25));
#10568=VECTOR('',#13778,1000.0);
#10569=CARTESIAN_POINT('',(4.75,4.85,6.25));
#10570=VECTOR('',#13779,1000.0);
#10571=CARTESIAN_POINT('',(4.75,3.85,-1.6));
#10572=CARTESIAN_POINT('',(4.75,3.85,6.25));
#10573=CARTESIAN_POINT('',(4.75,3.85,6.25));
#10574=VECTOR('',#13780,1000.0);
#10575=AXIS2_PLACEMENT_3D('',#13781,#13782,#13783);
#10576=CARTESIAN_POINT('',(4.5851646544245,4.4,6.25));
#10577=AXIS2_PLACEMENT_3D('',#13784,#13785,#13786);
#10578=AXIS2_PLACEMENT_3D('',#13787,#13788,#13789);
#10579=CARTESIAN_POINT('',(4.75,-3.09888527117066,-1.30975326296074E-17));
#10580=CARTESIAN_POINT('',(4.75,-5.5,-6.64854857037426E-17));
#10581=CARTESIAN_POINT('',(4.75,4.85,-9.64325133116266E-17));
#10582=VECTOR('',#13790,1000.0);
#10583=CARTESIAN_POINT('',(4.75,-3.09888527117067,-1.0));
#10584=CARTESIAN_POINT('',(4.75,-3.09888527117067,-1.0));
#10585=VECTOR('',#13791,1000.0);
#10586=CARTESIAN_POINT('',(4.75,-5.75,-1.0));
#10587=CARTESIAN_POINT('',(4.75,-3.09888527117067,-1.0));
#10588=VECTOR('',#13792,1000.0);
#10589=CARTESIAN_POINT('',(4.75,-5.75,-1.6));
#10590=CARTESIAN_POINT('',(4.75,-5.75,-1.9));
#10591=VECTOR('',#13793,1000.0);
#10592=CARTESIAN_POINT('',(4.75,-2.05,-1.6));
#10593=CARTESIAN_POINT('',(4.75,-2.05,-1.6));
#10594=VECTOR('',#13794,1000.0);
#10595=CARTESIAN_POINT('',(4.75,-2.05,-0.5));
#10596=CARTESIAN_POINT('',(4.75,-2.05,-1.9));
#10597=VECTOR('',#13795,1000.0);
#10598=CARTESIAN_POINT('',(4.75,-1.55,-7.79145445492636E-17));
#10599=CARTESIAN_POINT('',(4.75,-1.55,2.19770710638951E-15));
#10600=VECTOR('',#13796,1000.0);
#10601=CARTESIAN_POINT('',(4.75,1.55,-8.68841856685331E-17));
#10602=CARTESIAN_POINT('',(4.75,4.85,0.0));
#10603=VECTOR('',#13797,1000.0);
#10604=CARTESIAN_POINT('',(4.75,2.05,-0.5));
#10605=CARTESIAN_POINT('',(4.75,1.55,3.25260651745649E-15));
#10606=VECTOR('',#13798,1000.0);
#10607=CARTESIAN_POINT('',(4.75,2.05,-1.6));
#10608=CARTESIAN_POINT('',(4.75,2.05,-1.9));
#10609=VECTOR('',#13799,1000.0);
#10610=CARTESIAN_POINT('',(4.75,3.85,-1.6));
#10611=VECTOR('',#13800,1000.0);
#10612=CARTESIAN_POINT('',(4.75,2.05,6.25));
#10613=CARTESIAN_POINT('',(4.75,4.85,6.25));
#10614=VECTOR('',#13801,1000.0);
#10615=CARTESIAN_POINT('',(4.75,1.45,6.25));
#10616=CARTESIAN_POINT('',(4.75,4.85,6.25));
#10617=VECTOR('',#13802,1000.0);
#10618=CARTESIAN_POINT('',(4.75,-1.45,6.25));
#10619=CARTESIAN_POINT('',(4.75,4.85,6.25));
#10620=VECTOR('',#13803,1000.0);
#10621=CARTESIAN_POINT('',(4.75,-2.05,6.25));
#10622=CARTESIAN_POINT('',(4.75,4.85,6.25));
#10623=VECTOR('',#13804,1000.0);
#10624=CARTESIAN_POINT('',(4.75,-4.4,6.25));
#10625=CARTESIAN_POINT('',(4.75,4.85,6.25));
#10626=VECTOR('',#13805,1000.0);
#10627=CARTESIAN_POINT('',(4.75,-5.75,6.25));
#10628=CARTESIAN_POINT('',(4.75,4.85,6.25));
#10629=VECTOR('',#13806,1000.0);
#10630=CARTESIAN_POINT('',(4.75,-5.75,1.1));
#10631=CARTESIAN_POINT('',(4.75,-5.75,6.25));
#10632=VECTOR('',#13807,1000.0);
#10633=CARTESIAN_POINT('',(4.75,-6.2,1.1));
#10634=CARTESIAN_POINT('',(4.75,-6.5,1.1));
#10635=VECTOR('',#13808,1000.0);
#10636=CARTESIAN_POINT('',(4.75,-6.2,0.5));
#10637=CARTESIAN_POINT('',(4.75,-6.2,6.25));
#10638=VECTOR('',#13809,1000.0);
#10639=CARTESIAN_POINT('',(4.75,-5.5,0.5));
#10640=CARTESIAN_POINT('',(4.75,-6.25,0.5));
#10641=VECTOR('',#13810,1000.0);
#10642=CARTESIAN_POINT('',(4.75,-5.5,0.5));
#10643=VECTOR('',#13811,1000.0);
#10644=CARTESIAN_POINT('',(-4.75,3.85,-1.6));
#10645=AXIS2_PLACEMENT_3D('',#13812,#13813,#13814);
#10646=CARTESIAN_POINT('',(-4.75,3.85,6.25));
#10647=CARTESIAN_POINT('',(-4.75,3.85,6.25));
#10648=VECTOR('',#13815,1000.0);
#10649=CARTESIAN_POINT('',(-4.5851646544245,4.4,6.25));
#10650=AXIS2_PLACEMENT_3D('',#13816,#13817,#13818);
#10651=AXIS2_PLACEMENT_3D('',#13819,#13820,#13821);
#10652=CARTESIAN_POINT('',(-4.75,2.05,-1.6));
#10653=CARTESIAN_POINT('',(-4.75,2.05,-1.6));
#10654=VECTOR('',#13822,1000.0);
#10655=CARTESIAN_POINT('',(-4.75,2.05,-0.5));
#10656=CARTESIAN_POINT('',(-4.75,2.05,-1.9));
#10657=VECTOR('',#13823,1000.0);
#10658=CARTESIAN_POINT('',(-4.75,1.55,7.79145445492636E-17));
#10659=CARTESIAN_POINT('',(-4.75,1.55,1.80700362080919E-16));
#10660=VECTOR('',#13824,1000.0);
#10661=CARTESIAN_POINT('',(-4.75,-1.55,8.68841856685331E-17));
#10662=CARTESIAN_POINT('',(-4.75,4.85,0.0));
#10663=VECTOR('',#13825,1000.0);
#10664=CARTESIAN_POINT('',(-4.75,-2.05,-0.5));
#10665=CARTESIAN_POINT('',(-4.75,-1.55,1.22094839243862E-16));
#10666=VECTOR('',#13826,1000.0);
#10667=CARTESIAN_POINT('',(-4.75,-2.05,-1.6));
#10668=CARTESIAN_POINT('',(-4.75,-2.05,-1.9));
#10669=VECTOR('',#13827,1000.0);
#10670=CARTESIAN_POINT('',(-4.75,-5.75,-1.6));
#10671=CARTESIAN_POINT('',(-4.75,-5.75,-1.6));
#10672=VECTOR('',#13828,1000.0);
#10673=CARTESIAN_POINT('',(-4.75,-5.75,-1.0));
#10674=CARTESIAN_POINT('',(-4.75,-5.75,-1.9));
#10675=VECTOR('',#13829,1000.0);
#10676=CARTESIAN_POINT('',(-4.75,-4.6,-1.0));
#10677=CARTESIAN_POINT('',(-4.75,-4.6,-1.0));
#10678=VECTOR('',#13830,1000.0);
#10679=CARTESIAN_POINT('',(-4.75,-4.6,9.57091551568467E-17));
#10680=CARTESIAN_POINT('',(-4.75,-4.6,-1.0));
#10681=VECTOR('',#13831,1000.0);
#10682=CARTESIAN_POINT('',(-4.75,-5.5,9.8313244514054E-17));
#10683=CARTESIAN_POINT('',(-4.75,4.85,6.83662169061701E-17));
#10684=VECTOR('',#13832,1000.0);
#10685=CARTESIAN_POINT('',(-4.75,-5.5,0.5));
#10686=CARTESIAN_POINT('',(-4.75,-5.5,0.5));
#10687=VECTOR('',#13833,1000.0);
#10688=CARTESIAN_POINT('',(-4.75,-6.2,0.5));
#10689=CARTESIAN_POINT('',(-4.75,-6.25,0.5));
#10690=VECTOR('',#13834,1000.0);
#10691=CARTESIAN_POINT('',(-4.75,-6.2,1.1));
#10692=CARTESIAN_POINT('',(-4.75,-6.2,1.1));
#10693=VECTOR('',#13835,1000.0);
#10694=CARTESIAN_POINT('',(-4.75,-5.75,1.1));
#10695=CARTESIAN_POINT('',(-4.75,-6.5,1.1));
#10696=VECTOR('',#13836,1000.0);
#10697=CARTESIAN_POINT('',(-4.75,-5.75,6.25));
#10698=CARTESIAN_POINT('',(-4.75,-5.75,6.25));
#10699=VECTOR('',#13837,1000.0);
#10700=CARTESIAN_POINT('',(-4.75,-4.4,6.25));
#10701=CARTESIAN_POINT('',(-4.75,4.85,6.25));
#10702=VECTOR('',#13838,1000.0);
#10703=CARTESIAN_POINT('',(-4.75,-2.05,6.25));
#10704=CARTESIAN_POINT('',(-4.75,4.85,6.25));
#10705=VECTOR('',#13839,1000.0);
#10706=CARTESIAN_POINT('',(-4.75,-1.45,6.25));
#10707=CARTESIAN_POINT('',(-4.75,4.85,6.25));
#10708=VECTOR('',#13840,1000.0);
#10709=CARTESIAN_POINT('',(-4.75,1.45,6.25));
#10710=CARTESIAN_POINT('',(-4.75,4.85,6.25));
#10711=VECTOR('',#13841,1000.0);
#10712=CARTESIAN_POINT('',(-4.75,2.05,6.25));
#10713=CARTESIAN_POINT('',(-4.75,4.85,6.25));
#10714=VECTOR('',#13842,1000.0);
#10715=CARTESIAN_POINT('',(-4.75,4.85,6.25));
#10716=VECTOR('',#13843,1000.0);
#10717=CARTESIAN_POINT('',(-2.05,-7.65,10.8174057216542));
#10718=CARTESIAN_POINT('',(-2.28786796564404,-7.65,11.0552736872983));
#10719=CARTESIAN_POINT('',(2.56213203435597,-7.65,6.20527368729834));
#10720=VECTOR('',#13844,1000.0);
#10721=AXIS2_PLACEMENT_3D('',#13845,#13846,#13847);
#10722=CARTESIAN_POINT('',(-2.95,-7.65,10.8174057216542));
#10723=CARTESIAN_POINT('',(-6.66213203435596,-7.65,7.10527368729827));
#10724=VECTOR('',#13848,1000.0);
#10725=CARTESIAN_POINT('',(-2.95,-7.65,6.64314165294232));
#10726=CARTESIAN_POINT('',(-2.95,-7.65,6.64314165294232));
#10727=VECTOR('',#13849,1000.0);
#10728=CARTESIAN_POINT('',(-3.4,-7.65,6.64314165294232));
#10729=CARTESIAN_POINT('',(-2.95,-7.65,6.64314165294232));
#10730=VECTOR('',#13850,1000.0);
#10731=CARTESIAN_POINT('',(-3.4,-7.65,5.45));
#10732=CARTESIAN_POINT('',(-3.4,-7.65,6.64314165294232));
#10733=VECTOR('',#13851,1000.0);
#10734=CARTESIAN_POINT('',(-1.6,-7.65,5.45));
#10735=CARTESIAN_POINT('',(-1.6,-7.65,5.45));
#10736=VECTOR('',#13852,1000.0);
#10737=CARTESIAN_POINT('',(-1.6,-7.65,6.64314165294232));
#10738=CARTESIAN_POINT('',(-1.6,-7.65,6.64314165294232));
#10739=VECTOR('',#13853,1000.0);
#10740=CARTESIAN_POINT('',(-2.05,-7.65,6.64314165294232));
#10741=CARTESIAN_POINT('',(-1.6,-7.65,6.64314165294232));
#10742=VECTOR('',#13854,1000.0);
#10743=CARTESIAN_POINT('',(-2.05,-7.65,6.64314165294232));
#10744=VECTOR('',#13855,1000.0);
#10745=CARTESIAN_POINT('',(-2.28786796564404,-7.35,11.0552736872983));
#10746=AXIS2_PLACEMENT_3D('',#13856,#13857,#13858);
#10747=CARTESIAN_POINT('',(-2.05,-7.35,10.8174057216542));
#10748=CARTESIAN_POINT('',(2.56213203435597,-7.35,6.20527368729834));
#10749=VECTOR('',#13859,1000.0);
#10750=CARTESIAN_POINT('',(-2.05,-7.35,6.64314165294232));
#10751=CARTESIAN_POINT('',(-2.05,-7.35,6.64314165294232));
#10752=VECTOR('',#13860,1000.0);
#10753=CARTESIAN_POINT('',(-1.6,-7.35,6.64314165294232));
#10754=CARTESIAN_POINT('',(-1.6,-7.35,6.64314165294232));
#10755=VECTOR('',#13861,1000.0);
#10756=CARTESIAN_POINT('',(-1.6,-7.35,5.45));
#10757=CARTESIAN_POINT('',(-1.6,-7.35,6.64314165294232));
#10758=VECTOR('',#13862,1000.0);
#10759=CARTESIAN_POINT('',(-3.4,-7.35,5.45));
#10760=CARTESIAN_POINT('',(-1.6,-7.35,5.45));
#10761=VECTOR('',#13863,1000.0);
#10762=CARTESIAN_POINT('',(-3.4,-7.35,6.64314165294232));
#10763=CARTESIAN_POINT('',(-3.4,-7.35,6.64314165294232));
#10764=VECTOR('',#13864,1000.0);
#10765=CARTESIAN_POINT('',(-2.95,-7.35,6.64314165294232));
#10766=CARTESIAN_POINT('',(-2.95,-7.35,6.64314165294232));
#10767=VECTOR('',#13865,1000.0);
#10768=CARTESIAN_POINT('',(-2.95,-7.35,10.8174057216542));
#10769=CARTESIAN_POINT('',(-2.95,-7.35,6.64314165294232));
#10770=VECTOR('',#13866,1000.0);
#10771=CARTESIAN_POINT('',(-6.66213203435596,-7.35,7.10527368729827));
#10772=VECTOR('',#13867,1000.0);
#10773=CARTESIAN_POINT('',(-2.05,-7.35,10.8174057216542));
#10774=VECTOR('',#13868,1000.0);
#10775=CARTESIAN_POINT('',(-2.05,-7.35,6.64314165294232));
#10776=VECTOR('',#13869,1000.0);
#10777=CARTESIAN_POINT('',(-2.95,-7.35,10.8174057216542));
#10778=VECTOR('',#13870,1000.0);
#10779=CARTESIAN_POINT('',(-2.95,-7.35,6.64314165294232));
#10780=VECTOR('',#13871,1000.0);
#10781=CARTESIAN_POINT('',(-3.4,-7.35,6.64314165294232));
#10782=VECTOR('',#13872,1000.0);
#10783=CARTESIAN_POINT('',(-1.6,-7.35,6.64314165294232));
#10784=VECTOR('',#13873,1000.0);
#10785=CARTESIAN_POINT('',(-3.4,-6.25,5.15));
#10786=CARTESIAN_POINT('',(-1.6,-6.25,5.15));
#10787=CARTESIAN_POINT('',(-1.6,-6.25,5.15));
#10788=VECTOR('',#13874,1000.0);
#10789=CARTESIAN_POINT('',(-3.4,-7.05,5.15));
#10790=CARTESIAN_POINT('',(-3.4,-8.95,5.15));
#10791=VECTOR('',#13875,1000.0);
#10792=CARTESIAN_POINT('',(-1.6,-7.05,5.15));
#10793=CARTESIAN_POINT('',(-1.6,-7.05,5.15));
#10794=VECTOR('',#13876,1000.0);
#10795=CARTESIAN_POINT('',(-1.6,-8.95,5.15));
#10796=VECTOR('',#13877,1000.0);
#10797=CARTESIAN_POINT('',(-1.6,-6.25,4.85));
#10798=CARTESIAN_POINT('',(-1.6,-6.25,5.15));
#10799=VECTOR('',#13878,1000.0);
#10800=AXIS2_PLACEMENT_3D('',#13879,#13880,#13881);
#10801=CARTESIAN_POINT('',(-1.6,-7.05,4.85));
#10802=AXIS2_PLACEMENT_3D('',#13882,#13883,#13884);
#10803=CARTESIAN_POINT('',(-1.6,-8.95,4.85));
#10804=VECTOR('',#13885,1000.0);
#10805=CARTESIAN_POINT('',(-3.4,-7.05,4.85));
#10806=CARTESIAN_POINT('',(-3.4,-6.25,4.85));
#10807=CARTESIAN_POINT('',(-3.4,-8.95,4.85));
#10808=VECTOR('',#13886,1000.0);
#10809=CARTESIAN_POINT('',(-1.6,-6.25,4.85));
#10810=VECTOR('',#13887,1000.0);
#10811=CARTESIAN_POINT('',(-1.6,-7.05,4.85));
#10812=VECTOR('',#13888,1000.0);
#10813=CARTESIAN_POINT('',(-3.4,-6.25,5.15));
#10814=VECTOR('',#13889,1000.0);
#10815=AXIS2_PLACEMENT_3D('',#13890,#13891,#13892);
#10816=AXIS2_PLACEMENT_3D('',#13893,#13894,#13895);
#10817=CARTESIAN_POINT('',(-2.28786796564404,-7.35,11.0552736872983));
#10818=VECTOR('',#13896,1000.0);
#10819=CARTESIAN_POINT('',(2.95,-7.65,10.8174057216543));
#10820=CARTESIAN_POINT('',(2.71213203435596,-7.65,11.0552736872983));
#10821=CARTESIAN_POINT('',(7.56213203435597,-7.65,6.20527368729834));
#10822=VECTOR('',#13897,1000.0);
#10823=AXIS2_PLACEMENT_3D('',#13898,#13899,#13900);
#10824=CARTESIAN_POINT('',(2.05,-7.65,10.8174057216542));
#10825=CARTESIAN_POINT('',(-1.66213203435596,-7.65,7.10527368729827));
#10826=VECTOR('',#13901,1000.0);
#10827=CARTESIAN_POINT('',(2.05,-7.65,6.64314165294232));
#10828=CARTESIAN_POINT('',(2.05,-7.65,6.64314165294232));
#10829=VECTOR('',#13902,1000.0);
#10830=CARTESIAN_POINT('',(1.6,-7.65,6.64314165294232));
#10831=CARTESIAN_POINT('',(2.05,-7.65,6.64314165294232));
#10832=VECTOR('',#13903,1000.0);
#10833=CARTESIAN_POINT('',(1.6,-7.65,5.45));
#10834=CARTESIAN_POINT('',(1.6,-7.65,6.64314165294232));
#10835=VECTOR('',#13904,1000.0);
#10836=CARTESIAN_POINT('',(3.4,-7.65,5.45));
#10837=CARTESIAN_POINT('',(3.4,-7.65,5.45));
#10838=VECTOR('',#13905,1000.0);
#10839=CARTESIAN_POINT('',(3.4,-7.65,6.64314165294232));
#10840=CARTESIAN_POINT('',(3.4,-7.65,6.64314165294232));
#10841=VECTOR('',#13906,1000.0);
#10842=CARTESIAN_POINT('',(2.95,-7.65,6.64314165294232));
#10843=CARTESIAN_POINT('',(3.4,-7.65,6.64314165294232));
#10844=VECTOR('',#13907,1000.0);
#10845=CARTESIAN_POINT('',(2.95,-7.65,6.64314165294232));
#10846=VECTOR('',#13908,1000.0);
#10847=CARTESIAN_POINT('',(2.71213203435596,-7.35,11.0552736872983));
#10848=AXIS2_PLACEMENT_3D('',#13909,#13910,#13911);
#10849=CARTESIAN_POINT('',(2.95,-7.35,10.8174057216543));
#10850=CARTESIAN_POINT('',(7.56213203435597,-7.35,6.20527368729834));
#10851=VECTOR('',#13912,1000.0);
#10852=CARTESIAN_POINT('',(2.95,-7.35,6.64314165294232));
#10853=CARTESIAN_POINT('',(2.95,-7.35,6.64314165294232));
#10854=VECTOR('',#13913,1000.0);
#10855=CARTESIAN_POINT('',(3.4,-7.35,6.64314165294232));
#10856=CARTESIAN_POINT('',(3.4,-7.35,6.64314165294232));
#10857=VECTOR('',#13914,1000.0);
#10858=CARTESIAN_POINT('',(3.4,-7.35,5.45));
#10859=CARTESIAN_POINT('',(3.4,-7.35,6.64314165294232));
#10860=VECTOR('',#13915,1000.0);
#10861=CARTESIAN_POINT('',(1.6,-7.35,5.45));
#10862=CARTESIAN_POINT('',(3.4,-7.35,5.45));
#10863=VECTOR('',#13916,1000.0);
#10864=CARTESIAN_POINT('',(1.6,-7.35,6.64314165294232));
#10865=CARTESIAN_POINT('',(1.6,-7.35,6.64314165294232));
#10866=VECTOR('',#13917,1000.0);
#10867=CARTESIAN_POINT('',(2.05,-7.35,6.64314165294232));
#10868=CARTESIAN_POINT('',(2.05,-7.35,6.64314165294232));
#10869=VECTOR('',#13918,1000.0);
#10870=CARTESIAN_POINT('',(2.05,-7.35,10.8174057216542));
#10871=CARTESIAN_POINT('',(2.05,-7.35,6.64314165294232));
#10872=VECTOR('',#13919,1000.0);
#10873=CARTESIAN_POINT('',(-1.66213203435596,-7.35,7.10527368729827));
#10874=VECTOR('',#13920,1000.0);
#10875=CARTESIAN_POINT('',(2.95,-7.35,10.8174057216543));
#10876=VECTOR('',#13921,1000.0);
#10877=CARTESIAN_POINT('',(2.95,-7.35,6.64314165294232));
#10878=VECTOR('',#13922,1000.0);
#10879=CARTESIAN_POINT('',(2.05,-7.35,10.8174057216542));
#10880=VECTOR('',#13923,1000.0);
#10881=CARTESIAN_POINT('',(2.05,-7.35,6.64314165294232));
#10882=VECTOR('',#13924,1000.0);
#10883=CARTESIAN_POINT('',(1.6,-7.35,6.64314165294232));
#10884=VECTOR('',#13925,1000.0);
#10885=CARTESIAN_POINT('',(3.4,-7.35,6.64314165294232));
#10886=VECTOR('',#13926,1000.0);
#10887=CARTESIAN_POINT('',(1.6,-6.25,5.15));
#10888=CARTESIAN_POINT('',(3.4,-6.25,5.15));
#10889=CARTESIAN_POINT('',(3.4,-6.25,5.15));
#10890=VECTOR('',#13927,1000.0);
#10891=CARTESIAN_POINT('',(1.6,-7.05,5.15));
#10892=CARTESIAN_POINT('',(1.6,-8.95,5.15));
#10893=VECTOR('',#13928,1000.0);
#10894=CARTESIAN_POINT('',(3.4,-7.05,5.15));
#10895=CARTESIAN_POINT('',(3.4,-7.05,5.15));
#10896=VECTOR('',#13929,1000.0);
#10897=CARTESIAN_POINT('',(3.4,-8.95,5.15));
#10898=VECTOR('',#13930,1000.0);
#10899=CARTESIAN_POINT('',(3.4,-6.25,4.85));
#10900=CARTESIAN_POINT('',(3.4,-6.25,5.15));
#10901=VECTOR('',#13931,1000.0);
#10902=AXIS2_PLACEMENT_3D('',#13932,#13933,#13934);
#10903=CARTESIAN_POINT('',(3.4,-7.05,4.85));
#10904=AXIS2_PLACEMENT_3D('',#13935,#13936,#13937);
#10905=CARTESIAN_POINT('',(3.4,-8.95,4.85));
#10906=VECTOR('',#13938,1000.0);
#10907=CARTESIAN_POINT('',(1.6,-7.05,4.85));
#10908=CARTESIAN_POINT('',(1.6,-6.25,4.85));
#10909=CARTESIAN_POINT('',(1.6,-8.95,4.85));
#10910=VECTOR('',#13939,1000.0);
#10911=CARTESIAN_POINT('',(3.4,-6.25,4.85));
#10912=VECTOR('',#13940,1000.0);
#10913=CARTESIAN_POINT('',(3.4,-7.05,4.85));
#10914=VECTOR('',#13941,1000.0);
#10915=CARTESIAN_POINT('',(1.6,-6.25,5.15));
#10916=VECTOR('',#13942,1000.0);
#10917=AXIS2_PLACEMENT_3D('',#13943,#13944,#13945);
#10918=AXIS2_PLACEMENT_3D('',#13946,#13947,#13948);
#10919=CARTESIAN_POINT('',(2.71213203435596,-7.35,11.0552736872983));
#10920=VECTOR('',#13949,1000.0);
#10921=CARTESIAN_POINT('',(2.95,-10.15,10.8174057216543));
#10922=CARTESIAN_POINT('',(2.71213203435597,-10.15,11.0552736872983));
#10923=CARTESIAN_POINT('',(5.26213203435597,-10.15,8.50527368729833));
#10924=VECTOR('',#13950,1000.0);
#10925=AXIS2_PLACEMENT_3D('',#13951,#13952,#13953);
#10926=CARTESIAN_POINT('',(2.05,-10.15,10.8174057216542));
#10927=CARTESIAN_POINT('',(0.637867965644037,-10.15,9.40527368729829));
#10928=VECTOR('',#13954,1000.0);
#10929=CARTESIAN_POINT('',(2.05,-10.15,6.64314165294233));
#10930=CARTESIAN_POINT('',(2.05,-10.15,6.64314165294233));
#10931=VECTOR('',#13955,1000.0);
#10932=CARTESIAN_POINT('',(1.6,-10.15,6.64314165294233));
#10933=CARTESIAN_POINT('',(2.05,-10.15,6.64314165294233));
#10934=VECTOR('',#13956,1000.0);
#10935=CARTESIAN_POINT('',(1.6,-10.15,2.95000000000004));
#10936=CARTESIAN_POINT('',(1.6,-10.15,6.64314165294233));
#10937=VECTOR('',#13957,1000.0);
#10938=CARTESIAN_POINT('',(3.4,-10.15,2.95000000000004));
#10939=CARTESIAN_POINT('',(3.4,-10.15,2.95000000000004));
#10940=VECTOR('',#13958,1000.0);
#10941=CARTESIAN_POINT('',(3.4,-10.15,6.64314165294233));
#10942=CARTESIAN_POINT('',(3.4,-10.15,6.64314165294233));
#10943=VECTOR('',#13959,1000.0);
#10944=CARTESIAN_POINT('',(2.95,-10.15,6.64314165294233));
#10945=CARTESIAN_POINT('',(3.4,-10.15,6.64314165294233));
#10946=VECTOR('',#13960,1000.0);
#10947=CARTESIAN_POINT('',(2.95,-10.15,6.64314165294233));
#10948=VECTOR('',#13961,1000.0);
#10949=CARTESIAN_POINT('',(2.71213203435596,-9.85,11.0552736872983));
#10950=AXIS2_PLACEMENT_3D('',#13962,#13963,#13964);
#10951=CARTESIAN_POINT('',(2.95,-9.85,10.8174057216543));
#10952=CARTESIAN_POINT('',(5.26213203435597,-9.85,8.50527368729833));
#10953=VECTOR('',#13965,1000.0);
#10954=CARTESIAN_POINT('',(2.95,-9.85,6.64314165294233));
#10955=CARTESIAN_POINT('',(2.95,-9.85,6.64314165294233));
#10956=VECTOR('',#13966,1000.0);
#10957=CARTESIAN_POINT('',(3.4,-9.85,6.64314165294233));
#10958=CARTESIAN_POINT('',(3.4,-9.85,6.64314165294233));
#10959=VECTOR('',#13967,1000.0);
#10960=CARTESIAN_POINT('',(3.4,-9.85,2.95000000000004));
#10961=CARTESIAN_POINT('',(3.4,-9.85,6.64314165294233));
#10962=VECTOR('',#13968,1000.0);
#10963=CARTESIAN_POINT('',(1.6,-9.85,2.95000000000004));
#10964=CARTESIAN_POINT('',(3.4,-9.85,2.95000000000004));
#10965=VECTOR('',#13969,1000.0);
#10966=CARTESIAN_POINT('',(1.6,-9.85,6.64314165294233));
#10967=CARTESIAN_POINT('',(1.6,-9.85,6.64314165294233));
#10968=VECTOR('',#13970,1000.0);
#10969=CARTESIAN_POINT('',(2.05,-9.85,6.64314165294233));
#10970=CARTESIAN_POINT('',(2.05,-9.85,6.64314165294233));
#10971=VECTOR('',#13971,1000.0);
#10972=CARTESIAN_POINT('',(2.05,-9.85,10.8174057216542));
#10973=CARTESIAN_POINT('',(2.05,-9.85,6.64314165294233));
#10974=VECTOR('',#13972,1000.0);
#10975=CARTESIAN_POINT('',(0.637867965644037,-9.85,9.40527368729829));
#10976=VECTOR('',#13973,1000.0);
#10977=CARTESIAN_POINT('',(2.95,-9.85,10.8174057216543));
#10978=VECTOR('',#13974,1000.0);
#10979=CARTESIAN_POINT('',(2.95,-9.85,6.64314165294233));
#10980=VECTOR('',#13975,1000.0);
#10981=CARTESIAN_POINT('',(2.05,-9.85,10.8174057216542));
#10982=VECTOR('',#13976,1000.0);
#10983=CARTESIAN_POINT('',(2.05,-9.85,6.64314165294233));
#10984=VECTOR('',#13977,1000.0);
#10985=CARTESIAN_POINT('',(1.6,-9.85,6.64314165294233));
#10986=VECTOR('',#13978,1000.0);
#10987=CARTESIAN_POINT('',(3.4,-9.85,6.64314165294233));
#10988=VECTOR('',#13979,1000.0);
#10989=CARTESIAN_POINT('',(1.6,-6.25,2.65000000000003));
#10990=CARTESIAN_POINT('',(3.4,-6.25,2.65000000000003));
#10991=CARTESIAN_POINT('',(3.4,-6.25,2.65000000000003));
#10992=VECTOR('',#13980,1000.0);
#10993=CARTESIAN_POINT('',(1.6,-9.55,2.65000000000003));
#10994=CARTESIAN_POINT('',(1.6,-13.95,2.65));
#10995=VECTOR('',#13981,1000.0);
#10996=CARTESIAN_POINT('',(3.4,-9.55,2.65000000000003));
#10997=CARTESIAN_POINT('',(3.4,-9.55,2.65000000000003));
#10998=VECTOR('',#13982,1000.0);
#10999=CARTESIAN_POINT('',(3.4,-13.95,2.65));
#11000=VECTOR('',#13983,1000.0);
#11001=CARTESIAN_POINT('',(3.4,-6.25,2.35000000000004));
#11002=CARTESIAN_POINT('',(3.4,-6.25,2.65));
#11003=VECTOR('',#13984,1000.0);
#11004=AXIS2_PLACEMENT_3D('',#13985,#13986,#13987);
#11005=CARTESIAN_POINT('',(3.4,-9.55,2.35000000000004));
#11006=AXIS2_PLACEMENT_3D('',#13988,#13989,#13990);
#11007=CARTESIAN_POINT('',(3.4,-13.95,2.35000000000003));
#11008=VECTOR('',#13991,1000.0);
#11009=CARTESIAN_POINT('',(1.6,-9.55,2.35000000000004));
#11010=CARTESIAN_POINT('',(1.6,-6.25,2.35000000000004));
#11011=CARTESIAN_POINT('',(1.6,-13.95,2.35000000000003));
#11012=VECTOR('',#13992,1000.0);
#11013=CARTESIAN_POINT('',(3.4,-6.25,2.35000000000004));
#11014=VECTOR('',#13993,1000.0);
#11015=CARTESIAN_POINT('',(3.4,-9.55,2.35000000000004));
#11016=VECTOR('',#13994,1000.0);
#11017=CARTESIAN_POINT('',(1.6,-6.25,2.65));
#11018=VECTOR('',#13995,1000.0);
#11019=AXIS2_PLACEMENT_3D('',#13996,#13997,#13998);
#11020=AXIS2_PLACEMENT_3D('',#13999,#14000,#14001);
#11021=CARTESIAN_POINT('',(2.71213203435596,-9.85,11.0552736872983));
#11022=VECTOR('',#14002,1000.0);
#11023=CARTESIAN_POINT('',(-2.05,-10.15,10.8174057216543));
#11024=CARTESIAN_POINT('',(-2.28786796564403,-10.15,11.0552736872983));
#11025=CARTESIAN_POINT('',(0.262132034355971,-10.15,8.50527368729833));
#11026=VECTOR('',#14003,1000.0);
#11027=AXIS2_PLACEMENT_3D('',#14004,#14005,#14006);
#11028=CARTESIAN_POINT('',(-2.95,-10.15,10.8174057216542));
#11029=CARTESIAN_POINT('',(-4.36213203435596,-10.15,9.40527368729829));
#11030=VECTOR('',#14007,1000.0);
#11031=CARTESIAN_POINT('',(-2.95,-10.15,6.64314165294233));
#11032=CARTESIAN_POINT('',(-2.95,-10.15,6.64314165294233));
#11033=VECTOR('',#14008,1000.0);
#11034=CARTESIAN_POINT('',(-3.4,-10.15,6.64314165294233));
#11035=CARTESIAN_POINT('',(-2.95,-10.15,6.64314165294233));
#11036=VECTOR('',#14009,1000.0);
#11037=CARTESIAN_POINT('',(-3.4,-10.15,2.95000000000004));
#11038=CARTESIAN_POINT('',(-3.4,-10.15,6.64314165294233));
#11039=VECTOR('',#14010,1000.0);
#11040=CARTESIAN_POINT('',(-1.6,-10.15,2.95000000000004));
#11041=CARTESIAN_POINT('',(-1.6,-10.15,2.95000000000004));
#11042=VECTOR('',#14011,1000.0);
#11043=CARTESIAN_POINT('',(-1.6,-10.15,6.64314165294233));
#11044=CARTESIAN_POINT('',(-1.6,-10.15,6.64314165294233));
#11045=VECTOR('',#14012,1000.0);
#11046=CARTESIAN_POINT('',(-2.05,-10.15,6.64314165294233));
#11047=CARTESIAN_POINT('',(-1.6,-10.15,6.64314165294233));
#11048=VECTOR('',#14013,1000.0);
#11049=CARTESIAN_POINT('',(-2.05,-10.15,6.64314165294233));
#11050=VECTOR('',#14014,1000.0);
#11051=CARTESIAN_POINT('',(-2.28786796564403,-9.85,11.0552736872983));
#11052=AXIS2_PLACEMENT_3D('',#14015,#14016,#14017);
#11053=CARTESIAN_POINT('',(-2.05,-9.85,10.8174057216543));
#11054=CARTESIAN_POINT('',(0.262132034355971,-9.85,8.50527368729833));
#11055=VECTOR('',#14018,1000.0);
#11056=CARTESIAN_POINT('',(-2.05,-9.85,6.64314165294233));
#11057=CARTESIAN_POINT('',(-2.05,-9.85,6.64314165294233));
#11058=VECTOR('',#14019,1000.0);
#11059=CARTESIAN_POINT('',(-1.6,-9.85,6.64314165294233));
#11060=CARTESIAN_POINT('',(-1.6,-9.85,6.64314165294233));
#11061=VECTOR('',#14020,1000.0);
#11062=CARTESIAN_POINT('',(-1.6,-9.85,2.95000000000004));
#11063=CARTESIAN_POINT('',(-1.6,-9.85,6.64314165294233));
#11064=VECTOR('',#14021,1000.0);
#11065=CARTESIAN_POINT('',(-3.4,-9.85,2.95000000000004));
#11066=CARTESIAN_POINT('',(-1.6,-9.85,2.95000000000004));
#11067=VECTOR('',#14022,1000.0);
#11068=CARTESIAN_POINT('',(-3.4,-9.85,6.64314165294233));
#11069=CARTESIAN_POINT('',(-3.4,-9.85,6.64314165294233));
#11070=VECTOR('',#14023,1000.0);
#11071=CARTESIAN_POINT('',(-2.95,-9.85,6.64314165294233));
#11072=CARTESIAN_POINT('',(-2.95,-9.85,6.64314165294233));
#11073=VECTOR('',#14024,1000.0);
#11074=CARTESIAN_POINT('',(-2.95,-9.85,10.8174057216542));
#11075=CARTESIAN_POINT('',(-2.95,-9.85,6.64314165294233));
#11076=VECTOR('',#14025,1000.0);
#11077=CARTESIAN_POINT('',(-4.36213203435596,-9.85,9.40527368729829));
#11078=VECTOR('',#14026,1000.0);
#11079=CARTESIAN_POINT('',(-2.05,-9.85,10.8174057216543));
#11080=VECTOR('',#14027,1000.0);
#11081=CARTESIAN_POINT('',(-2.05,-9.85,6.64314165294233));
#11082=VECTOR('',#14028,1000.0);
#11083=CARTESIAN_POINT('',(-2.95,-9.85,10.8174057216542));
#11084=VECTOR('',#14029,1000.0);
#11085=CARTESIAN_POINT('',(-2.95,-9.85,6.64314165294233));
#11086=VECTOR('',#14030,1000.0);
#11087=CARTESIAN_POINT('',(-3.4,-9.85,6.64314165294233));
#11088=VECTOR('',#14031,1000.0);
#11089=CARTESIAN_POINT('',(-1.6,-9.85,6.64314165294233));
#11090=VECTOR('',#14032,1000.0);
#11091=CARTESIAN_POINT('',(-3.4,-6.25,2.65000000000003));
#11092=CARTESIAN_POINT('',(-1.6,-6.25,2.65000000000003));
#11093=CARTESIAN_POINT('',(-1.6,-6.25,2.65000000000003));
#11094=VECTOR('',#14033,1000.0);
#11095=CARTESIAN_POINT('',(-3.4,-9.55,2.65000000000003));
#11096=CARTESIAN_POINT('',(-3.4,-13.95,2.65));
#11097=VECTOR('',#14034,1000.0);
#11098=CARTESIAN_POINT('',(-1.6,-9.55,2.65000000000003));
#11099=CARTESIAN_POINT('',(-1.6,-9.55,2.65000000000003));
#11100=VECTOR('',#14035,1000.0);
#11101=CARTESIAN_POINT('',(-1.6,-13.95,2.65));
#11102=VECTOR('',#14036,1000.0);
#11103=CARTESIAN_POINT('',(-1.6,-6.25,2.35000000000004));
#11104=CARTESIAN_POINT('',(-1.6,-6.25,2.65));
#11105=VECTOR('',#14037,1000.0);
#11106=AXIS2_PLACEMENT_3D('',#14038,#14039,#14040);
#11107=CARTESIAN_POINT('',(-1.6,-9.55,2.35000000000004));
#11108=AXIS2_PLACEMENT_3D('',#14041,#14042,#14043);
#11109=CARTESIAN_POINT('',(-1.6,-13.95,2.35000000000003));
#11110=VECTOR('',#14044,1000.0);
#11111=CARTESIAN_POINT('',(-3.4,-9.55,2.35000000000004));
#11112=CARTESIAN_POINT('',(-3.4,-6.25,2.35000000000004));
#11113=CARTESIAN_POINT('',(-3.4,-13.95,2.35000000000003));
#11114=VECTOR('',#14045,1000.0);
#11115=CARTESIAN_POINT('',(-1.6,-6.25,2.35000000000004));
#11116=VECTOR('',#14046,1000.0);
#11117=CARTESIAN_POINT('',(-1.6,-9.55,2.35000000000004));
#11118=VECTOR('',#14047,1000.0);
#11119=CARTESIAN_POINT('',(-3.4,-6.25,2.65));
#11120=VECTOR('',#14048,1000.0);
#11121=AXIS2_PLACEMENT_3D('',#14049,#14050,#14051);
#11122=AXIS2_PLACEMENT_3D('',#14052,#14053,#14054);
#11123=CARTESIAN_POINT('',(-2.28786796564403,-9.85,11.0552736872983));
#11124=VECTOR('',#14055,1000.0);
#11125=CARTESIAN_POINT('',(0.45,-7.65,10.6674057216542));
#11126=CARTESIAN_POINT('',(0.212132034355968,-7.65,10.9052736872983));
#11127=CARTESIAN_POINT('',(4.98713203435597,-7.65,6.13027368729834));
#11128=VECTOR('',#14056,1000.0);
#11129=AXIS2_PLACEMENT_3D('',#14057,#14058,#14059);
#11130=CARTESIAN_POINT('',(-0.45,-7.65,10.6674057216542));
#11131=CARTESIAN_POINT('',(-4.08713203435596,-7.65,7.03027368729827));
#11132=VECTOR('',#14060,1000.0);
#11133=CARTESIAN_POINT('',(-0.45,-7.65,6.64314165294232));
#11134=CARTESIAN_POINT('',(-0.45,-7.65,6.64314165294232));
#11135=VECTOR('',#14061,1000.0);
#11136=CARTESIAN_POINT('',(-0.9,-7.65,6.64314165294232));
#11137=CARTESIAN_POINT('',(-0.45,-7.65,6.64314165294232));
#11138=VECTOR('',#14062,1000.0);
#11139=CARTESIAN_POINT('',(-0.9,-7.65,5.45));
#11140=CARTESIAN_POINT('',(-0.9,-7.65,6.64314165294232));
#11141=VECTOR('',#14063,1000.0);
#11142=CARTESIAN_POINT('',(0.9,-7.65,5.45));
#11143=CARTESIAN_POINT('',(0.9,-7.65,5.45));
#11144=VECTOR('',#14064,1000.0);
#11145=CARTESIAN_POINT('',(0.9,-7.65,6.64314165294232));
#11146=CARTESIAN_POINT('',(0.9,-7.65,6.64314165294232));
#11147=VECTOR('',#14065,1000.0);
#11148=CARTESIAN_POINT('',(0.45,-7.65,6.64314165294232));
#11149=CARTESIAN_POINT('',(0.9,-7.65,6.64314165294232));
#11150=VECTOR('',#14066,1000.0);
#11151=CARTESIAN_POINT('',(0.45,-7.65,6.64314165294232));
#11152=VECTOR('',#14067,1000.0);
#11153=CARTESIAN_POINT('',(0.212132034355968,-7.35,10.9052736872983));
#11154=AXIS2_PLACEMENT_3D('',#14068,#14069,#14070);
#11155=CARTESIAN_POINT('',(0.45,-7.35,10.6674057216542));
#11156=CARTESIAN_POINT('',(4.98713203435597,-7.35,6.13027368729833));
#11157=VECTOR('',#14071,1000.0);
#11158=CARTESIAN_POINT('',(0.45,-7.35,6.64314165294232));
#11159=CARTESIAN_POINT('',(0.45,-7.35,6.64314165294232));
#11160=VECTOR('',#14072,1000.0);
#11161=CARTESIAN_POINT('',(0.9,-7.35,6.64314165294232));
#11162=CARTESIAN_POINT('',(0.9,-7.35,6.64314165294232));
#11163=VECTOR('',#14073,1000.0);
#11164=CARTESIAN_POINT('',(0.9,-7.35,5.45));
#11165=CARTESIAN_POINT('',(0.9,-7.35,6.64314165294232));
#11166=VECTOR('',#14074,1000.0);
#11167=CARTESIAN_POINT('',(-0.9,-7.35,5.45));
#11168=CARTESIAN_POINT('',(0.9,-7.35,5.45));
#11169=VECTOR('',#14075,1000.0);
#11170=CARTESIAN_POINT('',(-0.9,-7.35,6.64314165294232));
#11171=CARTESIAN_POINT('',(-0.9,-7.35,6.64314165294232));
#11172=VECTOR('',#14076,1000.0);
#11173=CARTESIAN_POINT('',(-0.45,-7.35,6.64314165294232));
#11174=CARTESIAN_POINT('',(-0.45,-7.35,6.64314165294232));
#11175=VECTOR('',#14077,1000.0);
#11176=CARTESIAN_POINT('',(-0.45,-7.35,10.6674057216542));
#11177=CARTESIAN_POINT('',(-0.45,-7.35,6.64314165294232));
#11178=VECTOR('',#14078,1000.0);
#11179=CARTESIAN_POINT('',(-4.08713203435596,-7.35,7.03027368729827));
#11180=VECTOR('',#14079,1000.0);
#11181=CARTESIAN_POINT('',(0.45,-7.35,10.6674057216542));
#11182=VECTOR('',#14080,1000.0);
#11183=CARTESIAN_POINT('',(0.45,-7.35,6.64314165294232));
#11184=VECTOR('',#14081,1000.0);
#11185=CARTESIAN_POINT('',(-0.45,-7.35,10.6674057216542));
#11186=VECTOR('',#14082,1000.0);
#11187=CARTESIAN_POINT('',(-0.45,-7.35,6.64314165294232));
#11188=VECTOR('',#14083,1000.0);
#11189=CARTESIAN_POINT('',(-0.9,-7.35,6.64314165294232));
#11190=VECTOR('',#14084,1000.0);
#11191=CARTESIAN_POINT('',(0.9,-7.35,6.64314165294232));
#11192=VECTOR('',#14085,1000.0);
#11193=CARTESIAN_POINT('',(-0.9,-6.25,5.15));
#11194=CARTESIAN_POINT('',(0.9,-6.25,5.15));
#11195=CARTESIAN_POINT('',(0.9,-6.25,5.15));
#11196=VECTOR('',#14086,1000.0);
#11197=CARTESIAN_POINT('',(-0.9,-7.05,5.15));
#11198=CARTESIAN_POINT('',(-0.9,-8.95,5.15));
#11199=VECTOR('',#14087,1000.0);
#11200=CARTESIAN_POINT('',(0.9,-7.05,5.15));
#11201=CARTESIAN_POINT('',(0.9,-7.05,5.15));
#11202=VECTOR('',#14088,1000.0);
#11203=CARTESIAN_POINT('',(0.9,-8.95,5.15));
#11204=VECTOR('',#14089,1000.0);
#11205=CARTESIAN_POINT('',(0.9,-6.25,4.85));
#11206=CARTESIAN_POINT('',(0.9,-6.25,5.15));
#11207=VECTOR('',#14090,1000.0);
#11208=AXIS2_PLACEMENT_3D('',#14091,#14092,#14093);
#11209=CARTESIAN_POINT('',(0.9,-7.05,4.85));
#11210=AXIS2_PLACEMENT_3D('',#14094,#14095,#14096);
#11211=CARTESIAN_POINT('',(0.9,-8.95,4.85));
#11212=VECTOR('',#14097,1000.0);
#11213=CARTESIAN_POINT('',(-0.9,-7.05,4.85));
#11214=CARTESIAN_POINT('',(-0.9,-6.25,4.85));
#11215=CARTESIAN_POINT('',(-0.9,-8.95,4.85));
#11216=VECTOR('',#14098,1000.0);
#11217=CARTESIAN_POINT('',(0.9,-6.25,4.85));
#11218=VECTOR('',#14099,1000.0);
#11219=CARTESIAN_POINT('',(0.9,-7.05,4.85));
#11220=VECTOR('',#14100,1000.0);
#11221=CARTESIAN_POINT('',(-0.9,-6.25,5.15));
#11222=VECTOR('',#14101,1000.0);
#11223=AXIS2_PLACEMENT_3D('',#14102,#14103,#14104);
#11224=AXIS2_PLACEMENT_3D('',#14105,#14106,#14107);
#11225=CARTESIAN_POINT('',(0.212132034355968,-7.35,10.9052736872983));
#11226=VECTOR('',#14108,1000.0);
#11227=CARTESIAN_POINT('',(0.45,-10.15,10.6674057216543));
#11228=CARTESIAN_POINT('',(0.212132034355969,-10.15,10.9052736872983));
#11229=CARTESIAN_POINT('',(2.68713203435598,-10.15,8.43027368729832));
#11230=VECTOR('',#14109,1000.0);
#11231=AXIS2_PLACEMENT_3D('',#14110,#14111,#14112);
#11232=CARTESIAN_POINT('',(-0.45,-10.15,10.6674057216543));
#11233=CARTESIAN_POINT('',(-1.78713203435596,-10.15,9.33027368729828));
#11234=VECTOR('',#14113,1000.0);
#11235=CARTESIAN_POINT('',(-0.45,-10.15,6.64314165294233));
#11236=CARTESIAN_POINT('',(-0.45,-10.15,6.64314165294233));
#11237=VECTOR('',#14114,1000.0);
#11238=CARTESIAN_POINT('',(-0.9,-10.15,6.64314165294233));
#11239=CARTESIAN_POINT('',(-0.45,-10.15,6.64314165294233));
#11240=VECTOR('',#14115,1000.0);
#11241=CARTESIAN_POINT('',(-0.9,-10.15,2.95000000000004));
#11242=CARTESIAN_POINT('',(-0.9,-10.15,6.64314165294233));
#11243=VECTOR('',#14116,1000.0);
#11244=CARTESIAN_POINT('',(0.9,-10.15,2.95000000000004));
#11245=CARTESIAN_POINT('',(0.9,-10.15,2.95000000000004));
#11246=VECTOR('',#14117,1000.0);
#11247=CARTESIAN_POINT('',(0.9,-10.15,6.64314165294233));
#11248=CARTESIAN_POINT('',(0.9,-10.15,6.64314165294233));
#11249=VECTOR('',#14118,1000.0);
#11250=CARTESIAN_POINT('',(0.45,-10.15,6.64314165294233));
#11251=CARTESIAN_POINT('',(0.9,-10.15,6.64314165294233));
#11252=VECTOR('',#14119,1000.0);
#11253=CARTESIAN_POINT('',(0.45,-10.15,6.64314165294233));
#11254=VECTOR('',#14120,1000.0);
#11255=CARTESIAN_POINT('',(0.212132034355969,-9.85,10.9052736872983));
#11256=AXIS2_PLACEMENT_3D('',#14121,#14122,#14123);
#11257=CARTESIAN_POINT('',(0.45,-9.85,10.6674057216543));
#11258=CARTESIAN_POINT('',(2.68713203435598,-9.85,8.43027368729831));
#11259=VECTOR('',#14124,1000.0);
#11260=CARTESIAN_POINT('',(0.45,-9.85,6.64314165294233));
#11261=CARTESIAN_POINT('',(0.45,-9.85,6.64314165294233));
#11262=VECTOR('',#14125,1000.0);
#11263=CARTESIAN_POINT('',(0.9,-9.85,6.64314165294233));
#11264=CARTESIAN_POINT('',(0.9,-9.85,6.64314165294233));
#11265=VECTOR('',#14126,1000.0);
#11266=CARTESIAN_POINT('',(0.9,-9.85,2.95000000000004));
#11267=CARTESIAN_POINT('',(0.9,-9.85,6.64314165294233));
#11268=VECTOR('',#14127,1000.0);
#11269=CARTESIAN_POINT('',(-0.9,-9.85,2.95000000000004));
#11270=CARTESIAN_POINT('',(0.9,-9.85,2.95000000000004));
#11271=VECTOR('',#14128,1000.0);
#11272=CARTESIAN_POINT('',(-0.9,-9.85,6.64314165294233));
#11273=CARTESIAN_POINT('',(-0.9,-9.85,6.64314165294233));
#11274=VECTOR('',#14129,1000.0);
#11275=CARTESIAN_POINT('',(-0.45,-9.85,6.64314165294233));
#11276=CARTESIAN_POINT('',(-0.45,-9.85,6.64314165294233));
#11277=VECTOR('',#14130,1000.0);
#11278=CARTESIAN_POINT('',(-0.45,-9.85,10.6674057216543));
#11279=CARTESIAN_POINT('',(-0.45,-9.85,6.64314165294233));
#11280=VECTOR('',#14131,1000.0);
#11281=CARTESIAN_POINT('',(-1.78713203435596,-9.85,9.33027368729828));
#11282=VECTOR('',#14132,1000.0);
#11283=CARTESIAN_POINT('',(0.45,-9.85,10.6674057216543));
#11284=VECTOR('',#14133,1000.0);
#11285=CARTESIAN_POINT('',(0.45,-9.85,6.64314165294233));
#11286=VECTOR('',#14134,1000.0);
#11287=CARTESIAN_POINT('',(-0.45,-9.85,10.6674057216543));
#11288=VECTOR('',#14135,1000.0);
#11289=CARTESIAN_POINT('',(-0.45,-9.85,6.64314165294233));
#11290=VECTOR('',#14136,1000.0);
#11291=CARTESIAN_POINT('',(-0.9,-9.85,6.64314165294233));
#11292=VECTOR('',#14137,1000.0);
#11293=CARTESIAN_POINT('',(0.9,-9.85,6.64314165294233));
#11294=VECTOR('',#14138,1000.0);
#11295=CARTESIAN_POINT('',(-0.9,-6.25,2.65000000000003));
#11296=CARTESIAN_POINT('',(0.9,-6.25,2.65000000000003));
#11297=CARTESIAN_POINT('',(0.9,-6.25,2.65000000000003));
#11298=VECTOR('',#14139,1000.0);
#11299=CARTESIAN_POINT('',(-0.9,-9.55,2.65000000000003));
#11300=CARTESIAN_POINT('',(-0.9,-13.95,2.65000000000003));
#11301=VECTOR('',#14140,1000.0);
#11302=CARTESIAN_POINT('',(0.9,-9.55,2.65000000000003));
#11303=CARTESIAN_POINT('',(0.9,-9.55,2.65000000000003));
#11304=VECTOR('',#14141,1000.0);
#11305=CARTESIAN_POINT('',(0.9,-13.95,2.65000000000003));
#11306=VECTOR('',#14142,1000.0);
#11307=CARTESIAN_POINT('',(0.9,-6.25,2.35000000000004));
#11308=CARTESIAN_POINT('',(0.9,-6.25,2.65000000000003));
#11309=VECTOR('',#14143,1000.0);
#11310=AXIS2_PLACEMENT_3D('',#14144,#14145,#14146);
#11311=CARTESIAN_POINT('',(0.9,-9.55,2.35000000000004));
#11312=AXIS2_PLACEMENT_3D('',#14147,#14148,#14149);
#11313=CARTESIAN_POINT('',(0.9,-13.95,2.35000000000004));
#11314=VECTOR('',#14150,1000.0);
#11315=CARTESIAN_POINT('',(-0.9,-9.55,2.35000000000004));
#11316=CARTESIAN_POINT('',(-0.9,-6.25,2.35000000000004));
#11317=CARTESIAN_POINT('',(-0.9,-13.95,2.35000000000004));
#11318=VECTOR('',#14151,1000.0);
#11319=CARTESIAN_POINT('',(0.9,-6.25,2.35000000000004));
#11320=VECTOR('',#14152,1000.0);
#11321=CARTESIAN_POINT('',(0.9,-9.55,2.35000000000004));
#11322=VECTOR('',#14153,1000.0);
#11323=CARTESIAN_POINT('',(-0.9,-6.25,2.65000000000003));
#11324=VECTOR('',#14154,1000.0);
#11325=AXIS2_PLACEMENT_3D('',#14155,#14156,#14157);
#11326=AXIS2_PLACEMENT_3D('',#14158,#14159,#14160);
#11327=CARTESIAN_POINT('',(0.212132034355969,-9.85,10.9052736872983));
#11328=VECTOR('',#14161,1000.0);
#11329=CARTESIAN_POINT('',(3.95,-2.05,6.25));
#11330=CARTESIAN_POINT('',(5.25,-2.05,6.25));
#11331=VECTOR('',#14162,1000.0);
#11332=CARTESIAN_POINT('',(3.95,-1.45,6.25));
#11333=CARTESIAN_POINT('',(5.25,-1.45,6.25));
#11334=VECTOR('',#14163,1000.0);
#11335=CARTESIAN_POINT('',(3.75,-1.65,6.25));
#11336=AXIS2_PLACEMENT_3D('',#14164,#14165,#14166);
#11337=CARTESIAN_POINT('',(3.75,-1.85,6.25));
#11338=CARTESIAN_POINT('',(3.75,-1.45,6.25));
#11339=VECTOR('',#14167,1000.0);
#11340=AXIS2_PLACEMENT_3D('',#14168,#14169,#14170);
#11341=CARTESIAN_POINT('',(-3.95,2.05,6.25));
#11342=CARTESIAN_POINT('',(-5.25,2.05,6.25));
#11343=VECTOR('',#14171,1000.0);
#11344=CARTESIAN_POINT('',(-3.95,1.45,6.25));
#11345=CARTESIAN_POINT('',(-5.25,1.45,6.25));
#11346=VECTOR('',#14172,1000.0);
#11347=CARTESIAN_POINT('',(-3.75,1.65,6.25));
#11348=AXIS2_PLACEMENT_3D('',#14173,#14174,#14175);
#11349=CARTESIAN_POINT('',(-3.75,1.85,6.25));
#11350=CARTESIAN_POINT('',(-3.75,1.45,6.25));
#11351=VECTOR('',#14176,1000.0);
#11352=AXIS2_PLACEMENT_3D('',#14177,#14178,#14179);
#11353=CARTESIAN_POINT('',(3.95,2.05,6.25));
#11354=CARTESIAN_POINT('',(5.25,2.05,6.25));
#11355=VECTOR('',#14180,1000.0);
#11356=CARTESIAN_POINT('',(3.75,1.85,6.25));
#11357=AXIS2_PLACEMENT_3D('',#14181,#14182,#14183);
#11358=CARTESIAN_POINT('',(3.75,1.65,6.25));
#11359=CARTESIAN_POINT('',(3.75,1.45,6.25));
#11360=VECTOR('',#14184,1000.0);
#11361=CARTESIAN_POINT('',(3.95,1.45,6.25));
#11362=AXIS2_PLACEMENT_3D('',#14185,#14186,#14187);
#11363=CARTESIAN_POINT('',(5.25,1.45,6.25));
#11364=VECTOR('',#14188,1000.0);
#11365=CARTESIAN_POINT('',(-3.95,-2.05,6.25));
#11366=CARTESIAN_POINT('',(-5.25,-2.05,6.25));
#11367=VECTOR('',#14189,1000.0);
#11368=CARTESIAN_POINT('',(-3.75,-1.85,6.25));
#11369=AXIS2_PLACEMENT_3D('',#14190,#14191,#14192);
#11370=CARTESIAN_POINT('',(-3.75,-1.65,6.25));
#11371=CARTESIAN_POINT('',(-3.75,-1.45,6.25));
#11372=VECTOR('',#14193,1000.0);
#11373=CARTESIAN_POINT('',(-3.95,-1.45,6.25));
#11374=AXIS2_PLACEMENT_3D('',#14194,#14195,#14196);
#11375=CARTESIAN_POINT('',(-5.25,-1.45,6.25));
#11376=VECTOR('',#14197,1000.0);
#11377=CARTESIAN_POINT('',(-3.75,-4.2,6.25));
#11378=CARTESIAN_POINT('',(-3.95,-4.4,6.25));
#11379=AXIS2_PLACEMENT_3D('',#14198,#14199,#14200);
#11380=CARTESIAN_POINT('',(-5.25,-4.4,6.25));
#11381=VECTOR('',#14201,1000.0);
#11382=CARTESIAN_POINT('',(-4.25,-6.25,6.25));
#11383=AXIS2_PLACEMENT_3D('',#14202,#14203,#14204);
#11384=CARTESIAN_POINT('',(4.25,-6.25,6.25));
#11385=CARTESIAN_POINT('',(4.75,-6.25,6.25));
#11386=VECTOR('',#14205,1000.0);
#11387=AXIS2_PLACEMENT_3D('',#14206,#14207,#14208);
#11388=CARTESIAN_POINT('',(3.95,-4.4,6.25));
#11389=CARTESIAN_POINT('',(-5.25,-4.4,6.25));
#11390=VECTOR('',#14209,1000.0);
#11391=CARTESIAN_POINT('',(3.75,-4.2,6.25));
#11392=AXIS2_PLACEMENT_3D('',#14210,#14211,#14212);
#11393=CARTESIAN_POINT('',(3.55,-4.2,6.25));
#11394=CARTESIAN_POINT('',(3.35,-4.2,6.25));
#11395=VECTOR('',#14213,1000.0);
#11396=CARTESIAN_POINT('',(3.35,-4.4,6.25));
#11397=AXIS2_PLACEMENT_3D('',#14214,#14215,#14216);
#11398=CARTESIAN_POINT('',(2.1,-4.4,6.25));
#11399=CARTESIAN_POINT('',(-5.25,-4.4,6.25));
#11400=VECTOR('',#14217,1000.0);
#11401=CARTESIAN_POINT('',(2.1,-4.0,6.25));
#11402=CARTESIAN_POINT('',(2.1,-4.4,6.25));
#11403=VECTOR('',#14218,1000.0);
#11404=CARTESIAN_POINT('',(1.9,-3.8,6.25));
#11405=AXIS2_PLACEMENT_3D('',#14219,#14220,#14221);
#11406=CARTESIAN_POINT('',(1.7,-3.8,6.25));
#11407=CARTESIAN_POINT('',(1.5,-3.8,6.25));
#11408=VECTOR('',#14222,1000.0);
#11409=CARTESIAN_POINT('',(1.5,-4.0,6.25));
#11410=AXIS2_PLACEMENT_3D('',#14223,#14224,#14225);
#11411=CARTESIAN_POINT('',(-1.5,-4.0,6.25));
#11412=CARTESIAN_POINT('',(-5.25,-4.0,6.25));
#11413=VECTOR('',#14226,1000.0);
#11414=CARTESIAN_POINT('',(-1.7,-3.8,6.25));
#11415=AXIS2_PLACEMENT_3D('',#14227,#14228,#14229);
#11416=CARTESIAN_POINT('',(-1.9,-3.8,6.25));
#11417=CARTESIAN_POINT('',(-1.5,-3.8,6.25));
#11418=VECTOR('',#14230,1000.0);
#11419=CARTESIAN_POINT('',(-2.1,-4.0,6.25));
#11420=AXIS2_PLACEMENT_3D('',#14231,#14232,#14233);
#11421=CARTESIAN_POINT('',(-2.1,-4.4,6.25));
#11422=CARTESIAN_POINT('',(-2.1,-4.4,6.25));
#11423=VECTOR('',#14234,1000.0);
#11424=CARTESIAN_POINT('',(-3.35,-4.4,6.25));
#11425=CARTESIAN_POINT('',(-5.25,-4.4,6.25));
#11426=VECTOR('',#14235,1000.0);
#11427=CARTESIAN_POINT('',(-3.55,-4.2,6.25));
#11428=AXIS2_PLACEMENT_3D('',#14236,#14237,#14238);
#11429=CARTESIAN_POINT('',(-3.35,-4.2,6.25));
#11430=VECTOR('',#14239,1000.0);
#11431=CARTESIAN_POINT('',(-2.42487113059643,-4.6,7.77277317430519E-17));
#11432=CARTESIAN_POINT('',(-4.75,-4.6,0.0));
#11433=VECTOR('',#14240,1000.0);
#11434=CARTESIAN_POINT('',(2.32021373022633,-4.65366610814197,7.3509533648245E-17));
#11435=AXIS2_PLACEMENT_3D('',#14241,#14242,#14243);
#11436=CARTESIAN_POINT('',(2.6162950903902,-4.94974746830585,2.38964374790261E-18));
#11437=CARTESIAN_POINT('',(2.32021373022632,-4.65366610814197,0.0));
#11438=VECTOR('',#14244,1000.0);
#11439=CARTESIAN_POINT('',(2.89913780286482,-4.94974746830585,7.85125189823615E-17));
#11440=AXIS2_PLACEMENT_3D('',#14245,#14246,#14247);
#11441=CARTESIAN_POINT('',(2.89913780286482,-4.94974746830585,0.0));
#11442=VECTOR('',#14248,1000.0);
#11443=CARTESIAN_POINT('',(4.75,-5.5,-6.64854857037426E-17));
#11444=VECTOR('',#14249,1000.0);
#11445=CARTESIAN_POINT('',(-4.25,-6.25,1.1));
#11446=CARTESIAN_POINT('',(-4.25,-6.25,6.25));
#11447=VECTOR('',#14250,1000.0);
#11448=CARTESIAN_POINT('',(-3.75,-6.25,1.1));
#11449=CARTESIAN_POINT('',(4.75,-6.25,1.1));
#11450=VECTOR('',#14251,1000.0);
#11451=CARTESIAN_POINT('',(-3.75,-6.25,0.5));
#11452=CARTESIAN_POINT('',(-3.75,-6.25,6.25));
#11453=VECTOR('',#14252,1000.0);
#11454=CARTESIAN_POINT('',(3.75,-6.25,0.5));
#11455=CARTESIAN_POINT('',(4.75,-6.25,0.5));
#11456=VECTOR('',#14253,1000.0);
#11457=CARTESIAN_POINT('',(3.75,-6.25,1.1));
#11458=CARTESIAN_POINT('',(3.75,-6.25,6.25));
#11459=VECTOR('',#14254,1000.0);
#11460=CARTESIAN_POINT('',(4.25,-6.25,1.1));
#11461=CARTESIAN_POINT('',(4.75,-6.25,1.1));
#11462=VECTOR('',#14255,1000.0);
#11463=CARTESIAN_POINT('',(4.25,-6.25,6.25));
#11464=VECTOR('',#14256,1000.0);
#11465=CARTESIAN_POINT('',(3.75,4.2,6.25));
#11466=CARTESIAN_POINT('',(3.95,4.4,6.25));
#11467=AXIS2_PLACEMENT_3D('',#14257,#14258,#14259);
#11468=CARTESIAN_POINT('',(-5.25,4.4,6.25));
#11469=VECTOR('',#14260,1000.0);
#11470=CARTESIAN_POINT('',(-3.95,4.4,6.25));
#11471=CARTESIAN_POINT('',(-5.25,4.4,6.25));
#11472=VECTOR('',#14261,1000.0);
#11473=CARTESIAN_POINT('',(-3.75,4.2,6.25));
#11474=AXIS2_PLACEMENT_3D('',#14262,#14263,#14264);
#11475=CARTESIAN_POINT('',(-3.55,4.2,6.25));
#11476=CARTESIAN_POINT('',(-3.35,4.2,6.25));
#11477=VECTOR('',#14265,1000.0);
#11478=CARTESIAN_POINT('',(-3.35,4.4,6.25));
#11479=AXIS2_PLACEMENT_3D('',#14266,#14267,#14268);
#11480=CARTESIAN_POINT('',(-2.1,4.4,6.25));
#11481=CARTESIAN_POINT('',(-5.25,4.4,6.25));
#11482=VECTOR('',#14269,1000.0);
#11483=CARTESIAN_POINT('',(-2.1,4.0,6.25));
#11484=CARTESIAN_POINT('',(-2.1,4.4,6.25));
#11485=VECTOR('',#14270,1000.0);
#11486=CARTESIAN_POINT('',(-1.9,3.8,6.25));
#11487=AXIS2_PLACEMENT_3D('',#14271,#14272,#14273);
#11488=CARTESIAN_POINT('',(-1.7,3.8,6.25));
#11489=CARTESIAN_POINT('',(-1.5,3.8,6.25));
#11490=VECTOR('',#14274,1000.0);
#11491=CARTESIAN_POINT('',(-1.5,4.0,6.25));
#11492=AXIS2_PLACEMENT_3D('',#14275,#14276,#14277);
#11493=CARTESIAN_POINT('',(1.5,4.0,6.25));
#11494=CARTESIAN_POINT('',(-5.25,4.0,6.25));
#11495=VECTOR('',#14278,1000.0);
#11496=CARTESIAN_POINT('',(1.7,3.8,6.25));
#11497=AXIS2_PLACEMENT_3D('',#14279,#14280,#14281);
#11498=CARTESIAN_POINT('',(1.9,3.8,6.25));
#11499=CARTESIAN_POINT('',(1.5,3.8,6.25));
#11500=VECTOR('',#14282,1000.0);
#11501=CARTESIAN_POINT('',(2.1,4.0,6.25));
#11502=AXIS2_PLACEMENT_3D('',#14283,#14284,#14285);
#11503=CARTESIAN_POINT('',(2.1,4.4,6.25));
#11504=CARTESIAN_POINT('',(2.1,4.4,6.25));
#11505=VECTOR('',#14286,1000.0);
#11506=CARTESIAN_POINT('',(3.35,4.4,6.25));
#11507=CARTESIAN_POINT('',(-5.25,4.4,6.25));
#11508=VECTOR('',#14287,1000.0);
#11509=CARTESIAN_POINT('',(3.55,4.2,6.25));
#11510=AXIS2_PLACEMENT_3D('',#14288,#14289,#14290);
#11511=CARTESIAN_POINT('',(3.35,4.2,6.25));
#11512=VECTOR('',#14291,1000.0);
#11513=CARTESIAN_POINT('',(4.75,-5.5,0.5));
#11514=VECTOR('',#14292,1000.0);
#11515=CARTESIAN_POINT('',(-4.45,-6.5,0.5));
#11516=CARTESIAN_POINT('',(-4.04580398915498,-6.5,0.5));
#11517=CARTESIAN_POINT('',(-4.75,-6.5,0.5));
#11518=VECTOR('',#14293,1000.0);
#11519=AXIS2_PLACEMENT_3D('',#14294,#14295,#14296);
#11520=CARTESIAN_POINT('',(4.45,-6.5,0.5));
#11521=AXIS2_PLACEMENT_3D('',#14297,#14298,#14299);
#11522=CARTESIAN_POINT('',(4.04580398915498,-6.5,0.5));
#11523=CARTESIAN_POINT('',(4.75,-6.5,0.5));
#11524=VECTOR('',#14300,1000.0);
#11525=AXIS2_PLACEMENT_3D('',#14301,#14302,#14303);
#11526=AXIS2_PLACEMENT_3D('',#14304,#14305,#14306);
#11527=CARTESIAN_POINT('',(-4.45,-6.5,1.1));
#11528=AXIS2_PLACEMENT_3D('',#14307,#14308,#14309);
#11529=CARTESIAN_POINT('',(-4.04580398915498,-6.5,1.1));
#11530=CARTESIAN_POINT('',(-4.75,-6.5,1.1));
#11531=VECTOR('',#14310,1000.0);
#11532=AXIS2_PLACEMENT_3D('',#14311,#14312,#14313);
#11533=AXIS2_PLACEMENT_3D('',#14314,#14315,#14316);
#11534=CARTESIAN_POINT('',(-4.45,-6.5,0.5));
#11535=VECTOR('',#14317,1000.0);
#11536=CARTESIAN_POINT('',(-4.04580398915498,-6.5,0.5));
#11537=VECTOR('',#14318,1000.0);
#11538=CARTESIAN_POINT('',(4.04580398915498,-6.5,1.1));
#11539=AXIS2_PLACEMENT_3D('',#14319,#14320,#14321);
#11540=CARTESIAN_POINT('',(4.45,-6.5,1.1));
#11541=CARTESIAN_POINT('',(4.75,-6.5,1.1));
#11542=VECTOR('',#14322,1000.0);
#11543=AXIS2_PLACEMENT_3D('',#14323,#14324,#14325);
#11544=AXIS2_PLACEMENT_3D('',#14326,#14327,#14328);
#11545=CARTESIAN_POINT('',(4.04580398915498,-6.5,0.5));
#11546=VECTOR('',#14329,1000.0);
#11547=CARTESIAN_POINT('',(4.45,-6.5,1.1));
#11548=VECTOR('',#14330,1000.0);
#11549=CARTESIAN_POINT('',(-4.56137780205531,-0.90146189432335,-16.7));
#11550=VECTOR('',#14331,1000.0);
#11551=CARTESIAN_POINT('',(1.45623918681884,1.64905046337982,-17.5));
#11552=CARTESIAN_POINT('',(1.5,2.59807621135332,-16.7));
#11553=CARTESIAN_POINT('',(1.5,2.28489926605915,-16.9712191905044));
#11554=CARTESIAN_POINT('',(1.48832590306998,1.96918935768603,-17.2387949429169));
#11555=CARTESIAN_POINT('',(1.45623918681884,1.64905046337982,-17.5));
#11556=CARTESIAN_POINT('',(-4.16137780205532,-1.5942822173509,-17.5));
#11557=VECTOR('',#14332,1000.0);
#11558=CARTESIAN_POINT('',(-3.0,-4.54393728382595E-15,-10.5));
#11559=VECTOR('',#14333,1000.0);
#11560=AXIS2_PLACEMENT_3D('',#14334,#14335,#14336);
#11561=CARTESIAN_POINT('',(-2.0,4.55,-2.5));
#11562=AXIS2_PLACEMENT_3D('',#14337,#14338,#14339);
#11563=CARTESIAN_POINT('',(2.0,4.55,-2.5));
#11564=AXIS2_PLACEMENT_3D('',#14340,#14341,#14342);
#11565=CARTESIAN_POINT('',(5.35,4.55,-2.5));
#11566=VECTOR('',#14343,1000.0);
#11567=CARTESIAN_POINT('',(-0.993649167310372,-6.25,-2.2));
#11568=CARTESIAN_POINT('',(-1.0,-6.2,-2.36583123951781));
#11569=CARTESIAN_POINT('',(-0.993649167310372,-6.25,-2.2));
#11570=CARTESIAN_POINT('',(-0.993649167310372,-6.25,-2.25910060334004));
#11571=CARTESIAN_POINT('',(-1.0,-6.23267058443148,-2.31657848031744));
#11572=CARTESIAN_POINT('',(-1.0,-6.2,-2.36583123951781));
#11573=CARTESIAN_POINT('',(-2.0,-6.25,-2.2));
#11574=CARTESIAN_POINT('',(-4.25,-6.25,-2.2));
#11575=VECTOR('',#14344,1000.0);
#11576=CARTESIAN_POINT('',(-2.0,-5.95,-2.5));
#11577=AXIS2_PLACEMENT_3D('',#14345,#14346,#14347);
#11578=CARTESIAN_POINT('',(-1.0,-5.95,-2.5));
#11579=CARTESIAN_POINT('',(5.35,-5.95,-2.5));
#11580=VECTOR('',#14348,1000.0);
#11581=AXIS2_PLACEMENT_3D('',#14349,#14350,#14351);
#11582=CARTESIAN_POINT('',(2.0,-6.25,-2.2));
#11583=CARTESIAN_POINT('',(2.0,-5.95,-2.5));
#11584=AXIS2_PLACEMENT_3D('',#14352,#14353,#14354);
#11585=CARTESIAN_POINT('',(0.993649167310369,-6.25,-2.2));
#11586=CARTESIAN_POINT('',(-4.25,-6.25,-2.2));
#11587=VECTOR('',#14355,1000.0);
#11588=CARTESIAN_POINT('',(1.0,-6.2,-2.36583123951781));
#11589=CARTESIAN_POINT('',(1.0,-6.2,-2.36583123951781));
#11590=CARTESIAN_POINT('',(1.0,-6.23268057584438,-2.31656341769575));
#11591=CARTESIAN_POINT('',(0.993649167310369,-6.25,-2.25908060642846));
#11592=CARTESIAN_POINT('',(0.993649167310369,-6.25,-2.2));
#11593=CARTESIAN_POINT('',(1.0,-5.95,-2.5));
#11594=AXIS2_PLACEMENT_3D('',#14356,#14357,#14358);
#11595=CARTESIAN_POINT('',(5.35,-5.95,-2.5));
#11596=VECTOR('',#14359,1000.0);
#11597=CARTESIAN_POINT('',(-2.0,-6.25,-1.9));
#11598=CARTESIAN_POINT('',(-2.0,-5.95,-2.2));
#11599=AXIS2_PLACEMENT_3D('',#14360,#14361,#14362);
#11600=CARTESIAN_POINT('',(-2.8,-6.25,-1.9));
#11601=CARTESIAN_POINT('',(-4.25,-6.25,-1.9));
#11602=VECTOR('',#14363,1000.0);
#11603=CARTESIAN_POINT('',(-2.8,-5.95,-2.2));
#11604=AXIS2_PLACEMENT_3D('',#14364,#14365,#14366);
#11605=CARTESIAN_POINT('',(-2.8,-5.95,-2.2));
#11606=VECTOR('',#14367,1000.0);
#11607=CARTESIAN_POINT('',(2.8,-6.25,-1.9));
#11608=CARTESIAN_POINT('',(2.8,-5.95,-2.2));
#11609=AXIS2_PLACEMENT_3D('',#14368,#14369,#14370);
#11610=CARTESIAN_POINT('',(2.0,-6.25,-1.9));
#11611=CARTESIAN_POINT('',(-4.25,-6.25,-1.9));
#11612=VECTOR('',#14371,1000.0);
#11613=CARTESIAN_POINT('',(2.0,-5.95,-2.2));
#11614=AXIS2_PLACEMENT_3D('',#14372,#14373,#14374);
#11615=CARTESIAN_POINT('',(-2.8,-5.95,-2.2));
#11616=VECTOR('',#14375,1000.0);
#11617=CARTESIAN_POINT('',(2.0,4.55,-2.2));
#11618=AXIS2_PLACEMENT_3D('',#14376,#14377,#14378);
#11619=CARTESIAN_POINT('',(2.8,4.55,-2.2));
#11620=AXIS2_PLACEMENT_3D('',#14379,#14380,#14381);
#11621=CARTESIAN_POINT('',(2.8,4.55,-2.2));
#11622=VECTOR('',#14382,1000.0);
#11623=CARTESIAN_POINT('',(-2.8,4.55,-2.2));
#11624=AXIS2_PLACEMENT_3D('',#14383,#14384,#14385);
#11625=CARTESIAN_POINT('',(-2.0,4.55,-2.2));
#11626=AXIS2_PLACEMENT_3D('',#14386,#14387,#14388);
#11627=CARTESIAN_POINT('',(2.8,4.55,-2.2));
#11628=VECTOR('',#14389,1000.0);
#11629=CARTESIAN_POINT('',(4.45,-5.75,-1.9));
#11630=AXIS2_PLACEMENT_3D('',#14390,#14391,#14392);
#11631=CARTESIAN_POINT('',(4.45,-4.4,-1.9));
#11632=CARTESIAN_POINT('',(4.45,-5.75,-1.9));
#11633=VECTOR('',#14393,1000.0);
#11634=CARTESIAN_POINT('',(4.45,-3.2,-1.9));
#11635=CARTESIAN_POINT('',(4.45,-5.75,-1.9));
#11636=VECTOR('',#14394,1000.0);
#11637=CARTESIAN_POINT('',(4.45,-2.05,-1.9));
#11638=CARTESIAN_POINT('',(4.45,-5.75,-1.9));
#11639=VECTOR('',#14395,1000.0);
#11640=AXIS2_PLACEMENT_3D('',#14396,#14397,#14398);
#11641=CARTESIAN_POINT('',(4.25,-6.25,-1.6));
#11642=CARTESIAN_POINT('',(4.25,-5.95,-1.9));
#11643=AXIS2_PLACEMENT_3D('',#14399,#14400,#14401);
#11644=AXIS2_PLACEMENT_3D('',#14402,#14403,#14404);
#11645=AXIS2_PLACEMENT_3D('',#14405,#14406,#14407);
#11646=CARTESIAN_POINT('',(2.8,-5.95,-1.9));
#11647=CARTESIAN_POINT('',(2.8,-6.25,-1.6));
#11648=AXIS2_PLACEMENT_3D('',#14408,#14409,#14410);
#11649=CARTESIAN_POINT('',(2.8,-5.95,-1.9));
#11650=VECTOR('',#14411,1000.0);
#11651=CARTESIAN_POINT('',(4.25,-6.25,-1.6));
#11652=VECTOR('',#14412,1000.0);
#11653=CARTESIAN_POINT('',(-4.45,-2.05,-1.9));
#11654=AXIS2_PLACEMENT_3D('',#14413,#14414,#14415);
#11655=CARTESIAN_POINT('',(-4.45,-3.2,-1.9));
#11656=CARTESIAN_POINT('',(-4.45,-2.05,-1.9));
#11657=VECTOR('',#14416,1000.0);
#11658=CARTESIAN_POINT('',(-4.45,-4.4,-1.9));
#11659=CARTESIAN_POINT('',(-4.45,-2.05,-1.9));
#11660=VECTOR('',#14417,1000.0);
#11661=CARTESIAN_POINT('',(-4.45,-5.75,-1.9));
#11662=CARTESIAN_POINT('',(-4.45,-2.05,-1.9));
#11663=VECTOR('',#14418,1000.0);
#11664=AXIS2_PLACEMENT_3D('',#14419,#14420,#14421);
#11665=CARTESIAN_POINT('',(-4.25,-5.95,-1.9));
#11666=CARTESIAN_POINT('',(-4.25,-6.25,-1.6));
#11667=AXIS2_PLACEMENT_3D('',#14422,#14423,#14424);
#11668=AXIS2_PLACEMENT_3D('',#14425,#14426,#14427);
#11669=AXIS2_PLACEMENT_3D('',#14428,#14429,#14430);
#11670=CARTESIAN_POINT('',(-2.8,-6.25,-1.6));
#11671=CARTESIAN_POINT('',(-2.8,-5.95,-1.9));
#11672=AXIS2_PLACEMENT_3D('',#14431,#14432,#14433);
#11673=CARTESIAN_POINT('',(-2.8,-6.25,-1.6));
#11674=VECTOR('',#14434,1000.0);
#11675=CARTESIAN_POINT('',(-4.25,-5.95,-1.9));
#11676=VECTOR('',#14435,1000.0);
#11677=CARTESIAN_POINT('',(-4.45,3.85,-1.9));
#11678=AXIS2_PLACEMENT_3D('',#14436,#14437,#14438);
#11679=CARTESIAN_POINT('',(-4.45,3.2,-1.9));
#11680=CARTESIAN_POINT('',(-4.45,3.85,-1.9));
#11681=VECTOR('',#14439,1000.0);
#11682=CARTESIAN_POINT('',(-4.45,2.05,-1.9));
#11683=CARTESIAN_POINT('',(-4.45,3.85,-1.9));
#11684=VECTOR('',#14440,1000.0);
#11685=AXIS2_PLACEMENT_3D('',#14441,#14442,#14443);
#11686=CARTESIAN_POINT('',(-3.75,4.55,-1.9));
#11687=AXIS2_PLACEMENT_3D('',#14444,#14445,#14446);
#11688=CARTESIAN_POINT('',(-4.18301270189221,4.4,-1.9));
#11689=AXIS2_PLACEMENT_3D('',#14447,#14448,#14449);
#11690=AXIS2_PLACEMENT_3D('',#14450,#14451,#14452);
#11691=CARTESIAN_POINT('',(-2.8,4.55,-1.9));
#11692=AXIS2_PLACEMENT_3D('',#14453,#14454,#14455);
#11693=CARTESIAN_POINT('',(-2.8,4.55,-1.9));
#11694=VECTOR('',#14456,1000.0);
#11695=CARTESIAN_POINT('',(4.45,2.05,-1.9));
#11696=AXIS2_PLACEMENT_3D('',#14457,#14458,#14459);
#11697=CARTESIAN_POINT('',(4.45,3.2,-1.9));
#11698=CARTESIAN_POINT('',(4.45,2.05,-1.9));
#11699=VECTOR('',#14460,1000.0);
#11700=CARTESIAN_POINT('',(4.45,3.85,-1.9));
#11701=CARTESIAN_POINT('',(4.45,2.05,-1.9));
#11702=VECTOR('',#14461,1000.0);
#11703=AXIS2_PLACEMENT_3D('',#14462,#14463,#14464);
#11704=CARTESIAN_POINT('',(3.75,4.55,-1.9));
#11705=AXIS2_PLACEMENT_3D('',#14465,#14466,#14467);
#11706=CARTESIAN_POINT('',(4.18301270189222,4.4,-1.9));
#11707=AXIS2_PLACEMENT_3D('',#14468,#14469,#14470);
#11708=AXIS2_PLACEMENT_3D('',#14471,#14472,#14473);
#11709=CARTESIAN_POINT('',(2.8,4.55,-1.9));
#11710=AXIS2_PLACEMENT_3D('',#14474,#14475,#14476);
#11711=CARTESIAN_POINT('',(3.75,4.55,-1.9));
#11712=VECTOR('',#14477,1000.0);
#11713=CARTESIAN_POINT('',(5.35,2.05,-0.5));
#11714=CARTESIAN_POINT('',(5.35,1.55,3.25260651745652E-16));
#11715=CARTESIAN_POINT('',(5.35,2.75,-1.2));
#11716=VECTOR('',#14478,1000.0);
#11717=CARTESIAN_POINT('',(4.75,2.05,-0.5));
#11718=VECTOR('',#14479,1000.0);
#11719=CARTESIAN_POINT('',(-4.25,1.55,0.0));
#11720=VECTOR('',#14480,1000.0);
#11721=CARTESIAN_POINT('',(5.35,-2.05,-0.5));
#11722=CARTESIAN_POINT('',(4.75,-2.05,-0.5));
#11723=VECTOR('',#14481,1000.0);
#11724=CARTESIAN_POINT('',(5.35,-1.55,3.25260651745652E-16));
#11725=CARTESIAN_POINT('',(5.35,-0.700000000000009,0.85));
#11726=VECTOR('',#14482,1000.0);
#11727=CARTESIAN_POINT('',(-4.25,-1.55,0.0));
#11728=VECTOR('',#14483,1000.0);
#11729=CARTESIAN_POINT('',(-5.35,-2.05,-0.5));
#11730=CARTESIAN_POINT('',(-5.35,-1.55,-1.0842021724855E-16));
#11731=CARTESIAN_POINT('',(-5.35,-0.7,0.85));
#11732=VECTOR('',#14484,1000.0);
#11733=CARTESIAN_POINT('',(-5.35,-2.05,-0.5));
#11734=VECTOR('',#14485,1000.0);
#11735=CARTESIAN_POINT('',(-4.25,-1.55,0.0));
#11736=VECTOR('',#14486,1000.0);
#11737=CARTESIAN_POINT('',(-5.35,2.05,-0.5));
#11738=CARTESIAN_POINT('',(-5.35,2.05,-0.5));
#11739=VECTOR('',#14487,1000.0);
#11740=CARTESIAN_POINT('',(-5.35,1.55,1.0842021724855E-16));
#11741=CARTESIAN_POINT('',(-5.35,2.75,-1.2));
#11742=VECTOR('',#14488,1000.0);
#11743=CARTESIAN_POINT('',(-4.25,1.55,0.0));
#11744=VECTOR('',#14489,1000.0);
#11745=CARTESIAN_POINT('',(-4.25,-6.25,-1.0));
#11746=AXIS2_PLACEMENT_3D('',#14490,#14491,#14492);
#11747=CARTESIAN_POINT('',(4.25,-6.25,-1.0));
#11748=CARTESIAN_POINT('',(-4.25,-6.25,-1.0));
#11749=VECTOR('',#14493,1000.0);
#11750=AXIS2_PLACEMENT_3D('',#14494,#14495,#14496);
#11751=CARTESIAN_POINT('',(2.89913780286482,-4.94974746830585,-1.0));
#11752=CARTESIAN_POINT('',(2.89913780286482,-4.94974746830585,-1.0));
#11753=VECTOR('',#14497,1000.0);
#11754=CARTESIAN_POINT('',(2.6162950903902,-4.94974746830585,-1.0));
#11755=AXIS2_PLACEMENT_3D('',#14498,#14499,#14500);
#11756=CARTESIAN_POINT('',(2.32021373022632,-4.65366610814197,-1.0));
#11757=CARTESIAN_POINT('',(2.32021373022632,-4.65366610814197,-1.0));
#11758=VECTOR('',#14501,1000.0);
#11759=CARTESIAN_POINT('',(-2.42487113059643,-4.6,-1.0));
#11760=AXIS2_PLACEMENT_3D('',#14502,#14503,#14504);
#11761=CARTESIAN_POINT('',(-4.75,-4.6,-1.0));
#11762=VECTOR('',#14505,1000.0);
#11763=CARTESIAN_POINT('',(2.89913780286482,-4.94974746830585,-1.0));
#11764=VECTOR('',#14506,1000.0);
#11765=CARTESIAN_POINT('',(2.6162950903902,-4.94974746830585,-1.0));
#11766=VECTOR('',#14507,1000.0);
#11767=CARTESIAN_POINT('',(2.32021373022632,-4.65366610814197,-1.0));
#11768=VECTOR('',#14508,1000.0);
#11769=CARTESIAN_POINT('',(-2.42487113059643,-4.6,-1.0));
#11770=VECTOR('',#14509,1000.0);
#11771=CARTESIAN_POINT('',(-0.66903445548945,-4.03896383957172,-7.0));
#11772=CARTESIAN_POINT('',(2.39129008406632,-3.3230359212392,-7.0));
#11773=CARTESIAN_POINT('',(-0.66903445548945,-4.03896383957172,-7.0));
#11774=CARTESIAN_POINT('',(-0.403109342842609,-4.0695974300945,-7.0));
#11775=CARTESIAN_POINT('',(-0.135147805874976,-4.08323704606685,-7.0));
#11776=CARTESIAN_POINT('',(0.399618724366264,-4.05841551096277,-7.0));
#11777=CARTESIAN_POINT('',(0.665557682786955,-4.02141467651264,-7.0));
#11778=CARTESIAN_POINT('',(1.18677421594201,-3.89893615640423,-7.0));
#11779=CARTESIAN_POINT('',(1.4414793159377,-3.81353828920517,-7.0));
#11780=CARTESIAN_POINT('',(1.9315156671975,-3.59864950240745,-7.0));
#11781=CARTESIAN_POINT('',(2.16607895806428,-3.46776945790237,-7.0));
#11782=CARTESIAN_POINT('',(2.39129008406632,-3.3230359212392,-7.0));
#11783=CARTESIAN_POINT('',(-3.83517209241366,2.35402952861077,-7.0));
#11784=CARTESIAN_POINT('',(-4.00746305702858,2.04473171372356,-7.0));
#11785=CARTESIAN_POINT('',(-4.14114051595749,1.71961701861968,-7.0));
#11786=CARTESIAN_POINT('',(-4.32895769030761,1.03680734492271,-7.0));
#11787=CARTESIAN_POINT('',(-4.38019095393453,0.691085710168353,-7.0));
#11788=CARTESIAN_POINT('',(-4.40020548130958,-0.00852719201220626,-7.0));
#11789=CARTESIAN_POINT('',(-4.36740382889229,-0.364335209947677,-7.0));
#11790=CARTESIAN_POINT('',(-4.25721721857106,-0.876398519187175,-7.0));
#11791=CARTESIAN_POINT('',(-4.21037948428657,-1.04463441167735,-7.0));
#11792=CARTESIAN_POINT('',(-4.09624219772316,-1.37614323887357,-7.0));
#11793=CARTESIAN_POINT('',(-4.02836090264416,-1.54047942643836,-7.0));
#11794=CARTESIAN_POINT('',(-3.79785290901693,-2.01499606065046,-6.99999999999999));
#11795=CARTESIAN_POINT('',(-3.60939861787806,-2.30866401782929,-7.0));
#11796=CARTESIAN_POINT('',(-3.27057549664658,-2.71256414324322,-7.0));
#11797=CARTESIAN_POINT('',(-3.14767027761369,-2.84147196380943,-7.0));
#11798=CARTESIAN_POINT('',(-2.88994987487813,-3.07957664134075,-7.0));
#11799=CARTESIAN_POINT('',(-2.75442413380529,-3.18976013284119,-7.0));
#11800=CARTESIAN_POINT('',(-2.3281340884609,-3.49408167220195,-7.0));
#11801=CARTESIAN_POINT('',(-2.01291312129857,-3.66368936247878,-7.0));
#11802=CARTESIAN_POINT('',(-1.36005748671405,-3.91457535701714,-7.0));
#11803=CARTESIAN_POINT('',(-1.02107541663031,-3.99841002145566,-7.0));
#11804=CARTESIAN_POINT('',(-0.66903445548945,-4.03896383957172,-7.0));
#11805=CARTESIAN_POINT('',(2.39129008406632,-3.3230359212392,-7.0));
#11806=CARTESIAN_POINT('',(2.69101241856453,-3.13041722491216,-7.0));
#11807=CARTESIAN_POINT('',(2.96082262192907,-2.90229237456158,-7.0));
#11808=CARTESIAN_POINT('',(3.44036660251932,-2.37535045884441,-7.0));
#11809=CARTESIAN_POINT('',(3.64020085967617,-2.08630874965771,-6.99999999999999));
#11810=CARTESIAN_POINT('',(3.88582212547683,-1.61808853940004,-7.0));
#11811=CARTESIAN_POINT('',(3.95891828649923,-1.4549883132143,-7.0));
#11812=CARTESIAN_POINT('',(4.08322543383053,-1.12382166071341,-7.0));
#11813=CARTESIAN_POINT('',(4.18618914868974,-0.787428206698896,-6.99999999999997));
#11814=CARTESIAN_POINT('',(4.24735646425848,-0.440799216137262,-6.99999999999999));
#11815=CARTESIAN_POINT('',(4.2871060844011,-0.0889252377781934,-7.0));
#11816=CARTESIAN_POINT('',(4.29604992200731,0.0893479482906523,-7.0));
#11817=CARTESIAN_POINT('',(4.28995374978254,0.617502756143357,-7.0));
#11818=CARTESIAN_POINT('',(4.24317466745922,0.965632917143566,-7.0));
#11819=CARTESIAN_POINT('',(4.06150371054087,1.65369761026279,-7.0));
#11820=CARTESIAN_POINT('',(3.92979603961496,1.97988352362096,-6.99999999999997));
#11821=CARTESIAN_POINT('',(3.59006555831114,2.5965121194085,-6.99999999999998));
#11822=CARTESIAN_POINT('',(3.38121792277476,2.88813280838416,-7.0));
#11823=CARTESIAN_POINT('',(2.90827164376091,3.40724777715423,-7.0));
#11824=CARTESIAN_POINT('',(2.64019675304834,3.64034528569461,-7.0));
#11825=CARTESIAN_POINT('',(2.34582705426366,3.84019471270464,-7.0));
#11826=CARTESIAN_POINT('',(3.89261775441417,-1.95,-2.2));
#11827=CARTESIAN_POINT('',(3.59976888147024,-1.94999999999962,-2.35350760519439));
#11828=CARTESIAN_POINT('',(3.89261775441417,-1.95,-2.2));
#11829=CARTESIAN_POINT('',(3.86970879095437,-1.95,-2.21208904377654));
#11830=CARTESIAN_POINT('',(3.84679252240246,-1.95,-2.22416425537339));
#11831=CARTESIAN_POINT('',(3.82386862553766,-1.95,-2.2362249576235));
#11832=CARTESIAN_POINT('',(3.74925376694186,-1.95,-2.27548126724075));
#11833=CARTESIAN_POINT('',(3.67455804040172,-1.95,-2.31458439008622));
#11834=CARTESIAN_POINT('',(3.59976888147024,-1.94999999999962,-2.35350760519439));
#11835=CARTESIAN_POINT('',(2.0,-4.01614889310454,-2.2));
#11836=CARTESIAN_POINT('',(3.89261775441417,-1.95,-2.2));
#11837=CARTESIAN_POINT('',(3.79508647274638,-2.16841538692106,-2.2));
#11838=CARTESIAN_POINT('',(3.68021689711564,-2.37641591946505,-2.2));
#11839=CARTESIAN_POINT('',(3.41872573615918,-2.77334402628742,-2.2));
#11840=CARTESIAN_POINT('',(3.27077101434137,-2.96290843423544,-2.2));
#11841=CARTESIAN_POINT('',(2.95087393165194,-3.31165369863901,-2.2));
#11842=CARTESIAN_POINT('',(2.77825165916851,-3.47221407457446,-2.2));
#11843=CARTESIAN_POINT('',(2.4077385697403,-3.76579632118951,-2.2));
#11844=CARTESIAN_POINT('',(2.20868829490573,-3.89937187671677,-2.2));
#11845=CARTESIAN_POINT('',(2.0,-4.01614889310454,-2.2));
#11846=CARTESIAN_POINT('',(2.0,-3.57223123551654,-2.42061998948206));
#11847=CARTESIAN_POINT('',(2.0,-3.57223123551654,-2.42061998948206));
#11848=CARTESIAN_POINT('',(2.0,-3.6114720523213,-2.40143695211901));
#11849=CARTESIAN_POINT('',(2.0,-3.65067646538312,-2.38217929396009));
#11850=CARTESIAN_POINT('',(2.0,-3.68984683585441,-2.36285281722173));
#11851=CARTESIAN_POINT('',(2.0,-3.72901719664711,-2.34352634525874));
#11852=CARTESIAN_POINT('',(2.0,-3.76815363536023,-2.32413099038975));
#11853=CARTESIAN_POINT('',(2.0,-3.80725833085162,-2.30467199571654));
#11854=CARTESIAN_POINT('',(2.0,-3.87698522832628,-2.26997500320736));
#11855=CARTESIAN_POINT('',(2.0,-3.94661173247325,-2.2350757011614));
#11856=CARTESIAN_POINT('',(2.0,-4.01614889310454,-2.2));
#11858=CARTESIAN_POINT('',(3.59976888147024,-1.94999999999962,-2.35350760519439));
#11859=CARTESIAN_POINT('',(3.57329684924028,-1.99886830659005,-2.35499967610885));
#11860=CARTESIAN_POINT('',(3.5455080030935,-2.047,-2.35646925639128));
#11861=CARTESIAN_POINT('',(2.98250307417432,-3.02215314179971,-2.38624310659278));
#11862=CARTESIAN_POINT('',(2.0,-3.57223123551654,-2.42061998948206));
#11869=CARTESIAN_POINT('',(3.59976888147024,1.94999999999962,-2.23443090758816));
#11870=CARTESIAN_POINT('',(3.6691692759027,1.95,-2.2));
#11871=CARTESIAN_POINT('',(3.59976888147024,1.94999999999962,-2.23443090758816));
#11872=CARTESIAN_POINT('',(3.62291389815677,1.94999999999962,-2.22297725233489));
#11873=CARTESIAN_POINT('',(3.64604721191535,1.95,-2.21149992056691));
#11874=CARTESIAN_POINT('',(3.6691692759027,1.95,-2.2));
#11875=CARTESIAN_POINT('',(2.86308083253427,2.9263636387802,-2.2));
#11877=CARTESIAN_POINT('',(2.86308083253427,2.9263636387802,-2.2));
#11878=CARTESIAN_POINT('',(3.26462598448498,2.53350192716244,-2.216615142836));
#11879=CARTESIAN_POINT('',(3.54550800309349,2.047,-2.23146925639128));
#11880=CARTESIAN_POINT('',(3.57329684924028,1.99886830659005,-2.2329388366737));
#11881=CARTESIAN_POINT('',(3.59976888147024,1.94999999999962,-2.23443090758816));
#11888=CARTESIAN_POINT('',(2.86308083253427,2.9263636387802,-2.2));
#11889=CARTESIAN_POINT('',(3.1823099340513,2.64451776190134,-2.2));
#11890=CARTESIAN_POINT('',(3.45225295639546,2.31644896298126,-2.2));
#11891=CARTESIAN_POINT('',(3.6691692759027,1.95,-2.2));
#11892=CARTESIAN_POINT('',(-4.05555175037874,-1.95,-2.38039838043362));
#11893=CARTESIAN_POINT('',(-4.05555175037873,-1.95,-2.2));
#11894=CARTESIAN_POINT('',(-4.05555175037874,-1.95,-1.9));
#11895=VECTOR('',#14510,1000.0);
#11896=CARTESIAN_POINT('',(-2.0,-4.03112887414927,-2.3016896685029));
#11898=CARTESIAN_POINT('',(-2.0,-4.03112887414927,-2.3016896685029));
#11899=CARTESIAN_POINT('',(-3.21753787482625,-3.42706092552374,-2.33936891028019));
#11900=CARTESIAN_POINT('',(-3.89711431702998,-2.25,-2.37206504710029));
#11901=CARTESIAN_POINT('',(-3.98199151346682,-2.10298838336737,-2.37614870311786));
#11902=CARTESIAN_POINT('',(-4.05555175037874,-1.95,-2.38039838043362));
#11909=CARTESIAN_POINT('',(-2.0,-4.03112887414927,-2.2));
#11910=CARTESIAN_POINT('',(-2.0,-4.03112887414927,-1.9));
#11911=VECTOR('',#14511,1000.0);
#11912=AXIS2_PLACEMENT_3D('',#14512,#14513,#14514);
#11913=CARTESIAN_POINT('',(-3.85603614795768,1.95,-2.2));
#11914=CARTESIAN_POINT('',(-3.85603614795768,1.95,-2.2));
#11915=CARTESIAN_POINT('',(-3.92262204627646,1.95,-2.23353051824171));
#11916=CARTESIAN_POINT('',(-3.98912433188727,1.95,-2.26722747806329));
#11917=CARTESIAN_POINT('',(-4.05555175037874,1.95,-2.30107087595766));
#11918=CARTESIAN_POINT('',(-2.0,3.68919554492362,-2.2));
#11919=CARTESIAN_POINT('',(-3.85603614795768,1.95,-2.2));
#11920=CARTESIAN_POINT('',(-3.74947579558227,2.13922298593759,-2.2));
#11921=CARTESIAN_POINT('',(-3.63005035042383,2.31893760002778,-2.20000000000001));
#11922=CARTESIAN_POINT('',(-3.36421013692816,2.6584194772617,-2.20000000000001));
#11923=CARTESIAN_POINT('',(-3.2166835768807,2.81945334280316,-2.2));
#11924=CARTESIAN_POINT('',(-2.74488817440895,3.26072664542036,-2.2));
#11925=CARTESIAN_POINT('',(-2.3920932283692,3.50208596268762,-2.2));
#11926=CARTESIAN_POINT('',(-2.0,3.68919554492362,-2.2));
#11927=CARTESIAN_POINT('',(-2.0,4.03112887414927,-2.37977958788837));
#11928=CARTESIAN_POINT('',(-1.99999999999978,3.99252784945219,-2.35933975749525));
#11929=CARTESIAN_POINT('',(-2.0,3.95390799731708,-2.33893543728266));
#11930=CARTESIAN_POINT('',(-2.0,3.91526796661325,-2.31856944107868));
#11931=CARTESIAN_POINT('',(-2.0,3.83999098040678,-2.27889320926924));
#11932=CARTESIAN_POINT('',(-2.0,3.76463731244362,-2.23936200879507));
#11933=CARTESIAN_POINT('',(-2.0,3.68919554492362,-2.2));
#11934=CARTESIAN_POINT('',(3.59976888146472,1.94999999999967,-2.32796165119402));
#11935=CARTESIAN_POINT('',(3.59976888146472,1.94999999999967,-2.32796165119402));
#11936=CARTESIAN_POINT('',(3.59382043369737,1.94999999999967,-2.3248658453932));
#11937=CARTESIAN_POINT('',(3.58827418427588,1.95000000000593,-2.32078304993936));
#11938=CARTESIAN_POINT('',(3.58364441536124,1.95000000000593,-2.31593193829415));
#11939=CARTESIAN_POINT('',(3.57899569148347,1.95000000000593,-2.31106096547571));
#11940=CARTESIAN_POINT('',(3.57514203123438,1.95000000000004,-2.30524987039147));
#11941=CARTESIAN_POINT('',(3.57261595341491,1.95000000000004,-2.29900840095394));
#11942=CARTESIAN_POINT('',(3.57034683798978,1.95000000000004,-2.29340183789913));
#11943=CARTESIAN_POINT('',(3.56908732626069,1.95000000000059,-2.28726858634068));
#11944=CARTESIAN_POINT('',(3.5690337978828,1.95000000000059,-2.28122048177703));
#11945=CARTESIAN_POINT('',(3.56898562645025,1.95000000000059,-2.27577765177834));
#11946=CARTESIAN_POINT('',(3.56990796076993,1.9500000000038,-2.27025032525942));
#11947=CARTESIAN_POINT('',(3.57169862230873,1.9500000000038,-2.2651102620171));
#11948=CARTESIAN_POINT('',(3.57345224188916,1.9500000000038,-2.2600765270811));
#11949=CARTESIAN_POINT('',(3.57607540653465,1.95000000000848,-2.25528292229209));
#11950=CARTESIAN_POINT('',(3.57931192798676,1.95000000000848,-2.25104752409017));
#11951=CARTESIAN_POINT('',(3.58274215955553,1.95000000000848,-2.24655863166861));
#11952=CARTESIAN_POINT('',(3.58693729826123,1.95,-2.2425843112953));
#11953=CARTESIAN_POINT('',(3.59154972015464,1.95,-2.23932207156393));
#11954=CARTESIAN_POINT('',(3.59415262159889,1.95,-2.23748111063179));
#11955=CARTESIAN_POINT('',(3.59691147775062,1.94999999999995,-2.23584493625667));
#11956=CARTESIAN_POINT('',(3.59976888147024,1.94999999999962,-2.23443090758816));
#11957=CARTESIAN_POINT('',(2.0,3.57223123551654,-2.26084926690922));
#11959=CARTESIAN_POINT('',(2.0,3.57223123551654,-2.26084926690922));
#11960=CARTESIAN_POINT('',(2.98250307417432,3.02215314179971,-2.29522614979849));
#11961=CARTESIAN_POINT('',(3.54550800309349,2.047,-2.325));
#11962=CARTESIAN_POINT('',(3.57329684923959,1.99886830659124,-2.32646958028239));
#11963=CARTESIAN_POINT('',(3.59976888146472,1.94999999999967,-2.32796165119402));
#11970=CARTESIAN_POINT('',(2.0,3.54353735262876,-2.2));
#11971=CARTESIAN_POINT('',(2.0,3.54353735262876,-2.2));
#11972=CARTESIAN_POINT('',(2.00000000000005,3.54192019564494,-2.20507116090185));
#11973=CARTESIAN_POINT('',(2.00000000000026,3.54112965194043,-2.2104859576569));
#11974=CARTESIAN_POINT('',(2.00000000000026,3.54127212003697,-2.21580681965884));
#11975=CARTESIAN_POINT('',(2.00000000000026,3.5414146806848,-2.22113113824243));
#11976=CARTESIAN_POINT('',(2.00000000000359,3.54249637771295,-2.22650172609201));
#11977=CARTESIAN_POINT('',(2.00000000000359,3.54439884637231,-2.23147659341867));
#11978=CARTESIAN_POINT('',(2.00000000000359,3.54629202361466,-2.2364271641207));
#11979=CARTESIAN_POINT('',(2.00000000000802,3.54903785973371,-2.24111325004867));
#11980=CARTESIAN_POINT('',(2.00000000000802,3.5523705667042,-2.24523457684904));
#11981=CARTESIAN_POINT('',(2.00000000000802,3.5559303544072,-2.24963671858966));
#11982=CARTESIAN_POINT('',(2.0,3.56023788408319,-2.25350417516697));
#11983=CARTESIAN_POINT('',(2.0,3.56494074163474,-2.25665601133735));
#11984=CARTESIAN_POINT('',(2.0,3.5672695642958,-2.2582167788956));
#11985=CARTESIAN_POINT('',(2.0,3.56971261281175,-2.25961802766909));
#11986=CARTESIAN_POINT('',(2.0,3.57223123551654,-2.26084926690922));
#11987=CARTESIAN_POINT('',(2.0,3.54353735262876,-2.2));
#11988=CARTESIAN_POINT('',(2.31025398454343,3.37191750631491,-2.20000000000004));
#11989=CARTESIAN_POINT('',(2.59731093809143,3.16101063240101,-2.2));
#11990=CARTESIAN_POINT('',(2.86308083253427,2.9263636387802,-2.2));
#11991=CARTESIAN_POINT('',(1.0,-5.8,-3.3));
#11992=CARTESIAN_POINT('',(1.0,-6.2,-3.3));
#11993=CARTESIAN_POINT('',(1.0,-5.8,-3.3));
#11994=VECTOR('',#14515,1000.0);
#11995=CARTESIAN_POINT('',(0.8,-6.4,-3.3));
#11996=AXIS2_PLACEMENT_3D('',#14516,#14517,#14518);
#11997=CARTESIAN_POINT('',(-0.8,-6.4,-3.3));
#11998=CARTESIAN_POINT('',(0.8,-6.4,-3.3));
#11999=VECTOR('',#14519,1000.0);
#12000=CARTESIAN_POINT('',(-1.0,-6.2,-3.3));
#12001=AXIS2_PLACEMENT_3D('',#14520,#14521,#14522);
#12002=CARTESIAN_POINT('',(-1.0,-5.8,-3.3));
#12003=CARTESIAN_POINT('',(-1.0,-5.8,-3.3));
#12004=VECTOR('',#14523,1000.0);
#12005=CARTESIAN_POINT('',(-0.8,-5.6,-3.3));
#12006=AXIS2_PLACEMENT_3D('',#14524,#14525,#14526);
#12007=CARTESIAN_POINT('',(0.8,-5.6,-3.3));
#12008=CARTESIAN_POINT('',(0.8,-5.6,-3.3));
#12009=VECTOR('',#14527,1000.0);
#12010=AXIS2_PLACEMENT_3D('',#14528,#14529,#14530);
#12011=CARTESIAN_POINT('',(-0.993649167310372,-6.25,-1.9));
#12012=CARTESIAN_POINT('',(0.993649167310369,-6.25,-1.9));
#12013=CARTESIAN_POINT('',(-4.25,-6.25,-1.9));
#12014=VECTOR('',#14531,1000.0);
#12015=CARTESIAN_POINT('',(-0.8,-6.4,-1.9));
#12016=AXIS2_PLACEMENT_3D('',#14532,#14533,#14534);
#12017=CARTESIAN_POINT('',(0.8,-6.4,-1.9));
#12018=CARTESIAN_POINT('',(0.8,-6.4,-1.9));
#12019=VECTOR('',#14535,1000.0);
#12020=AXIS2_PLACEMENT_3D('',#14536,#14537,#14538);
#12021=CARTESIAN_POINT('',(1.0,-5.8,-2.5));
#12022=CARTESIAN_POINT('',(1.0,-1.95,-2.5));
#12023=VECTOR('',#14539,1000.0);
#12024=CARTESIAN_POINT('',(1.0,-6.2,-6.2540659228538));
#12025=VECTOR('',#14540,1000.0);
#12026=CARTESIAN_POINT('',(1.0,-5.8,-6.2540659228538));
#12027=VECTOR('',#14541,1000.0);
#12028=CARTESIAN_POINT('',(0.8,-5.6,-2.5));
#12029=AXIS2_PLACEMENT_3D('',#14542,#14543,#14544);
#12030=CARTESIAN_POINT('',(0.8,-5.6,-6.2540659228538));
#12031=VECTOR('',#14545,1000.0);
#12032=CARTESIAN_POINT('',(-0.8,-5.6,-2.5));
#12033=CARTESIAN_POINT('',(5.35,-5.6,-2.5));
#12034=VECTOR('',#14546,1000.0);
#12035=CARTESIAN_POINT('',(-0.8,-5.6,-6.2540659228538));
#12036=VECTOR('',#14547,1000.0);
#12037=CARTESIAN_POINT('',(-1.0,-5.8,-2.5));
#12038=AXIS2_PLACEMENT_3D('',#14548,#14549,#14550);
#12039=CARTESIAN_POINT('',(-1.0,-5.8,-6.2540659228538));
#12040=VECTOR('',#14551,1000.0);
#12041=CARTESIAN_POINT('',(-1.0,-1.95,-2.5));
#12042=VECTOR('',#14552,1000.0);
#12043=CARTESIAN_POINT('',(-1.0,-6.2,-6.2540659228538));
#12044=VECTOR('',#14553,1000.0);
#12045=CARTESIAN_POINT('',(-0.993649167310372,-6.25,-6.2540659228538));
#12046=VECTOR('',#14554,1000.0);
#12047=CARTESIAN_POINT('',(-0.8,-6.4,-6.2540659228538));
#12048=VECTOR('',#14555,1000.0);
#12049=CARTESIAN_POINT('',(0.8,-6.4,-6.2540659228538));
#12050=VECTOR('',#14556,1000.0);
#12051=CARTESIAN_POINT('',(0.993649167310369,-6.25,-6.2540659228538));
#12052=VECTOR('',#14557,1000.0);
#12053=CARTESIAN_POINT('',(2.8,3.77491721763538,-1.9));
#12054=CARTESIAN_POINT('',(4.27638866334668,1.95,-1.9));
#12055=AXIS2_PLACEMENT_3D('',#14558,#14559,#14560);
#12056=CARTESIAN_POINT('',(4.27638866334668,1.95,-2.2));
#12057=CARTESIAN_POINT('',(4.27638866334668,1.95,-2.2));
#12058=VECTOR('',#14561,1000.0);
#12059=CARTESIAN_POINT('',(2.8,3.77491721763538,-2.2));
#12060=AXIS2_PLACEMENT_3D('',#14562,#14563,#14564);
#12061=CARTESIAN_POINT('',(2.8,3.77491721763538,-2.2));
#12062=VECTOR('',#14565,1000.0);
#12063=CARTESIAN_POINT('',(-4.27638866334668,1.95,-2.2));
#12064=CARTESIAN_POINT('',(-2.8,3.77491721763538,-2.2));
#12065=AXIS2_PLACEMENT_3D('',#14566,#14567,#14568);
#12066=CARTESIAN_POINT('',(-4.27638866334668,1.95,-1.9));
#12067=CARTESIAN_POINT('',(-4.27638866334668,1.95,-2.2));
#12068=VECTOR('',#14569,1000.0);
#12069=CARTESIAN_POINT('',(-2.8,3.77491721763538,-1.9));
#12070=AXIS2_PLACEMENT_3D('',#14570,#14571,#14572);
#12071=CARTESIAN_POINT('',(-2.8,3.77491721763538,-2.2));
#12072=VECTOR('',#14573,1000.0);
#12073=CARTESIAN_POINT('',(-2.8,-3.77491721763538,-1.9));
#12074=CARTESIAN_POINT('',(-4.27638866334668,-1.95,-1.9));
#12075=AXIS2_PLACEMENT_3D('',#14574,#14575,#14576);
#12076=CARTESIAN_POINT('',(-4.27638866334668,-1.95,-2.2));
#12077=CARTESIAN_POINT('',(-4.27638866334668,-1.95,-2.2));
#12078=VECTOR('',#14577,1000.0);
#12079=CARTESIAN_POINT('',(-2.8,-3.77491721763538,-2.2));
#12080=AXIS2_PLACEMENT_3D('',#14578,#14579,#14580);
#12081=CARTESIAN_POINT('',(-2.8,-3.77491721763538,-2.2));
#12082=VECTOR('',#14581,1000.0);
#12083=CARTESIAN_POINT('',(4.27638866334668,-1.95,-2.2));
#12084=CARTESIAN_POINT('',(2.8,-3.77491721763538,-2.2));
#12085=AXIS2_PLACEMENT_3D('',#14582,#14583,#14584);
#12086=CARTESIAN_POINT('',(4.27638866334668,-1.95,-1.9));
#12087=CARTESIAN_POINT('',(4.27638866334668,-1.95,-2.2));
#12088=VECTOR('',#14585,1000.0);
#12089=CARTESIAN_POINT('',(2.8,-3.77491721763538,-1.9));
#12090=AXIS2_PLACEMENT_3D('',#14586,#14587,#14588);
#12091=CARTESIAN_POINT('',(2.8,-3.77491721763538,-2.2));
#12092=VECTOR('',#14589,1000.0);
#12093=CARTESIAN_POINT('',(-5.35,-2.05,-1.9));
#12094=CARTESIAN_POINT('',(-5.35,-2.05,-1.9));
#12095=VECTOR('',#14590,1000.0);
#12096=CARTESIAN_POINT('',(-5.35,-2.05,-1.9));
#12097=VECTOR('',#14591,1000.0);
#12098=CARTESIAN_POINT('',(5.35,-2.05,-1.9));
#12099=CARTESIAN_POINT('',(5.35,-2.05,-1.9));
#12100=VECTOR('',#14592,1000.0);
#12101=CARTESIAN_POINT('',(4.75,-2.05,-1.9));
#12102=VECTOR('',#14593,1000.0);
#12103=CARTESIAN_POINT('',(5.35,2.05,0.0));
#12104=VECTOR('',#14594,1000.0);
#12105=CARTESIAN_POINT('',(5.35,-1.95,-1.9));
#12106=CARTESIAN_POINT('',(5.35,2.05,-1.9));
#12107=VECTOR('',#14595,1000.0);
#12108=CARTESIAN_POINT('',(5.35,-1.95,-2.5));
#12109=CARTESIAN_POINT('',(5.35,-1.95,-2.5));
#12110=VECTOR('',#14596,1000.0);
#12111=CARTESIAN_POINT('',(5.35,1.95,-2.5));
#12112=CARTESIAN_POINT('',(5.35,1.95,-2.5));
#12113=VECTOR('',#14597,1000.0);
#12114=CARTESIAN_POINT('',(5.35,1.95,-1.9));
#12115=CARTESIAN_POINT('',(5.35,1.95,-2.5));
#12116=VECTOR('',#14598,1000.0);
#12117=CARTESIAN_POINT('',(5.35,2.05,-1.9));
#12118=CARTESIAN_POINT('',(5.35,2.05,-1.9));
#12119=VECTOR('',#14599,1000.0);
#12120=CARTESIAN_POINT('',(5.35,2.05,-1.9));
#12121=VECTOR('',#14600,1000.0);
#12122=CARTESIAN_POINT('',(4.75,2.05,-1.9));
#12123=VECTOR('',#14601,1000.0);
#12124=CARTESIAN_POINT('',(-5.35,2.05,-1.9));
#12125=CARTESIAN_POINT('',(-5.35,2.05,-1.9));
#12126=VECTOR('',#14602,1000.0);
#12127=CARTESIAN_POINT('',(-5.35,2.05,-1.9));
#12128=VECTOR('',#14603,1000.0);
#12129=CARTESIAN_POINT('',(-5.35,2.05,0.0));
#12130=VECTOR('',#14604,1000.0);
#12131=CARTESIAN_POINT('',(-5.35,1.95,-1.9));
#12132=CARTESIAN_POINT('',(-5.35,2.05,-1.9));
#12133=VECTOR('',#14605,1000.0);
#12134=CARTESIAN_POINT('',(-5.35,1.95,-2.5));
#12135=CARTESIAN_POINT('',(-5.35,1.95,-2.5));
#12136=VECTOR('',#14606,1000.0);
#12137=CARTESIAN_POINT('',(-5.35,-1.95,-2.5));
#12138=CARTESIAN_POINT('',(-5.35,1.95,-2.5));
#12139=VECTOR('',#14607,1000.0);
#12140=CARTESIAN_POINT('',(-5.35,-1.95,-1.9));
#12141=CARTESIAN_POINT('',(-5.35,-1.95,-2.5));
#12142=VECTOR('',#14608,1000.0);
#12143=CARTESIAN_POINT('',(-5.35,2.05,-1.9));
#12144=VECTOR('',#14609,1000.0);
#12145=CARTESIAN_POINT('',(2.8,-6.25,-2.2));
#12146=VECTOR('',#14610,1000.0);
#12147=CARTESIAN_POINT('',(2.8,-6.25,-2.2));
#12148=VECTOR('',#14611,1000.0);
#12149=CARTESIAN_POINT('',(2.8,-6.25,-1.9));
#12150=VECTOR('',#14612,1000.0);
#12151=CARTESIAN_POINT('',(-2.8,-6.25,-2.2));
#12152=VECTOR('',#14613,1000.0);
#12153=CARTESIAN_POINT('',(-2.8,-6.25,-2.2));
#12154=VECTOR('',#14614,1000.0);
#12155=CARTESIAN_POINT('',(-2.8,-6.25,-1.9));
#12156=VECTOR('',#14615,1000.0);
#12157=CARTESIAN_POINT('',(-2.8,4.85,-2.2));
#12158=VECTOR('',#14616,1000.0);
#12159=CARTESIAN_POINT('',(-2.8,4.85,-1.9));
#12160=VECTOR('',#14617,1000.0);
#12161=CARTESIAN_POINT('',(2.8,4.85,-2.2));
#12162=VECTOR('',#14618,1000.0);
#12163=CARTESIAN_POINT('',(2.8,4.85,-1.9));
#12164=VECTOR('',#14619,1000.0);
#12165=CARTESIAN_POINT('',(3.3,4.4,-1.9));
#12166=CARTESIAN_POINT('',(-5.25,4.4,-1.9));
#12167=VECTOR('',#14620,1000.0);
#12168=CARTESIAN_POINT('',(3.1,4.2,-1.9));
#12169=AXIS2_PLACEMENT_3D('',#14621,#14622,#14623);
#12170=CARTESIAN_POINT('',(3.1,3.7,-1.9));
#12171=CARTESIAN_POINT('',(3.1,4.4,-1.9));
#12172=VECTOR('',#14624,1000.0);
#12173=CARTESIAN_POINT('',(3.6,3.2,-1.9));
#12174=CARTESIAN_POINT('',(4.425,2.375,-1.9));
#12175=VECTOR('',#14625,1000.0);
#12176=CARTESIAN_POINT('',(5.25,3.2,-1.9));
#12177=VECTOR('',#14626,1000.0);
#12178=CARTESIAN_POINT('',(-4.25,1.95,-1.9));
#12179=VECTOR('',#14627,1000.0);
#12180=CARTESIAN_POINT('',(-3.3,4.4,-1.9));
#12181=CARTESIAN_POINT('',(-5.25,4.4,-1.9));
#12182=VECTOR('',#14628,1000.0);
#12183=CARTESIAN_POINT('',(-4.25,1.95,-1.9));
#12184=VECTOR('',#14629,1000.0);
#12185=CARTESIAN_POINT('',(-3.6,3.2,-1.9));
#12186=CARTESIAN_POINT('',(-5.25,3.2,-1.9));
#12187=VECTOR('',#14630,1000.0);
#12188=CARTESIAN_POINT('',(-3.1,3.7,-1.9));
#12189=CARTESIAN_POINT('',(-4.425,2.375,-1.9));
#12190=VECTOR('',#14631,1000.0);
#12191=CARTESIAN_POINT('',(-3.1,4.2,-1.9));
#12192=CARTESIAN_POINT('',(-3.1,4.4,-1.9));
#12193=VECTOR('',#14632,1000.0);
#12194=AXIS2_PLACEMENT_3D('',#14633,#14634,#14635);
#12195=CARTESIAN_POINT('',(-3.3,-4.4,-1.9));
#12196=CARTESIAN_POINT('',(-5.25,-4.4,-1.9));
#12197=VECTOR('',#14636,1000.0);
#12198=CARTESIAN_POINT('',(-3.1,-4.2,-1.9));
#12199=AXIS2_PLACEMENT_3D('',#14637,#14638,#14639);
#12200=CARTESIAN_POINT('',(-3.1,-3.7,-1.9));
#12201=CARTESIAN_POINT('',(-3.1,-4.4,-1.9));
#12202=VECTOR('',#14640,1000.0);
#12203=CARTESIAN_POINT('',(-3.6,-3.2,-1.9));
#12204=CARTESIAN_POINT('',(-4.425,-2.375,-1.9));
#12205=VECTOR('',#14641,1000.0);
#12206=CARTESIAN_POINT('',(-5.25,-3.2,-1.9));
#12207=VECTOR('',#14642,1000.0);
#12208=CARTESIAN_POINT('',(-4.25,-1.95,-1.9));
#12209=VECTOR('',#14643,1000.0);
#12210=CARTESIAN_POINT('',(3.3,-4.4,-1.9));
#12211=CARTESIAN_POINT('',(-5.25,-4.4,-1.9));
#12212=VECTOR('',#14644,1000.0);
#12213=CARTESIAN_POINT('',(-4.25,-1.95,-1.9));
#12214=VECTOR('',#14645,1000.0);
#12215=CARTESIAN_POINT('',(3.6,-3.2,-1.9));
#12216=CARTESIAN_POINT('',(5.25,-3.2,-1.9));
#12217=VECTOR('',#14646,1000.0);
#12218=CARTESIAN_POINT('',(3.1,-3.7,-1.9));
#12219=CARTESIAN_POINT('',(4.425,-2.375,-1.9));
#12220=VECTOR('',#14647,1000.0);
#12221=CARTESIAN_POINT('',(3.1,-4.2,-1.9));
#12222=CARTESIAN_POINT('',(3.1,-4.4,-1.9));
#12223=VECTOR('',#14648,1000.0);
#12224=AXIS2_PLACEMENT_3D('',#14649,#14650,#14651);
#12225=CARTESIAN_POINT('',(2.0,-1.95,-2.2));
#12226=VECTOR('',#14652,1000.0);
#12227=CARTESIAN_POINT('',(-2.8,-1.95,-2.2));
#12228=VECTOR('',#14653,1000.0);
#12229=CARTESIAN_POINT('',(-2.0,-1.95,-2.2));
#12230=VECTOR('',#14654,1000.0);
#12231=CARTESIAN_POINT('',(-2.8,-1.95,-2.2));
#12232=VECTOR('',#14655,1000.0);
#12233=CARTESIAN_POINT('',(-2.0,4.85,-2.2));
#12234=VECTOR('',#14656,1000.0);
#12235=CARTESIAN_POINT('',(2.8,1.95,-2.2));
#12236=VECTOR('',#14657,1000.0);
#12237=CARTESIAN_POINT('',(2.0,4.85,-2.2));
#12238=VECTOR('',#14658,1000.0);
#12239=CARTESIAN_POINT('',(2.8,1.95,-2.2));
#12240=VECTOR('',#14659,1000.0);
#12241=CARTESIAN_POINT('',(2.0,4.85,-2.5));
#12242=VECTOR('',#14660,1000.0);
#12243=CARTESIAN_POINT('',(2.0,3.57223123551654,-2.26084926690922));
#12244=CARTESIAN_POINT('',(2.0,3.6114720523213,-2.28003230427227));
#12245=CARTESIAN_POINT('',(2.0,3.65067646538311,-2.29928996243118));
#12246=CARTESIAN_POINT('',(2.0,3.68984683585441,-2.31861643916954));
#12247=CARTESIAN_POINT('',(2.0,3.72901719664711,-2.33794291113253));
#12248=CARTESIAN_POINT('',(2.0,3.76815363536023,-2.35733826600152));
#12249=CARTESIAN_POINT('',(2.0,3.80725833085162,-2.37679726067473));
#12250=CARTESIAN_POINT('',(2.0,3.88199262119038,-2.41398599566764));
#12251=CARTESIAN_POINT('',(1.99999999999992,3.95661162331882,-2.45140708842296));
#12252=CARTESIAN_POINT('',(2.0,4.03112887414927,-2.4890288306936));
#12253=CARTESIAN_POINT('',(-2.0,4.85,-2.5));
#12254=VECTOR('',#14661,1000.0);
#12255=CARTESIAN_POINT('',(-2.0,-3.65364844074456,-2.5));
#12256=CARTESIAN_POINT('',(-2.0,-1.95,-2.5));
#12257=VECTOR('',#14662,1000.0);
#12258=CARTESIAN_POINT('',(-2.0,-6.25,-2.5));
#12259=VECTOR('',#14663,1000.0);
#12260=CARTESIAN_POINT('',(-2.0,-4.03112887414927,-2.3016896685029));
#12261=CARTESIAN_POINT('',(-1.99999999999978,-3.99252784945219,-2.32212949889603));
#12262=CARTESIAN_POINT('',(-2.0,-3.95390799731708,-2.34253381910861));
#12263=CARTESIAN_POINT('',(-2.0,-3.91526796661325,-2.3628998153126));
#12264=CARTESIAN_POINT('',(-2.0,-3.87662793311189,-2.38326581299108));
#12265=CARTESIAN_POINT('',(-2.0,-3.83796768380864,-2.40359350916065));
#12266=CARTESIAN_POINT('',(-2.0,-3.79928574057308,-2.4238797931463));
#12267=CARTESIAN_POINT('',(-2.0,-3.75077523689606,-2.44932054848495));
#12268=CARTESIAN_POINT('',(-2.0,-3.70223054747238,-2.47469624721339));
#12269=CARTESIAN_POINT('',(-2.0,-3.65364844074456,-2.5));
#12270=CARTESIAN_POINT('',(2.0,-6.25,-2.5));
#12271=VECTOR('',#14664,1000.0);
#12272=CARTESIAN_POINT('',(2.0,-3.55407704801521,-2.5));
#12273=CARTESIAN_POINT('',(2.0,-1.95,-2.5));
#12274=VECTOR('',#14665,1000.0);
#12275=CARTESIAN_POINT('',(2.0,-3.55407704801521,-2.5));
#12276=CARTESIAN_POINT('',(2.0,-3.55028055282058,-2.49563386045162));
#12277=CARTESIAN_POINT('',(2.00000000000004,-3.54711394433475,-2.49060874888568));
#12278=CARTESIAN_POINT('',(2.00000000000004,-3.5449166354018,-2.48525633038822));
#12279=CARTESIAN_POINT('',(2.00000000000004,-3.54271217871791,-2.47988650070483));
#12280=CARTESIAN_POINT('',(2.00000000000034,-3.5414347212876,-2.47403001818659));
#12281=CARTESIAN_POINT('',(2.00000000000034,-3.54127345327558,-2.46822754520276));
#12282=CARTESIAN_POINT('',(2.00000000000034,-3.54112276483136,-2.46280572834279));
#12283=CARTESIAN_POINT('',(2.00000000000369,-3.54194129173723,-2.45728007325693));
#12284=CARTESIAN_POINT('',(2.00000000000369,-3.5436388659081,-2.45212866111997));
#12285=CARTESIAN_POINT('',(2.00000000000369,-3.54529174139795,-2.44711289037753));
#12286=CARTESIAN_POINT('',(2.00000000000699,-3.54781197536079,-2.44232096517707));
#12287=CARTESIAN_POINT('',(2.00000000000699,-3.55094944521093,-2.43807287896501));
#12288=CARTESIAN_POINT('',(2.00000000000699,-3.55426893024757,-2.43357834697306));
#12289=CARTESIAN_POINT('',(2.00000000001998,-3.5583519104242,-2.42958027284658));
#12290=CARTESIAN_POINT('',(2.00000000001998,-3.56285682551738,-2.42627489257521));
#12291=CARTESIAN_POINT('',(2.00000000001998,-3.56579909805534,-2.42411606618253));
#12292=CARTESIAN_POINT('',(1.99999999999987,-3.56895270320008,-2.42222271371359));
#12293=CARTESIAN_POINT('',(2.0,-3.57223123551654,-2.42061998948206));
#12294=CARTESIAN_POINT('',(3.92770783803883,1.95,-2.5));
#12295=CARTESIAN_POINT('',(5.35,1.95,-2.5));
#12296=VECTOR('',#14666,1000.0);
#12297=CARTESIAN_POINT('',(3.92770783803883,1.95,-2.5));
#12298=CARTESIAN_POINT('',(3.88909027347822,1.95,-2.47959142897846));
#12299=CARTESIAN_POINT('',(3.85045239927502,1.95,-2.45922123436054));
#12300=CARTESIAN_POINT('',(3.81179267974264,1.95,-2.43889263014354));
#12301=CARTESIAN_POINT('',(3.7411946035003,1.95,-2.40176974441722));
#12302=CARTESIAN_POINT('',(3.67052356758571,1.95,-2.36478516822704));
#12303=CARTESIAN_POINT('',(3.59976888146472,1.94999999999967,-2.32796165119402));
#12304=CARTESIAN_POINT('',(-4.03432926913707,1.95,-2.5));
#12305=CARTESIAN_POINT('',(-4.05555175037874,1.95,-2.48873171376695));
#12306=CARTESIAN_POINT('',(-4.04847822240092,1.95,-2.4924890000543));
#12307=CARTESIAN_POINT('',(-4.04140406473185,1.95,-2.49624510112119));
#12308=CARTESIAN_POINT('',(-4.03432926913707,1.95,-2.5));
#12309=CARTESIAN_POINT('',(-2.0,1.95,-2.5));
#12310=VECTOR('',#14667,1000.0);
#12311=CARTESIAN_POINT('',(-3.81919460884103,-1.95,-2.5));
#12312=CARTESIAN_POINT('',(-2.0,-1.95,-2.5));
#12313=VECTOR('',#14668,1000.0);
#12314=CARTESIAN_POINT('',(-3.81919460884103,-1.95,-2.5));
#12315=CARTESIAN_POINT('',(-3.85864475746995,-1.95,-2.48018032557222));
#12316=CARTESIAN_POINT('',(-3.89806489674084,-1.95,-2.46030082174653));
#12317=CARTESIAN_POINT('',(-3.9374569414778,-1.95,-2.44036591435502));
#12318=CARTESIAN_POINT('',(-3.97684930679227,-1.95,-2.42043084473068));
#12319=CARTESIAN_POINT('',(-4.01621365449304,-1.95,-2.40044032789598));
#12320=CARTESIAN_POINT('',(-4.05555175037874,-1.95,-2.38039838043362));
#12321=CARTESIAN_POINT('',(3.59976888146462,-1.94999999999962,-2.44703834880033));
#12322=CARTESIAN_POINT('',(3.59976888147024,-1.94999999999962,-2.35350760519439));
#12323=CARTESIAN_POINT('',(3.59382043370234,-1.94999999999962,-2.35660341099481));
#12324=CARTESIAN_POINT('',(3.58827418428021,-1.95000000000593,-2.36068620644828));
#12325=CARTESIAN_POINT('',(3.58364441536492,-1.95000000000593,-2.36553731809328));
#12326=CARTESIAN_POINT('',(3.57899569148648,-1.95000000000593,-2.3704082909115));
#12327=CARTESIAN_POINT('',(3.57514203123669,-1.95000000000004,-2.37621938599566));
#12328=CARTESIAN_POINT('',(3.57261595341656,-1.95000000000004,-2.38246085543325));
#12329=CARTESIAN_POINT('',(3.57034683799087,-1.95000000000004,-2.38806741848804));
#12330=CARTESIAN_POINT('',(3.56908732626121,-1.95000000000059,-2.3942006700466));
#12331=CARTESIAN_POINT('',(3.56903379788283,-1.95000000000059,-2.40024877461043));
#12332=CARTESIAN_POINT('',(3.56898562644985,-1.95000000000059,-2.40569160460921));
#12333=CARTESIAN_POINT('',(3.56990796076911,-1.9500000000038,-2.41121893112829));
#12334=CARTESIAN_POINT('',(3.57169862230756,-1.9500000000038,-2.41635899437081));
#12335=CARTESIAN_POINT('',(3.57345224188761,-1.9500000000038,-2.42139272930691));
#12336=CARTESIAN_POINT('',(3.57607540653275,-1.95000000000848,-2.4261863340961));
#12337=CARTESIAN_POINT('',(3.57931192798454,-1.95000000000848,-2.43042173229821));
#12338=CARTESIAN_POINT('',(3.58274215955294,-1.95000000000848,-2.43491062471992));
#12339=CARTESIAN_POINT('',(3.5869372982583,-1.95,-2.43888494509344));
#12340=CARTESIAN_POINT('',(3.5915497201514,-1.95,-2.44214718482506));
#12341=CARTESIAN_POINT('',(3.59415262159491,-1.95,-2.44398814575693));
#12342=CARTESIAN_POINT('',(3.59691147774582,-1.94999999999995,-2.44562432013188));
#12343=CARTESIAN_POINT('',(3.59976888146462,-1.94999999999962,-2.44703834880033));
#12344=CARTESIAN_POINT('',(3.70637914890456,-1.95,-2.5));
#12345=CARTESIAN_POINT('',(3.59976888146462,-1.94999999999962,-2.44703834880033));
#12346=CARTESIAN_POINT('',(3.63533270729776,-1.94999999999962,-2.46463763620189));
#12347=CARTESIAN_POINT('',(3.67086892203707,-1.95,-2.4822928146716));
#12348=CARTESIAN_POINT('',(3.70637914890456,-1.95,-2.5));
#12349=CARTESIAN_POINT('',(5.35,-1.95,-2.5));
#12350=VECTOR('',#14669,1000.0);
#12351=CARTESIAN_POINT('',(-3.81919460884103,-1.95,-2.5));
#12352=CARTESIAN_POINT('',(-3.98737039698394,-1.65422828353127,-2.5));
#12353=CARTESIAN_POINT('',(-4.1192304211832,-1.34326229490202,-2.5));
#12354=CARTESIAN_POINT('',(-4.31052933303636,-0.691029799649462,-2.5));
#12355=CARTESIAN_POINT('',(-4.3670834042217,-0.358855269402172,-2.5));
#12356=CARTESIAN_POINT('',(-4.40379829293578,0.311878592084259,-2.5));
#12357=CARTESIAN_POINT('',(-4.38287403098542,0.654752608580259,-2.5));
#12358=CARTESIAN_POINT('',(-4.2649793616936,1.3158352313155,-2.5));
#12359=CARTESIAN_POINT('',(-4.16894190828411,1.63752210025639,-2.5));
#12360=CARTESIAN_POINT('',(-4.03432926913707,1.95,-2.5));
#12361=CARTESIAN_POINT('',(3.92770783803883,1.95,-2.5));
#12362=CARTESIAN_POINT('',(4.06572180504906,1.63812812394104,-2.5));
#12363=CARTESIAN_POINT('',(4.16502617964748,1.31457455435603,-2.5));
#12364=CARTESIAN_POINT('',(4.28643617709093,0.64417054992887,-2.5));
#12365=CARTESIAN_POINT('',(4.3065552554815,0.307086076469449,-2.5));
#12366=CARTESIAN_POINT('',(4.26801551308081,-0.365358303358127,-2.5));
#12367=CARTESIAN_POINT('',(4.20771105989715,-0.704471134167766,-2.49999999999999));
#12368=CARTESIAN_POINT('',(4.01288635301016,-1.34755413348082,-2.49999999999999));
#12369=CARTESIAN_POINT('',(3.87880130054487,-1.65575179343825,-2.5));
#12370=CARTESIAN_POINT('',(3.70637914890456,-1.95,-2.5));
#12371=CARTESIAN_POINT('',(-0.669034455487149,-4.0389638395721,-2.5));
#12372=CARTESIAN_POINT('',(-0.669034455487149,-4.0389638395721,-2.5));
#12373=CARTESIAN_POINT('',(-0.900506461956494,-4.01229911959487,-2.5));
#12374=CARTESIAN_POINT('',(-1.12729105714234,-3.96663556776634,-2.5));
#12375=CARTESIAN_POINT('',(-1.57168644460553,-3.83812556541438,-2.5));
#12376=CARTESIAN_POINT('',(-1.7900839683896,-3.75477103192886,-2.5));
#12377=CARTESIAN_POINT('',(-2.0,-3.65364844074456,-2.5));
#12378=CARTESIAN_POINT('',(2.0,-3.55407704801521,-2.5));
#12379=CARTESIAN_POINT('',(1.59424706453826,-3.76999996753907,-2.5));
#12380=CARTESIAN_POINT('',(1.15609203558274,-3.92471397691733,-2.5));
#12381=CARTESIAN_POINT('',(0.477676019986501,-4.04713983445047,-2.5));
#12382=CARTESIAN_POINT('',(0.248623724200995,-4.06989430673427,-2.5));
#12383=CARTESIAN_POINT('',(-0.210889463123477,-4.07934909359539,-2.5));
#12384=CARTESIAN_POINT('',(-0.440737609676226,-4.06526279277203,-2.5));
#12385=CARTESIAN_POINT('',(-0.669034455487149,-4.0389638395721,-2.5));
#12387=CARTESIAN_POINT('',(-0.669034455487149,-4.0389638395721,-2.5));
#12388=CARTESIAN_POINT('',(-2.57801271275662,-3.72275099894707,-2.55530441152846));
#12389=CARTESIAN_POINT('',(-3.54550800309349,-2.047,-2.60646925639128));
#12390=CARTESIAN_POINT('',(-4.72734400412465,-8.68399005467954E-16,-2.66896925639128));
#12391=CARTESIAN_POINT('',(-3.5455080030935,2.047,-2.73146925639128));
#12392=CARTESIAN_POINT('',(-2.36367200206233,4.094,-2.79396925639128));
#12393=CARTESIAN_POINT('',(-1.00274079914185E-15,4.094,-2.85646925639128));
#12394=CARTESIAN_POINT('',(2.36367200206233,4.094,-2.91896925639127));
#12395=CARTESIAN_POINT('',(3.54550800309349,2.047,-2.98146925639128));
#12396=CARTESIAN_POINT('',(4.72734400412465,5.64605660274222E-15,-3.04396925639127));
#12397=CARTESIAN_POINT('',(3.5455080030935,-2.047,-3.10646925639128));
#12398=CARTESIAN_POINT('',(2.36367200206233,-4.094,-3.16896925639127));
#12399=CARTESIAN_POINT('',(1.50411119871278E-15,-4.094,-3.23146925639128));
#12400=CARTESIAN_POINT('',(-2.36367200206233,-4.094,-3.29396925639127));
#12401=CARTESIAN_POINT('',(-3.54550800309349,-2.047,-3.35646925639128));
#12402=CARTESIAN_POINT('',(-4.72734400412465,-2.02626434609189E-15,-3.41896925639127));
#12403=CARTESIAN_POINT('',(-3.5455080030935,2.047,-3.48146925639128));
#12404=CARTESIAN_POINT('',(-2.36367200206233,4.094,-3.54396925639127));
#12405=CARTESIAN_POINT('',(-2.00548159828371E-15,4.094,-3.60646925639128));
#12406=CARTESIAN_POINT('',(2.36367200206233,4.094,-3.66896925639127));
#12407=CARTESIAN_POINT('',(3.54550800309349,2.047,-3.73146925639128));
#12408=CARTESIAN_POINT('',(4.72734400412465,1.10026468703285E-14,-3.79396925639127));
#12409=CARTESIAN_POINT('',(3.5455080030935,-2.047,-3.85646925639128));
#12410=CARTESIAN_POINT('',(2.36367200206233,-4.094,-3.91896925639127));
#12411=CARTESIAN_POINT('',(9.77925689835926E-15,-4.094,-3.98146925639128));
#12412=CARTESIAN_POINT('',(-2.36367200206233,-4.094,-4.04396925639127));
#12413=CARTESIAN_POINT('',(-3.54550800309349,-2.047,-4.10646925639127));
#12414=CARTESIAN_POINT('',(-4.72734400412465,-1.15815795406404E-14,-4.16896925639127));
#12415=CARTESIAN_POINT('',(-3.5455080030935,2.047,-4.23146925639127));
#12416=CARTESIAN_POINT('',(-2.36367200206233,4.09399999999999,-4.29396925639127));
#12417=CARTESIAN_POINT('',(-3.00822239742556E-15,4.094,-4.35646925639127));
#12418=CARTESIAN_POINT('',(2.36367200206233,4.094,-4.41896925639127));
#12419=CARTESIAN_POINT('',(3.54550800309349,2.047,-4.48146925639127));
#12420=CARTESIAN_POINT('',(4.72734400412465,1.21605122109524E-14,-4.54396925639127));
#12421=CARTESIAN_POINT('',(3.5455080030935,-2.047,-4.60646925639127));
#12422=CARTESIAN_POINT('',(2.36367200206233,-4.09399999999999,-4.66896925639127));
#12423=CARTESIAN_POINT('',(3.50959279699648E-15,-4.094,-4.73146925639127));
#12424=CARTESIAN_POINT('',(-2.36367200206233,-4.094,-4.79396925639127));
#12425=CARTESIAN_POINT('',(-3.54550800309349,-2.047,-4.85646925639127));
#12426=CARTESIAN_POINT('',(-4.72734400412465,-1.27394448812644E-14,-4.91896925639127));
#12427=CARTESIAN_POINT('',(-3.5455080030935,2.047,-4.98146925639127));
#12428=CARTESIAN_POINT('',(-2.36367200206233,4.09399999999999,-5.04396925639127));
#12429=CARTESIAN_POINT('',(-4.01096319656741E-15,4.094,-5.10646925639127));
#12430=CARTESIAN_POINT('',(2.36367200206233,4.094,-5.16896925639127));
#12431=CARTESIAN_POINT('',(3.54550800309349,2.047,-5.23146925639127));
#12432=CARTESIAN_POINT('',(4.72734400412465,1.33183775515763E-14,-5.29396925639128));
#12433=CARTESIAN_POINT('',(3.5455080030935,-2.047,-5.35646925639127));
#12434=CARTESIAN_POINT('',(2.36367200206233,-4.09399999999999,-5.41896925639127));
#12435=CARTESIAN_POINT('',(1.90571433971476E-14,-4.094,-5.48146925639127));
#12436=CARTESIAN_POINT('',(-2.36367200206233,-4.094,-5.54396925639126));
#12437=CARTESIAN_POINT('',(-3.54550800309349,-2.047,-5.60646925639127));
#12438=CARTESIAN_POINT('',(-4.72734400412465,-1.38973102218883E-14,-5.66896925639127));
#12439=CARTESIAN_POINT('',(-3.5455080030935,2.047,-5.73146925639127));
#12440=CARTESIAN_POINT('',(-2.36367200206233,4.09399999999999,-5.79396925639126));
#12441=CARTESIAN_POINT('',(-1.95585137967185E-14,4.094,-5.85646925639127));
#12442=CARTESIAN_POINT('',(2.36367200206233,4.094,-5.91896925639127));
#12443=CARTESIAN_POINT('',(3.54550800309349,2.047,-5.98146925639127));
#12444=CARTESIAN_POINT('',(4.72734400412465,3.12711426000495E-14,-6.04396925639126));
#12445=CARTESIAN_POINT('',(3.5455080030935,-2.047,-6.10646925639127));
#12446=CARTESIAN_POINT('',(2.36367200206233,-4.094,-6.16896925639127));
#12447=CARTESIAN_POINT('',(2.00598841962894E-14,-4.094,-6.23146925639127));
#12448=CARTESIAN_POINT('',(-2.36367200206233,-4.094,-6.29396925639127));
#12449=CARTESIAN_POINT('',(-3.54550800309348,-2.047,-6.35646925639127));
#12450=CARTESIAN_POINT('',(-4.72734400412465,-1.50551755625122E-14,-6.41896925639127));
#12451=CARTESIAN_POINT('',(-3.54550800309351,2.04699999999997,-6.48146925639127));
#12452=CARTESIAN_POINT('',(-2.36367200206233,4.09399999999999,-6.54396925639126));
#12453=CARTESIAN_POINT('',(-6.01644479485112E-15,4.094,-6.60646925639127));
#12454=CARTESIAN_POINT('',(2.36367200206233,4.09400000000002,-6.66896925639127));
#12455=CARTESIAN_POINT('',(3.54550800309349,2.047,-6.73146925639127));
#12456=CARTESIAN_POINT('',(4.72734400412465,3.24290079406734E-14,-6.79396925639127));
#12457=CARTESIAN_POINT('',(3.5455080030935,-2.047,-6.85646925639127));
#12458=CARTESIAN_POINT('',(2.36367200206233,-4.094,-6.91896925639126));
#12459=CARTESIAN_POINT('',(2.10626249954313E-14,-4.094,-6.98146925639127));
#12460=CARTESIAN_POINT('',(-0.336780922036657,-4.094,-6.99037438688692));
#12461=CARTESIAN_POINT('',(-0.66903445548945,-4.03896383957172,-7.0));
#12469=CARTESIAN_POINT('',(3.59976888146462,-1.94999999999962,-2.44703834880033));
#12470=CARTESIAN_POINT('',(3.57329684923963,-1.99886830659118,-2.44853041971761));
#12471=CARTESIAN_POINT('',(3.5455080030935,-2.047,-2.45));
#12472=CARTESIAN_POINT('',(2.36367200206233,-4.094,-2.5125));
#12473=CARTESIAN_POINT('',(1.50411119871278E-15,-4.094,-2.575));
#12474=CARTESIAN_POINT('',(-2.36367200206233,-4.094,-2.6375));
#12475=CARTESIAN_POINT('',(-3.54550800309349,-2.047,-2.7));
#12476=CARTESIAN_POINT('',(-4.72734400412465,-2.02626434609189E-15,-2.7625));
#12477=CARTESIAN_POINT('',(-3.5455080030935,2.047,-2.825));
#12478=CARTESIAN_POINT('',(-2.36367200206233,4.094,-2.8875));
#12479=CARTESIAN_POINT('',(-2.00548159828371E-15,4.094,-2.95));
#12480=CARTESIAN_POINT('',(2.36367200206233,4.094,-3.0125));
#12481=CARTESIAN_POINT('',(3.54550800309349,2.047,-3.075));
#12482=CARTESIAN_POINT('',(4.72734400412465,1.10026468703285E-14,-3.1375));
#12483=CARTESIAN_POINT('',(3.5455080030935,-2.047,-3.2));
#12484=CARTESIAN_POINT('',(2.36367200206233,-4.094,-3.2625));
#12485=CARTESIAN_POINT('',(9.77925689835926E-15,-4.094,-3.325));
#12486=CARTESIAN_POINT('',(-2.36367200206233,-4.094,-3.3875));
#12487=CARTESIAN_POINT('',(-3.54550800309349,-2.047,-3.45));
#12488=CARTESIAN_POINT('',(-4.72734400412465,-1.15815795406404E-14,-3.5125));
#12489=CARTESIAN_POINT('',(-3.5455080030935,2.047,-3.575));
#12490=CARTESIAN_POINT('',(-2.36367200206233,4.09399999999999,-3.63749999999999));
#12491=CARTESIAN_POINT('',(-3.00822239742556E-15,4.094,-3.7));
#12492=CARTESIAN_POINT('',(2.36367200206233,4.094,-3.76249999999999));
#12493=CARTESIAN_POINT('',(3.54550800309349,2.047,-3.825));
#12494=CARTESIAN_POINT('',(4.72734400412465,1.21605122109524E-14,-3.88749999999999));
#12495=CARTESIAN_POINT('',(3.5455080030935,-2.047,-3.95));
#12496=CARTESIAN_POINT('',(2.36367200206233,-4.09399999999999,-4.01249999999999));
#12497=CARTESIAN_POINT('',(3.50959279699648E-15,-4.094,-4.075));
#12498=CARTESIAN_POINT('',(-2.36367200206233,-4.094,-4.13749999999999));
#12499=CARTESIAN_POINT('',(-3.54550800309349,-2.047,-4.2));
#12500=CARTESIAN_POINT('',(-4.72734400412465,-1.27394448812644E-14,-4.26249999999999));
#12501=CARTESIAN_POINT('',(-3.5455080030935,2.047,-4.325));
#12502=CARTESIAN_POINT('',(-2.36367200206233,4.09399999999999,-4.38749999999999));
#12503=CARTESIAN_POINT('',(-4.01096319656741E-15,4.094,-4.45));
#12504=CARTESIAN_POINT('',(2.36367200206233,4.094,-4.51249999999999));
#12505=CARTESIAN_POINT('',(3.54550800309349,2.047,-4.575));
#12506=CARTESIAN_POINT('',(4.72734400412465,1.33183775515763E-14,-4.6375));
#12507=CARTESIAN_POINT('',(3.5455080030935,-2.047,-4.7));
#12508=CARTESIAN_POINT('',(2.36367200206233,-4.09399999999999,-4.76249999999999));
#12509=CARTESIAN_POINT('',(1.90571433971476E-14,-4.094,-4.825));
#12510=CARTESIAN_POINT('',(-2.36367200206233,-4.094,-4.88749999999999));
#12511=CARTESIAN_POINT('',(-3.54550800309349,-2.047,-4.95));
#12512=CARTESIAN_POINT('',(-4.72734400412465,-1.38973102218883E-14,-5.01249999999999));
#12513=CARTESIAN_POINT('',(-3.5455080030935,2.047,-5.075));
#12514=CARTESIAN_POINT('',(-2.36367200206233,4.09399999999999,-5.13749999999999));
#12515=CARTESIAN_POINT('',(-1.95585137967185E-14,4.094,-5.2));
#12516=CARTESIAN_POINT('',(2.36367200206233,4.094,-5.26249999999999));
#12517=CARTESIAN_POINT('',(3.54550800309349,2.047,-5.325));
#12518=CARTESIAN_POINT('',(4.72734400412465,3.12711426000495E-14,-5.38749999999999));
#12519=CARTESIAN_POINT('',(3.5455080030935,-2.047,-5.45));
#12520=CARTESIAN_POINT('',(2.36367200206233,-4.094,-5.51249999999999));
#12521=CARTESIAN_POINT('',(2.00598841962894E-14,-4.094,-5.575));
#12522=CARTESIAN_POINT('',(-2.36367200206233,-4.094,-5.63749999999998));
#12523=CARTESIAN_POINT('',(-3.54550800309348,-2.047,-5.7));
#12524=CARTESIAN_POINT('',(-4.72734400412465,-1.50551755625122E-14,-5.76249999999999));
#12525=CARTESIAN_POINT('',(-3.54550800309351,2.04699999999997,-5.825));
#12526=CARTESIAN_POINT('',(-2.36367200206233,4.09399999999999,-5.88749999999999));
#12527=CARTESIAN_POINT('',(-6.01644479485112E-15,4.094,-5.95));
#12528=CARTESIAN_POINT('',(2.36367200206233,4.09400000000002,-6.01249999999999));
#12529=CARTESIAN_POINT('',(3.54550800309349,2.047,-6.075));
#12530=CARTESIAN_POINT('',(4.72734400412465,3.24290079406734E-14,-6.13749999999998));
#12531=CARTESIAN_POINT('',(3.5455080030935,-2.047,-6.2));
#12532=CARTESIAN_POINT('',(2.36367200206233,-4.094,-6.26249999999999));
#12533=CARTESIAN_POINT('',(2.10626249954313E-14,-4.094,-6.325));
#12534=CARTESIAN_POINT('',(-2.36367200206233,-4.094,-6.38749999999999));
#12535=CARTESIAN_POINT('',(-3.54550800309348,-2.04700000000003,-6.45));
#12536=CARTESIAN_POINT('',(-4.72734400412465,-1.62130409031362E-14,-6.51249999999999));
#12537=CARTESIAN_POINT('',(-3.54550800309351,2.04699999999997,-6.575));
#12538=CARTESIAN_POINT('',(-2.36367200206233,4.09399999999999,-6.63749999999999));
#12539=CARTESIAN_POINT('',(-7.01918559399297E-15,4.094,-6.7));
#12540=CARTESIAN_POINT('',(2.36367200206233,4.09400000000002,-6.76249999999999));
#12541=CARTESIAN_POINT('',(3.54550800309349,2.047,-6.825));
#12542=CARTESIAN_POINT('',(4.72734400412465,3.35868732812973E-14,-6.88749999999999));
#12543=CARTESIAN_POINT('',(3.5455080030935,-2.047,-6.95));
#12544=CARTESIAN_POINT('',(3.10553253273878,-2.8090598687384,-6.97326758270452));
#12545=CARTESIAN_POINT('',(2.39129008406632,-3.3230359212392,-7.0));
#12552=CARTESIAN_POINT('',(-4.25,-6.25,-1.9));
#12553=VECTOR('',#14670,1000.0);
#12554=CARTESIAN_POINT('',(4.25,-6.25,-1.9));
#12555=VECTOR('',#14671,1000.0);
#12556=CARTESIAN_POINT('',(-4.85,2.05,6.65));
#12557=CARTESIAN_POINT('',(-5.25,2.05,6.25));
#12558=AXIS2_PLACEMENT_3D('',#14672,#14673,#14674);
#12559=CARTESIAN_POINT('',(-4.85,4.4,6.65));
#12560=CARTESIAN_POINT('',(-4.85,2.05,6.65));
#12561=VECTOR('',#14675,1000.0);
#12562=CARTESIAN_POINT('',(-5.25,4.4,6.25));
#12563=AXIS2_PLACEMENT_3D('',#14676,#14677,#14678);
#12564=CARTESIAN_POINT('',(-5.25,2.055,6.25));
#12565=CARTESIAN_POINT('',(-5.25,4.4,6.25));
#12566=VECTOR('',#14679,1000.0);
#12567=CARTESIAN_POINT('',(-5.25,-4.4,6.25));
#12568=VECTOR('',#14680,1000.0);
#12569=CARTESIAN_POINT('',(-4.85,-4.4,6.65));
#12570=CARTESIAN_POINT('',(-5.25,-4.4,6.25));
#12571=AXIS2_PLACEMENT_3D('',#14681,#14682,#14683);
#12572=CARTESIAN_POINT('',(-4.85,-2.05,6.65));
#12573=CARTESIAN_POINT('',(-4.85,-4.4,6.65));
#12574=VECTOR('',#14684,1000.0);
#12575=CARTESIAN_POINT('',(-5.25,-2.05,6.25));
#12576=AXIS2_PLACEMENT_3D('',#14685,#14686,#14687);
#12577=CARTESIAN_POINT('',(-5.25,-2.055,6.25));
#12578=CARTESIAN_POINT('',(-5.25,-4.4,6.25));
#12579=VECTOR('',#14688,1000.0);
#12580=CARTESIAN_POINT('',(-5.25,-2.05,6.25));
#12581=VECTOR('',#14689,1000.0);
#12582=CARTESIAN_POINT('',(4.85,4.4,6.65));
#12583=CARTESIAN_POINT('',(5.25,4.4,6.25));
#12584=AXIS2_PLACEMENT_3D('',#14690,#14691,#14692);
#12585=CARTESIAN_POINT('',(4.85,2.05,6.65));
#12586=CARTESIAN_POINT('',(4.85,4.4,6.65));
#12587=VECTOR('',#14693,1000.0);
#12588=CARTESIAN_POINT('',(5.25,2.05,6.25));
#12589=AXIS2_PLACEMENT_3D('',#14694,#14695,#14696);
#12590=CARTESIAN_POINT('',(5.25,2.055,6.25));
#12591=CARTESIAN_POINT('',(5.25,-4.4,6.25));
#12592=VECTOR('',#14697,1000.0);
#12593=CARTESIAN_POINT('',(5.25,2.05,6.25));
#12594=VECTOR('',#14698,1000.0);
#12595=CARTESIAN_POINT('',(4.85,-2.05,6.65));
#12596=CARTESIAN_POINT('',(5.25,-2.05,6.25));
#12597=AXIS2_PLACEMENT_3D('',#14699,#14700,#14701);
#12598=CARTESIAN_POINT('',(4.85,-4.4,6.65));
#12599=CARTESIAN_POINT('',(4.85,-2.05,6.65));
#12600=VECTOR('',#14702,1000.0);
#12601=CARTESIAN_POINT('',(5.25,-4.4,6.25));
#12602=AXIS2_PLACEMENT_3D('',#14703,#14704,#14705);
#12603=CARTESIAN_POINT('',(5.25,-2.055,6.25));
#12604=CARTESIAN_POINT('',(5.25,-4.4,6.25));
#12605=VECTOR('',#14706,1000.0);
#12606=CARTESIAN_POINT('',(5.25,-4.4,6.25));
#12607=VECTOR('',#14707,1000.0);
#12608=CARTESIAN_POINT('',(-5.25,-1.45,6.65));
#12609=CARTESIAN_POINT('',(-4.85,-1.45,6.25));
#12610=AXIS2_PLACEMENT_3D('',#14708,#14709,#14710);
#12611=CARTESIAN_POINT('',(-5.25,1.45,6.65));
#12612=CARTESIAN_POINT('',(-5.25,-4.4,6.65));
#12613=VECTOR('',#14711,1000.0);
#12614=CARTESIAN_POINT('',(-4.85,1.45,6.25));
#12615=AXIS2_PLACEMENT_3D('',#14712,#14713,#14714);
#12616=CARTESIAN_POINT('',(-4.85,4.4,6.25));
#12617=VECTOR('',#14715,1000.0);
#12618=CARTESIAN_POINT('',(-1.5,4.4,6.65));
#12619=AXIS2_PLACEMENT_3D('',#14716,#14717,#14718);
#12620=CARTESIAN_POINT('',(1.5,4.4,6.65));
#12621=CARTESIAN_POINT('',(-5.25,4.4,6.65));
#12622=VECTOR('',#14719,1000.0);
#12623=AXIS2_PLACEMENT_3D('',#14720,#14721,#14722);
#12624=CARTESIAN_POINT('',(1.5,-4.4,6.65));
#12625=AXIS2_PLACEMENT_3D('',#14723,#14724,#14725);
#12626=CARTESIAN_POINT('',(-1.5,-4.4,6.65));
#12627=CARTESIAN_POINT('',(-5.25,-4.4,6.65));
#12628=VECTOR('',#14726,1000.0);
#12629=AXIS2_PLACEMENT_3D('',#14727,#14728,#14729);
#12630=CARTESIAN_POINT('',(5.25,1.45,6.65));
#12631=CARTESIAN_POINT('',(4.85,1.45,6.25));
#12632=AXIS2_PLACEMENT_3D('',#14730,#14731,#14732);
#12633=CARTESIAN_POINT('',(5.25,-1.45,6.65));
#12634=CARTESIAN_POINT('',(5.25,-4.4,6.65));
#12635=VECTOR('',#14733,1000.0);
#12636=CARTESIAN_POINT('',(4.85,-1.45,6.25));
#12637=AXIS2_PLACEMENT_3D('',#14734,#14735,#14736);
#12638=CARTESIAN_POINT('',(4.85,4.4,6.25));
#12639=VECTOR('',#14737,1000.0);
#12640=CARTESIAN_POINT('',(-3.75,-1.65,6.65));
#12641=CARTESIAN_POINT('',(-3.75,-1.65,6.25));
#12642=VECTOR('',#14738,1000.0);
#12643=CARTESIAN_POINT('',(-3.95,-1.45,6.65));
#12644=AXIS2_PLACEMENT_3D('',#14739,#14740,#14741);
#12645=CARTESIAN_POINT('',(-3.95,-1.45,6.25));
#12646=VECTOR('',#14742,1000.0);
#12647=CARTESIAN_POINT('',(-3.95,-2.05,6.65));
#12648=CARTESIAN_POINT('',(-3.95,-2.05,6.25));
#12649=VECTOR('',#14743,1000.0);
#12650=CARTESIAN_POINT('',(-3.75,-1.85,6.65));
#12651=AXIS2_PLACEMENT_3D('',#14744,#14745,#14746);
#12652=CARTESIAN_POINT('',(-3.75,-1.85,6.65));
#12653=VECTOR('',#14747,1000.0);
#12654=CARTESIAN_POINT('',(-1.5,-4.0,6.65));
#12655=CARTESIAN_POINT('',(-1.5,-4.0,7.5));
#12656=VECTOR('',#14748,1000.0);
#12657=CARTESIAN_POINT('',(-1.7,-3.8,6.65));
#12658=AXIS2_PLACEMENT_3D('',#14749,#14750,#14751);
#12659=CARTESIAN_POINT('',(-1.7,-3.8,6.25));
#12660=VECTOR('',#14752,1000.0);
#12661=CARTESIAN_POINT('',(-1.9,-3.8,6.65));
#12662=CARTESIAN_POINT('',(-1.9,-3.8,6.25));
#12663=VECTOR('',#14753,1000.0);
#12664=CARTESIAN_POINT('',(-2.1,-4.0,6.65));
#12665=AXIS2_PLACEMENT_3D('',#14754,#14755,#14756);
#12666=CARTESIAN_POINT('',(-2.1,-4.0,6.65));
#12667=VECTOR('',#14757,1000.0);
#12668=CARTESIAN_POINT('',(-4.85,-3.2,-1.65));
#12669=CARTESIAN_POINT('',(-4.85,-3.0,-1.45));
#12670=AXIS2_PLACEMENT_3D('',#14758,#14759,#14760);
#12671=CARTESIAN_POINT('',(-5.25,-3.2,-1.65));
#12672=CARTESIAN_POINT('',(-4.85,-3.2,-1.65));
#12673=VECTOR('',#14761,1000.0);
#12674=CARTESIAN_POINT('',(-5.25,-3.0,-1.45));
#12675=AXIS2_PLACEMENT_3D('',#14762,#14763,#14764);
#12676=CARTESIAN_POINT('',(-5.25,-3.0,-1.45));
#12677=VECTOR('',#14765,1000.0);
#12678=CARTESIAN_POINT('',(-4.85,-2.255,-1.45));
#12679=CARTESIAN_POINT('',(-4.85,-2.055,-1.25));
#12680=AXIS2_PLACEMENT_3D('',#14766,#14767,#14768);
#12681=CARTESIAN_POINT('',(-5.25,-2.255,-1.45));
#12682=CARTESIAN_POINT('',(-4.85,-2.255,-1.45));
#12683=VECTOR('',#14769,1000.0);
#12684=CARTESIAN_POINT('',(-5.25,-2.055,-1.25));
#12685=AXIS2_PLACEMENT_3D('',#14770,#14771,#14772);
#12686=CARTESIAN_POINT('',(-4.85,-2.055,-1.25));
#12687=VECTOR('',#14773,1000.0);
#12688=CARTESIAN_POINT('',(-1.3,-4.4,7.5));
#12689=CARTESIAN_POINT('',(-1.5,-4.4,7.3));
#12690=AXIS2_PLACEMENT_3D('',#14774,#14775,#14776);
#12691=CARTESIAN_POINT('',(-1.3,-4.0,7.5));
#12692=CARTESIAN_POINT('',(-1.3,-4.4,7.5));
#12693=VECTOR('',#14777,1000.0);
#12694=CARTESIAN_POINT('',(-1.5,-4.0,7.3));
#12695=AXIS2_PLACEMENT_3D('',#14778,#14779,#14780);
#12696=CARTESIAN_POINT('',(-1.5,-4.0,7.3));
#12697=VECTOR('',#14781,1000.0);
#12698=CARTESIAN_POINT('',(1.3,-4.0,7.5));
#12699=CARTESIAN_POINT('',(1.5,-4.0,7.3));
#12700=AXIS2_PLACEMENT_3D('',#14782,#14783,#14784);
#12701=CARTESIAN_POINT('',(1.3,-4.4,7.5));
#12702=CARTESIAN_POINT('',(1.3,-4.0,7.5));
#12703=VECTOR('',#14785,1000.0);
#12704=CARTESIAN_POINT('',(1.5,-4.4,7.3));
#12705=AXIS2_PLACEMENT_3D('',#14786,#14787,#14788);
#12706=CARTESIAN_POINT('',(1.5,-4.4,7.3));
#12707=VECTOR('',#14789,1000.0);
#12708=CARTESIAN_POINT('',(-3.75,-4.2,6.65));
#12709=CARTESIAN_POINT('',(-3.75,-4.2,6.25));
#12710=VECTOR('',#14790,1000.0);
#12711=CARTESIAN_POINT('',(-3.95,-4.4,6.65));
#12712=AXIS2_PLACEMENT_3D('',#14791,#14792,#14793);
#12713=CARTESIAN_POINT('',(-3.95,-4.4,6.25));
#12714=VECTOR('',#14794,1000.0);
#12715=CARTESIAN_POINT('',(-3.35,-4.4,6.65));
#12716=CARTESIAN_POINT('',(-3.35,-4.4,6.25));
#12717=VECTOR('',#14795,1000.0);
#12718=CARTESIAN_POINT('',(-3.55,-4.2,6.65));
#12719=AXIS2_PLACEMENT_3D('',#14796,#14797,#14798);
#12720=CARTESIAN_POINT('',(-3.55,-4.2,6.65));
#12721=VECTOR('',#14799,1000.0);
#12722=CARTESIAN_POINT('',(-4.85,-0.84142135623731,7.34142135623731));
#12723=CARTESIAN_POINT('',(-4.85,-0.5,7.48284271247462));
#12724=AXIS2_PLACEMENT_3D('',#14800,#14801,#14802);
#12725=CARTESIAN_POINT('',(-5.25,-0.5,7.48284271247462));
#12726=CARTESIAN_POINT('',(-4.25,-0.5,7.48284271247462));
#12727=VECTOR('',#14803,1000.0);
#12728=CARTESIAN_POINT('',(-5.25,-0.84142135623731,7.34142135623731));
#12729=AXIS2_PLACEMENT_3D('',#14804,#14805,#14806);
#12730=CARTESIAN_POINT('',(-4.25,-0.84142135623731,7.34142135623731));
#12731=VECTOR('',#14807,1000.0);
#12732=CARTESIAN_POINT('',(-4.85,-1.0,7.5));
#12733=CARTESIAN_POINT('',(-4.85,0.849999999999986,5.65));
#12734=VECTOR('',#14808,1000.0);
#12735=CARTESIAN_POINT('',(-5.25,-1.0,7.5));
#12736=CARTESIAN_POINT('',(-5.25,-0.84142135623731,7.34142135623731));
#12737=VECTOR('',#14809,1000.0);
#12738=CARTESIAN_POINT('',(-4.25,-1.0,7.5));
#12739=VECTOR('',#14810,1000.0);
#12740=CARTESIAN_POINT('',(-3.35,-4.2,6.65));
#12741=VECTOR('',#14811,1000.0);
#12742=CARTESIAN_POINT('',(-5.25,-2.05,6.25));
#12743=VECTOR('',#14812,1000.0);
#12744=CARTESIAN_POINT('',(-5.25,-2.05,6.65));
#12745=VECTOR('',#14813,1000.0);
#12746=CARTESIAN_POINT('',(-3.75,-1.45,6.65));
#12747=VECTOR('',#14814,1000.0);
#12748=CARTESIAN_POINT('',(-1.5,-3.8,6.65));
#12749=VECTOR('',#14815,1000.0);
#12750=CARTESIAN_POINT('',(-2.1,-4.4,6.65));
#12751=CARTESIAN_POINT('',(-2.1,-4.4,6.65));
#12752=VECTOR('',#14816,1000.0);
#12753=CARTESIAN_POINT('',(-2.1,-4.4,6.25));
#12754=VECTOR('',#14817,1000.0);
#12755=CARTESIAN_POINT('',(-4.65,-4.4,-1.9));
#12756=CARTESIAN_POINT('',(-4.85,-4.4,-1.7));
#12757=AXIS2_PLACEMENT_3D('',#14818,#14819,#14820);
#12758=CARTESIAN_POINT('',(-4.65,-3.2,-1.9));
#12759=CARTESIAN_POINT('',(-4.65,-3.2,-1.9));
#12760=VECTOR('',#14821,1000.0);
#12761=CARTESIAN_POINT('',(-4.85,-3.2,-1.7));
#12762=AXIS2_PLACEMENT_3D('',#14822,#14823,#14824);
#12763=CARTESIAN_POINT('',(-4.85,-4.4,-1.7));
#12764=VECTOR('',#14825,1000.0);
#12765=CARTESIAN_POINT('',(-4.65,-3.2,-2.3));
#12766=CARTESIAN_POINT('',(-5.25,-3.2,-1.7));
#12767=AXIS2_PLACEMENT_3D('',#14826,#14827,#14828);
#12768=CARTESIAN_POINT('',(-4.65,-4.4,-2.3));
#12769=CARTESIAN_POINT('',(-4.65,-3.2,-2.3));
#12770=VECTOR('',#14829,1000.0);
#12771=CARTESIAN_POINT('',(-5.25,-4.4,-1.7));
#12772=AXIS2_PLACEMENT_3D('',#14830,#14831,#14832);
#12773=CARTESIAN_POINT('',(-5.25,-4.4,-1.7));
#12774=VECTOR('',#14833,1000.0);
#12775=CARTESIAN_POINT('',(-3.6,-3.2,-2.3));
#12776=CARTESIAN_POINT('',(-3.1,-3.7,-2.3));
#12777=CARTESIAN_POINT('',(-3.1,-3.7,-2.3));
#12778=VECTOR('',#14834,1000.0);
#12779=CARTESIAN_POINT('',(-3.6,-3.2,-2.3));
#12780=VECTOR('',#14835,1000.0);
#12781=CARTESIAN_POINT('',(-3.1,-3.7,-1.9));
#12782=VECTOR('',#14836,1000.0);
#12783=CARTESIAN_POINT('',(-3.1,-4.2,-2.3));
#12784=CARTESIAN_POINT('',(-3.3,-4.4,-2.3));
#12785=AXIS2_PLACEMENT_3D('',#14837,#14838,#14839);
#12786=CARTESIAN_POINT('',(-3.1,-4.2,-2.3));
#12787=VECTOR('',#14840,1000.0);
#12788=CARTESIAN_POINT('',(-3.3,-4.4,6.65));
#12789=VECTOR('',#14841,1000.0);
#12790=CARTESIAN_POINT('',(-5.25,-4.4,-2.3));
#12791=VECTOR('',#14842,1000.0);
#12792=CARTESIAN_POINT('',(-5.25,-3.2,-2.3));
#12793=VECTOR('',#14843,1000.0);
#12794=CARTESIAN_POINT('',(-3.1,-4.4,-2.3));
#12795=VECTOR('',#14844,1000.0);
#12796=CARTESIAN_POINT('',(-4.85,-3.2,-1.45));
#12797=VECTOR('',#14845,1000.0);
#12798=CARTESIAN_POINT('',(-4.85,-2.055,6.25));
#12799=CARTESIAN_POINT('',(-4.85,-2.055,6.65));
#12800=VECTOR('',#14846,1000.0);
#12801=CARTESIAN_POINT('',(-4.85,-4.4,6.25));
#12802=CARTESIAN_POINT('',(-4.85,4.4,6.25));
#12803=VECTOR('',#14847,1000.0);
#12804=CARTESIAN_POINT('',(-4.85,-4.4,6.65));
#12805=VECTOR('',#14848,1000.0);
#12806=CARTESIAN_POINT('',(-4.85,-3.2,-1.9));
#12807=VECTOR('',#14849,1000.0);
#12808=CARTESIAN_POINT('',(-5.25,-2.055,6.65));
#12809=VECTOR('',#14850,1000.0);
#12810=CARTESIAN_POINT('',(-5.25,-2.055,6.25));
#12811=VECTOR('',#14851,1000.0);
#12812=CARTESIAN_POINT('',(-5.25,-3.2,-1.45));
#12813=VECTOR('',#14852,1000.0);
#12814=CARTESIAN_POINT('',(-5.25,-3.2,-1.9));
#12815=VECTOR('',#14853,1000.0);
#12816=CARTESIAN_POINT('',(-5.25,-3.2,-1.9));
#12817=VECTOR('',#14854,1000.0);
#12818=CARTESIAN_POINT('',(-4.85,-1.25,7.5));
#12819=CARTESIAN_POINT('',(-4.85,-1.45,7.3));
#12820=AXIS2_PLACEMENT_3D('',#14855,#14856,#14857);
#12821=CARTESIAN_POINT('',(-5.25,-1.25,7.5));
#12822=CARTESIAN_POINT('',(-4.85,-1.25,7.5));
#12823=VECTOR('',#14858,1000.0);
#12824=CARTESIAN_POINT('',(-5.25,-1.45,7.3));
#12825=AXIS2_PLACEMENT_3D('',#14859,#14860,#14861);
#12826=CARTESIAN_POINT('',(-4.85,-1.45,7.3));
#12827=VECTOR('',#14862,1000.0);
#12828=CARTESIAN_POINT('',(-4.85,1.45,7.3));
#12829=CARTESIAN_POINT('',(-4.85,1.25,7.5));
#12830=AXIS2_PLACEMENT_3D('',#14863,#14864,#14865);
#12831=CARTESIAN_POINT('',(-5.25,1.45,7.3));
#12832=CARTESIAN_POINT('',(-4.85,1.45,7.3));
#12833=VECTOR('',#14866,1000.0);
#12834=CARTESIAN_POINT('',(-5.25,1.25,7.5));
#12835=AXIS2_PLACEMENT_3D('',#14867,#14868,#14869);
#12836=CARTESIAN_POINT('',(-4.85,1.25,7.5));
#12837=VECTOR('',#14870,1000.0);
#12838=CARTESIAN_POINT('',(-3.95,1.45,6.65));
#12839=CARTESIAN_POINT('',(-3.95,1.45,6.25));
#12840=VECTOR('',#14871,1000.0);
#12841=CARTESIAN_POINT('',(-3.75,1.65,6.65));
#12842=AXIS2_PLACEMENT_3D('',#14872,#14873,#14874);
#12843=CARTESIAN_POINT('',(-3.75,1.65,6.65));
#12844=VECTOR('',#14875,1000.0);
#12845=CARTESIAN_POINT('',(-3.75,1.85,6.65));
#12846=CARTESIAN_POINT('',(-3.75,1.85,6.25));
#12847=VECTOR('',#14876,1000.0);
#12848=CARTESIAN_POINT('',(-3.95,2.05,6.65));
#12849=AXIS2_PLACEMENT_3D('',#14877,#14878,#14879);
#12850=CARTESIAN_POINT('',(-3.95,2.05,6.65));
#12851=VECTOR('',#14880,1000.0);
#12852=CARTESIAN_POINT('',(-1.7,3.8,6.65));
#12853=CARTESIAN_POINT('',(-1.7,3.8,6.25));
#12854=VECTOR('',#14881,1000.0);
#12855=CARTESIAN_POINT('',(-1.5,4.0,6.65));
#12856=AXIS2_PLACEMENT_3D('',#14882,#14883,#14884);
#12857=CARTESIAN_POINT('',(-1.5,4.0,7.5));
#12858=VECTOR('',#14885,1000.0);
#12859=CARTESIAN_POINT('',(-2.1,4.0,6.65));
#12860=CARTESIAN_POINT('',(-2.1,4.0,6.25));
#12861=VECTOR('',#14886,1000.0);
#12862=CARTESIAN_POINT('',(-1.9,3.8,6.65));
#12863=AXIS2_PLACEMENT_3D('',#14887,#14888,#14889);
#12864=CARTESIAN_POINT('',(-1.9,3.8,6.65));
#12865=VECTOR('',#14890,1000.0);
#12866=CARTESIAN_POINT('',(-4.85,3.0,-1.45));
#12867=CARTESIAN_POINT('',(-4.85,3.2,-1.65));
#12868=AXIS2_PLACEMENT_3D('',#14891,#14892,#14893);
#12869=CARTESIAN_POINT('',(-5.25,3.0,-1.45));
#12870=CARTESIAN_POINT('',(-4.85,3.0,-1.45));
#12871=VECTOR('',#14894,1000.0);
#12872=CARTESIAN_POINT('',(-5.25,3.2,-1.65));
#12873=AXIS2_PLACEMENT_3D('',#14895,#14896,#14897);
#12874=CARTESIAN_POINT('',(-5.25,3.2,-1.65));
#12875=VECTOR('',#14898,1000.0);
#12876=CARTESIAN_POINT('',(-4.85,2.055,-1.25));
#12877=CARTESIAN_POINT('',(-4.85,2.255,-1.45));
#12878=AXIS2_PLACEMENT_3D('',#14899,#14900,#14901);
#12879=CARTESIAN_POINT('',(-5.25,2.055,-1.25));
#12880=CARTESIAN_POINT('',(-4.85,2.055,-1.25));
#12881=VECTOR('',#14902,1000.0);
#12882=CARTESIAN_POINT('',(-5.25,2.255,-1.45));
#12883=AXIS2_PLACEMENT_3D('',#14903,#14904,#14905);
#12884=CARTESIAN_POINT('',(-4.85,2.255,-1.45));
#12885=VECTOR('',#14906,1000.0);
#12886=CARTESIAN_POINT('',(-1.5,4.4,7.3));
#12887=CARTESIAN_POINT('',(-1.3,4.4,7.5));
#12888=AXIS2_PLACEMENT_3D('',#14907,#14908,#14909);
#12889=CARTESIAN_POINT('',(-1.5,4.0,7.3));
#12890=CARTESIAN_POINT('',(-1.5,4.0,7.3));
#12891=VECTOR('',#14910,1000.0);
#12892=CARTESIAN_POINT('',(-1.3,4.0,7.5));
#12893=AXIS2_PLACEMENT_3D('',#14911,#14912,#14913);
#12894=CARTESIAN_POINT('',(-1.3,4.4,7.5));
#12895=VECTOR('',#14914,1000.0);
#12896=CARTESIAN_POINT('',(1.5,4.0,7.3));
#12897=CARTESIAN_POINT('',(1.3,4.0,7.5));
#12898=AXIS2_PLACEMENT_3D('',#14915,#14916,#14917);
#12899=CARTESIAN_POINT('',(1.5,4.4,7.3));
#12900=CARTESIAN_POINT('',(1.5,4.0,7.3));
#12901=VECTOR('',#14918,1000.0);
#12902=CARTESIAN_POINT('',(1.3,4.4,7.5));
#12903=AXIS2_PLACEMENT_3D('',#14919,#14920,#14921);
#12904=CARTESIAN_POINT('',(1.3,4.4,7.5));
#12905=VECTOR('',#14922,1000.0);
#12906=CARTESIAN_POINT('',(-3.95,4.4,6.65));
#12907=CARTESIAN_POINT('',(-3.95,4.4,6.25));
#12908=VECTOR('',#14923,1000.0);
#12909=CARTESIAN_POINT('',(-3.75,4.2,6.65));
#12910=AXIS2_PLACEMENT_3D('',#14924,#14925,#14926);
#12911=CARTESIAN_POINT('',(-3.75,4.2,6.65));
#12912=VECTOR('',#14927,1000.0);
#12913=CARTESIAN_POINT('',(-3.55,4.2,6.65));
#12914=CARTESIAN_POINT('',(-3.55,4.2,6.25));
#12915=VECTOR('',#14928,1000.0);
#12916=CARTESIAN_POINT('',(-3.35,4.4,6.65));
#12917=AXIS2_PLACEMENT_3D('',#14929,#14930,#14931);
#12918=CARTESIAN_POINT('',(-3.35,4.4,6.25));
#12919=VECTOR('',#14932,1000.0);
#12920=CARTESIAN_POINT('',(-4.85,1.0,7.5));
#12921=CARTESIAN_POINT('',(-5.25,1.0,7.5));
#12922=CARTESIAN_POINT('',(-4.25,1.0,7.5));
#12923=VECTOR('',#14933,1000.0);
#12924=CARTESIAN_POINT('',(-5.25,0.84142135623731,7.34142135623731));
#12925=CARTESIAN_POINT('',(-5.25,0.84142135623731,7.34142135623731));
#12926=VECTOR('',#14934,1000.0);
#12927=CARTESIAN_POINT('',(-4.85,0.84142135623731,7.34142135623731));
#12928=CARTESIAN_POINT('',(-4.25,0.84142135623731,7.34142135623731));
#12929=VECTOR('',#14935,1000.0);
#12930=CARTESIAN_POINT('',(-4.85,0.6,7.1));
#12931=VECTOR('',#14936,1000.0);
#12932=CARTESIAN_POINT('',(-5.25,0.5,7.48284271247462));
#12933=AXIS2_PLACEMENT_3D('',#14937,#14938,#14939);
#12934=CARTESIAN_POINT('',(-4.85,0.5,7.48284271247462));
#12935=CARTESIAN_POINT('',(-4.25,0.5,7.48284271247462));
#12936=VECTOR('',#14940,1000.0);
#12937=AXIS2_PLACEMENT_3D('',#14941,#14942,#14943);
#12938=CARTESIAN_POINT('',(-3.35,4.2,6.65));
#12939=VECTOR('',#14944,1000.0);
#12940=CARTESIAN_POINT('',(-3.75,1.45,6.65));
#12941=VECTOR('',#14945,1000.0);
#12942=CARTESIAN_POINT('',(-5.25,2.05,6.65));
#12943=VECTOR('',#14946,1000.0);
#12944=CARTESIAN_POINT('',(-5.25,2.05,6.25));
#12945=VECTOR('',#14947,1000.0);
#12946=CARTESIAN_POINT('',(-2.1,4.4,6.65));
#12947=CARTESIAN_POINT('',(-2.1,4.4,6.65));
#12948=VECTOR('',#14948,1000.0);
#12949=CARTESIAN_POINT('',(-2.1,4.4,6.25));
#12950=VECTOR('',#14949,1000.0);
#12951=CARTESIAN_POINT('',(-1.5,3.8,6.65));
#12952=VECTOR('',#14950,1000.0);
#12953=CARTESIAN_POINT('',(-4.85,4.4,-1.7));
#12954=CARTESIAN_POINT('',(-4.65,4.4,-1.9));
#12955=AXIS2_PLACEMENT_3D('',#14951,#14952,#14953);
#12956=CARTESIAN_POINT('',(-4.85,3.2,-1.7));
#12957=CARTESIAN_POINT('',(-4.85,4.4,-1.7));
#12958=VECTOR('',#14954,1000.0);
#12959=CARTESIAN_POINT('',(-4.65,3.2,-1.9));
#12960=AXIS2_PLACEMENT_3D('',#14955,#14956,#14957);
#12961=CARTESIAN_POINT('',(-4.65,3.2,-1.9));
#12962=VECTOR('',#14958,1000.0);
#12963=CARTESIAN_POINT('',(-5.25,3.2,-1.7));
#12964=CARTESIAN_POINT('',(-4.65,3.2,-2.3));
#12965=AXIS2_PLACEMENT_3D('',#14959,#14960,#14961);
#12966=CARTESIAN_POINT('',(-5.25,4.4,-1.7));
#12967=CARTESIAN_POINT('',(-5.25,3.2,-1.7));
#12968=VECTOR('',#14962,1000.0);
#12969=CARTESIAN_POINT('',(-4.65,4.4,-2.3));
#12970=AXIS2_PLACEMENT_3D('',#14963,#14964,#14965);
#12971=CARTESIAN_POINT('',(-4.65,4.4,-2.3));
#12972=VECTOR('',#14966,1000.0);
#12973=CARTESIAN_POINT('',(-3.1,3.7,-2.3));
#12974=CARTESIAN_POINT('',(-3.6,3.2,-2.3));
#12975=CARTESIAN_POINT('',(-3.6,3.2,-2.3));
#12976=VECTOR('',#14967,1000.0);
#12977=CARTESIAN_POINT('',(-3.1,3.7,-2.3));
#12978=VECTOR('',#14968,1000.0);
#12979=CARTESIAN_POINT('',(-3.6,3.2,-1.9));
#12980=VECTOR('',#14969,1000.0);
#12981=CARTESIAN_POINT('',(-3.3,4.4,-2.3));
#12982=CARTESIAN_POINT('',(-3.1,4.2,-2.3));
#12983=AXIS2_PLACEMENT_3D('',#14970,#14971,#14972);
#12984=CARTESIAN_POINT('',(-3.3,4.4,-2.3));
#12985=VECTOR('',#14973,1000.0);
#12986=CARTESIAN_POINT('',(-3.1,4.2,-1.9));
#12987=VECTOR('',#14974,1000.0);
#12988=CARTESIAN_POINT('',(-5.25,4.4,-1.9));
#12989=VECTOR('',#14975,1000.0);
#12990=CARTESIAN_POINT('',(-5.25,3.2,-1.9));
#12991=VECTOR('',#14976,1000.0);
#12992=CARTESIAN_POINT('',(-5.25,3.2,-2.3));
#12993=VECTOR('',#14977,1000.0);
#12994=CARTESIAN_POINT('',(-5.25,4.4,-2.3));
#12995=VECTOR('',#14978,1000.0);
#12996=CARTESIAN_POINT('',(-3.1,4.4,-2.3));
#12997=VECTOR('',#14979,1000.0);
#12998=CARTESIAN_POINT('',(-4.85,2.055,6.25));
#12999=CARTESIAN_POINT('',(-4.85,2.055,6.65));
#13000=VECTOR('',#14980,1000.0);
#13001=CARTESIAN_POINT('',(-4.85,3.2,-1.45));
#13002=VECTOR('',#14981,1000.0);
#13003=CARTESIAN_POINT('',(-4.85,3.2,-1.9));
#13004=VECTOR('',#14982,1000.0);
#13005=CARTESIAN_POINT('',(-4.85,4.4,6.25));
#13006=CARTESIAN_POINT('',(-4.85,4.4,6.65));
#13007=VECTOR('',#14983,1000.0);
#13008=CARTESIAN_POINT('',(-4.85,4.4,6.25));
#13009=VECTOR('',#14984,1000.0);
#13010=CARTESIAN_POINT('',(-5.25,3.2,-1.9));
#13011=VECTOR('',#14985,1000.0);
#13012=CARTESIAN_POINT('',(-5.25,3.2,-1.45));
#13013=VECTOR('',#14986,1000.0);
#13014=CARTESIAN_POINT('',(-5.25,2.055,6.65));
#13015=VECTOR('',#14987,1000.0);
#13016=CARTESIAN_POINT('',(-5.25,2.055,6.25));
#13017=VECTOR('',#14988,1000.0);
#13018=CARTESIAN_POINT('',(-5.52383224568501,-0.5,10.5468461064817));
#13019=AXIS2_PLACEMENT_3D('',#14989,#14990,#14991);
#13020=CARTESIAN_POINT('',(-5.16130913087036,-0.5,10.3777988017854));
#13021=CARTESIAN_POINT('',(-4.55529683909689,-0.5,10.0952106291954));
#13022=VECTOR('',#14992,1000.0);
#13023=AXIS2_PLACEMENT_3D('',#14993,#14994,#14995);
#13024=CARTESIAN_POINT('',(-4.95,-0.5,10.8309526953037));
#13025=VECTOR('',#14996,1000.0);
#13026=CARTESIAN_POINT('',(-6.0078385041665,-0.5,9.50889133559821));
#13027=VECTOR('',#14997,1000.0);
#13028=CARTESIAN_POINT('',(-5.28572123903135,-0.5,8.46756864519972));
#13029=CARTESIAN_POINT('',(-5.28572123903135,-0.5,8.46756864519972));
#13030=VECTOR('',#14998,1000.0);
#13031=CARTESIAN_POINT('',(-5.25,-0.5,8.39096420088782));
#13032=AXIS2_PLACEMENT_3D('',#14999,#15000,#15001);
#13033=CARTESIAN_POINT('',(-5.25,-0.5,7.5));
#13034=VECTOR('',#15002,1000.0);
#13035=CARTESIAN_POINT('',(-4.85,-0.5,8.41427958379557));
#13036=CARTESIAN_POINT('',(-4.85,-0.5,8.41427958379557));
#13037=VECTOR('',#15003,1000.0);
#13038=CARTESIAN_POINT('',(-5.01074557564106,-0.5,8.75899958319911));
#13039=AXIS2_PLACEMENT_3D('',#15004,#15005,#15006);
#13040=CARTESIAN_POINT('',(-5.54396839420485,-0.5,9.2064266535913));
#13041=VECTOR('',#15007,1000.0);
#13042=CARTESIAN_POINT('',(-4.95,0.5,10.8309526953037));
#13043=VECTOR('',#15008,1000.0);
#13044=CARTESIAN_POINT('',(-5.01074557564106,0.5,8.75899958319911));
#13045=CARTESIAN_POINT('',(-5.54396839420485,0.5,9.2064266535913));
#13046=VECTOR('',#15009,1000.0);
#13047=CARTESIAN_POINT('',(-4.85,0.5,8.41427958379557));
#13048=AXIS2_PLACEMENT_3D('',#15010,#15011,#15012);
#13049=CARTESIAN_POINT('',(-4.85,0.5,8.41427958379557));
#13050=VECTOR('',#15013,1000.0);
#13051=CARTESIAN_POINT('',(-5.25,0.5,8.39096420088782));
#13052=CARTESIAN_POINT('',(-5.25,0.5,7.5));
#13053=VECTOR('',#15014,1000.0);
#13054=CARTESIAN_POINT('',(-5.28572123903135,0.5,8.46756864519972));
#13055=AXIS2_PLACEMENT_3D('',#15015,#15016,#15017);
#13056=CARTESIAN_POINT('',(-5.28572123903135,0.5,8.46756864519972));
#13057=VECTOR('',#15018,1000.0);
#13058=CARTESIAN_POINT('',(-6.0078385041665,0.5,9.50889133559821));
#13059=VECTOR('',#15019,1000.0);
#13060=CARTESIAN_POINT('',(-4.85,0.5,8.41427958379557));
#13061=VECTOR('',#15020,1000.0);
#13062=CARTESIAN_POINT('',(-5.01074557564106,0.5,8.75899958319911));
#13063=VECTOR('',#15021,1000.0);
#13064=CARTESIAN_POINT('',(-5.28572123903135,0.5,8.46756864519972));
#13065=VECTOR('',#15022,1000.0);
#13066=CARTESIAN_POINT('',(-5.25,0.5,8.39096420088782));
#13067=VECTOR('',#15023,1000.0);
#13068=CARTESIAN_POINT('',(-4.85,1.45,7.5));
#13069=VECTOR('',#15024,1000.0);
#13070=CARTESIAN_POINT('',(-5.25,1.45,7.5));
#13071=VECTOR('',#15025,1000.0);
#13072=CARTESIAN_POINT('',(-5.25,-1.45,6.25));
#13073=VECTOR('',#15026,1000.0);
#13074=CARTESIAN_POINT('',(-5.25,-1.45,6.25));
#13075=VECTOR('',#15027,1000.0);
#13076=CARTESIAN_POINT('',(-4.85,-1.45,6.65));
#13077=CARTESIAN_POINT('',(-5.25,-1.45,6.65));
#13078=VECTOR('',#15028,1000.0);
#13079=CARTESIAN_POINT('',(-4.85,-1.45,6.25));
#13080=VECTOR('',#15029,1000.0);
#13081=CARTESIAN_POINT('',(-5.25,1.45,6.25));
#13082=VECTOR('',#15030,1000.0);
#13083=CARTESIAN_POINT('',(-5.25,1.45,6.25));
#13084=VECTOR('',#15031,1000.0);
#13085=CARTESIAN_POINT('',(-4.85,1.45,6.65));
#13086=CARTESIAN_POINT('',(-4.85,1.45,6.25));
#13087=VECTOR('',#15032,1000.0);
#13088=CARTESIAN_POINT('',(-5.25,1.45,6.65));
#13089=VECTOR('',#15033,1000.0);
#13090=CARTESIAN_POINT('',(4.85,-1.45,7.3));
#13091=CARTESIAN_POINT('',(4.85,-1.25,7.5));
#13092=AXIS2_PLACEMENT_3D('',#15034,#15035,#15036);
#13093=CARTESIAN_POINT('',(5.25,-1.45,7.3));
#13094=CARTESIAN_POINT('',(4.85,-1.45,7.3));
#13095=VECTOR('',#15037,1000.0);
#13096=CARTESIAN_POINT('',(5.25,-1.25,7.5));
#13097=AXIS2_PLACEMENT_3D('',#15038,#15039,#15040);
#13098=CARTESIAN_POINT('',(4.85,-1.25,7.5));
#13099=VECTOR('',#15041,1000.0);
#13100=CARTESIAN_POINT('',(4.85,1.25,7.5));
#13101=CARTESIAN_POINT('',(4.85,1.45,7.3));
#13102=AXIS2_PLACEMENT_3D('',#15042,#15043,#15044);
#13103=CARTESIAN_POINT('',(5.25,1.25,7.5));
#13104=CARTESIAN_POINT('',(4.85,1.25,7.5));
#13105=VECTOR('',#15045,1000.0);
#13106=CARTESIAN_POINT('',(5.25,1.45,7.3));
#13107=AXIS2_PLACEMENT_3D('',#15046,#15047,#15048);
#13108=CARTESIAN_POINT('',(4.85,1.45,7.3));
#13109=VECTOR('',#15049,1000.0);
#13110=CARTESIAN_POINT('',(3.75,1.65,6.65));
#13111=CARTESIAN_POINT('',(3.75,1.65,6.25));
#13112=VECTOR('',#15050,1000.0);
#13113=CARTESIAN_POINT('',(3.95,1.45,6.65));
#13114=AXIS2_PLACEMENT_3D('',#15051,#15052,#15053);
#13115=CARTESIAN_POINT('',(3.95,1.45,6.65));
#13116=VECTOR('',#15054,1000.0);
#13117=CARTESIAN_POINT('',(3.95,2.05,6.65));
#13118=CARTESIAN_POINT('',(3.95,2.05,6.25));
#13119=VECTOR('',#15055,1000.0);
#13120=CARTESIAN_POINT('',(3.75,1.85,6.65));
#13121=AXIS2_PLACEMENT_3D('',#15056,#15057,#15058);
#13122=CARTESIAN_POINT('',(3.75,1.85,6.65));
#13123=VECTOR('',#15059,1000.0);
#13124=CARTESIAN_POINT('',(1.5,4.0,6.65));
#13125=CARTESIAN_POINT('',(1.5,4.0,6.25));
#13126=VECTOR('',#15060,1000.0);
#13127=CARTESIAN_POINT('',(1.7,3.8,6.65));
#13128=AXIS2_PLACEMENT_3D('',#15061,#15062,#15063);
#13129=CARTESIAN_POINT('',(1.7,3.8,6.65));
#13130=VECTOR('',#15064,1000.0);
#13131=CARTESIAN_POINT('',(1.9,3.8,6.65));
#13132=CARTESIAN_POINT('',(1.9,3.8,6.25));
#13133=VECTOR('',#15065,1000.0);
#13134=CARTESIAN_POINT('',(2.1,4.0,6.65));
#13135=AXIS2_PLACEMENT_3D('',#15066,#15067,#15068);
#13136=CARTESIAN_POINT('',(2.1,4.0,6.65));
#13137=VECTOR('',#15069,1000.0);
#13138=CARTESIAN_POINT('',(4.85,3.2,-1.65));
#13139=CARTESIAN_POINT('',(4.85,3.0,-1.45));
#13140=AXIS2_PLACEMENT_3D('',#15070,#15071,#15072);
#13141=CARTESIAN_POINT('',(5.25,3.2,-1.65));
#13142=CARTESIAN_POINT('',(4.85,3.2,-1.65));
#13143=VECTOR('',#15073,1000.0);
#13144=CARTESIAN_POINT('',(5.25,3.0,-1.45));
#13145=AXIS2_PLACEMENT_3D('',#15074,#15075,#15076);
#13146=CARTESIAN_POINT('',(5.25,3.0,-1.45));
#13147=VECTOR('',#15077,1000.0);
#13148=CARTESIAN_POINT('',(4.85,2.255,-1.45));
#13149=CARTESIAN_POINT('',(4.85,2.055,-1.25));
#13150=AXIS2_PLACEMENT_3D('',#15078,#15079,#15080);
#13151=CARTESIAN_POINT('',(5.25,2.255,-1.45));
#13152=CARTESIAN_POINT('',(4.85,2.255,-1.45));
#13153=VECTOR('',#15081,1000.0);
#13154=CARTESIAN_POINT('',(5.25,2.055,-1.25));
#13155=AXIS2_PLACEMENT_3D('',#15082,#15083,#15084);
#13156=CARTESIAN_POINT('',(4.85,2.055,-1.25));
#13157=VECTOR('',#15085,1000.0);
#13158=CARTESIAN_POINT('',(3.75,4.2,6.65));
#13159=CARTESIAN_POINT('',(3.75,4.2,6.25));
#13160=VECTOR('',#15086,1000.0);
#13161=CARTESIAN_POINT('',(3.95,4.4,6.65));
#13162=AXIS2_PLACEMENT_3D('',#15087,#15088,#15089);
#13163=CARTESIAN_POINT('',(3.95,4.4,6.25));
#13164=VECTOR('',#15090,1000.0);
#13165=CARTESIAN_POINT('',(3.35,4.4,6.65));
#13166=CARTESIAN_POINT('',(3.35,4.4,6.25));
#13167=VECTOR('',#15091,1000.0);
#13168=CARTESIAN_POINT('',(3.55,4.2,6.65));
#13169=AXIS2_PLACEMENT_3D('',#15092,#15093,#15094);
#13170=CARTESIAN_POINT('',(3.55,4.2,6.65));
#13171=VECTOR('',#15095,1000.0);
#13172=CARTESIAN_POINT('',(4.85,1.0,7.5));
#13173=CARTESIAN_POINT('',(4.85,0.84142135623731,7.34142135623731));
#13174=CARTESIAN_POINT('',(4.85,0.6,7.1));
#13175=VECTOR('',#15096,1000.0);
#13176=CARTESIAN_POINT('',(5.25,0.84142135623731,7.34142135623731));
#13177=CARTESIAN_POINT('',(4.25,0.84142135623731,7.34142135623731));
#13178=VECTOR('',#15097,1000.0);
#13179=CARTESIAN_POINT('',(5.25,1.0,7.5));
#13180=CARTESIAN_POINT('',(5.25,0.84142135623731,7.34142135623731));
#13181=VECTOR('',#15098,1000.0);
#13182=CARTESIAN_POINT('',(4.85,1.0,7.5));
#13183=VECTOR('',#15099,1000.0);
#13184=CARTESIAN_POINT('',(4.85,0.5,7.48284271247462));
#13185=AXIS2_PLACEMENT_3D('',#15100,#15101,#15102);
#13186=CARTESIAN_POINT('',(5.25,0.5,7.48284271247462));
#13187=CARTESIAN_POINT('',(4.25,0.5,7.48284271247462));
#13188=VECTOR('',#15103,1000.0);
#13189=AXIS2_PLACEMENT_3D('',#15104,#15105,#15106);
#13190=CARTESIAN_POINT('',(3.35,4.2,6.65));
#13191=VECTOR('',#15107,1000.0);
#13192=CARTESIAN_POINT('',(5.25,2.05,6.25));
#13193=VECTOR('',#15108,1000.0);
#13194=CARTESIAN_POINT('',(5.25,2.05,6.65));
#13195=VECTOR('',#15109,1000.0);
#13196=CARTESIAN_POINT('',(3.75,1.45,6.65));
#13197=VECTOR('',#15110,1000.0);
#13198=CARTESIAN_POINT('',(1.5,3.8,6.65));
#13199=VECTOR('',#15111,1000.0);
#13200=CARTESIAN_POINT('',(2.1,4.4,6.65));
#13201=CARTESIAN_POINT('',(2.1,4.4,6.65));
#13202=VECTOR('',#15112,1000.0);
#13203=CARTESIAN_POINT('',(2.1,4.4,6.25));
#13204=VECTOR('',#15113,1000.0);
#13205=CARTESIAN_POINT('',(-1.5,4.0,7.5));
#13206=VECTOR('',#15114,1000.0);
#13207=CARTESIAN_POINT('',(-1.5,4.4,7.5));
#13208=VECTOR('',#15115,1000.0);
#13209=CARTESIAN_POINT('',(1.5,4.4,7.5));
#13210=VECTOR('',#15116,1000.0);
#13211=CARTESIAN_POINT('',(1.5,4.0,7.5));
#13212=VECTOR('',#15117,1000.0);
#13213=CARTESIAN_POINT('',(-1.5,4.0,7.5));
#13214=VECTOR('',#15118,1000.0);
#13215=CARTESIAN_POINT('',(-1.5,4.0,6.65));
#13216=VECTOR('',#15119,1000.0);
#13217=CARTESIAN_POINT('',(-1.5,4.4,7.5));
#13218=VECTOR('',#15120,1000.0);
#13219=CARTESIAN_POINT('',(4.65,4.4,-1.9));
#13220=CARTESIAN_POINT('',(4.85,4.4,-1.7));
#13221=AXIS2_PLACEMENT_3D('',#15121,#15122,#15123);
#13222=CARTESIAN_POINT('',(4.65,3.2,-1.9));
#13223=CARTESIAN_POINT('',(4.65,3.2,-1.9));
#13224=VECTOR('',#15124,1000.0);
#13225=CARTESIAN_POINT('',(4.85,3.2,-1.7));
#13226=AXIS2_PLACEMENT_3D('',#15125,#15126,#15127);
#13227=CARTESIAN_POINT('',(4.85,4.4,-1.7));
#13228=VECTOR('',#15128,1000.0);
#13229=CARTESIAN_POINT('',(4.65,3.2,-2.3));
#13230=CARTESIAN_POINT('',(5.25,3.2,-1.7));
#13231=AXIS2_PLACEMENT_3D('',#15129,#15130,#15131);
#13232=CARTESIAN_POINT('',(4.65,4.4,-2.3));
#13233=CARTESIAN_POINT('',(4.65,3.2,-2.3));
#13234=VECTOR('',#15132,1000.0);
#13235=CARTESIAN_POINT('',(5.25,4.4,-1.7));
#13236=AXIS2_PLACEMENT_3D('',#15133,#15134,#15135);
#13237=CARTESIAN_POINT('',(5.25,4.4,-1.7));
#13238=VECTOR('',#15136,1000.0);
#13239=CARTESIAN_POINT('',(3.6,3.2,-2.3));
#13240=CARTESIAN_POINT('',(3.1,3.7,-2.3));
#13241=CARTESIAN_POINT('',(3.1,3.7,-2.3));
#13242=VECTOR('',#15137,1000.0);
#13243=CARTESIAN_POINT('',(3.6,3.2,-2.3));
#13244=VECTOR('',#15138,1000.0);
#13245=CARTESIAN_POINT('',(3.1,3.7,-1.9));
#13246=VECTOR('',#15139,1000.0);
#13247=CARTESIAN_POINT('',(3.1,4.2,-2.3));
#13248=CARTESIAN_POINT('',(3.3,4.4,-2.3));
#13249=AXIS2_PLACEMENT_3D('',#15140,#15141,#15142);
#13250=CARTESIAN_POINT('',(3.1,4.2,-2.3));
#13251=VECTOR('',#15143,1000.0);
#13252=CARTESIAN_POINT('',(3.3,4.4,6.65));
#13253=VECTOR('',#15144,1000.0);
#13254=CARTESIAN_POINT('',(5.25,4.4,-2.3));
#13255=VECTOR('',#15145,1000.0);
#13256=CARTESIAN_POINT('',(5.25,3.2,-2.3));
#13257=VECTOR('',#15146,1000.0);
#13258=CARTESIAN_POINT('',(3.1,4.4,-2.3));
#13259=VECTOR('',#15147,1000.0);
#13260=CARTESIAN_POINT('',(5.25,3.2,-1.9));
#13261=VECTOR('',#15148,1000.0);
#13262=CARTESIAN_POINT('',(5.25,4.4,-1.9));
#13263=VECTOR('',#15149,1000.0);
#13264=CARTESIAN_POINT('',(4.85,3.2,-1.45));
#13265=VECTOR('',#15150,1000.0);
#13266=CARTESIAN_POINT('',(4.85,2.055,6.25));
#13267=CARTESIAN_POINT('',(4.85,2.055,6.65));
#13268=VECTOR('',#15151,1000.0);
#13269=CARTESIAN_POINT('',(4.85,4.4,6.25));
#13270=CARTESIAN_POINT('',(4.85,4.4,6.25));
#13271=VECTOR('',#15152,1000.0);
#13272=CARTESIAN_POINT('',(4.85,4.4,6.65));
#13273=VECTOR('',#15153,1000.0);
#13274=CARTESIAN_POINT('',(4.85,3.2,-1.9));
#13275=VECTOR('',#15154,1000.0);
#13276=CARTESIAN_POINT('',(5.25,2.055,6.65));
#13277=VECTOR('',#15155,1000.0);
#13278=CARTESIAN_POINT('',(-5.25,2.055,6.25));
#13279=VECTOR('',#15156,1000.0);
#13280=CARTESIAN_POINT('',(5.25,3.2,-1.45));
#13281=VECTOR('',#15157,1000.0);
#13282=CARTESIAN_POINT('',(5.25,3.2,-1.9));
#13283=VECTOR('',#15158,1000.0);
#13284=CARTESIAN_POINT('',(3.95,-1.45,6.65));
#13285=CARTESIAN_POINT('',(3.95,-1.45,6.25));
#13286=VECTOR('',#15159,1000.0);
#13287=CARTESIAN_POINT('',(3.75,-1.65,6.65));
#13288=AXIS2_PLACEMENT_3D('',#15160,#15161,#15162);
#13289=CARTESIAN_POINT('',(3.75,-1.65,6.25));
#13290=VECTOR('',#15163,1000.0);
#13291=CARTESIAN_POINT('',(3.75,-1.85,6.65));
#13292=CARTESIAN_POINT('',(3.75,-1.85,6.25));
#13293=VECTOR('',#15164,1000.0);
#13294=CARTESIAN_POINT('',(3.95,-2.05,6.65));
#13295=AXIS2_PLACEMENT_3D('',#15165,#15166,#15167);
#13296=CARTESIAN_POINT('',(3.95,-2.05,6.65));
#13297=VECTOR('',#15168,1000.0);
#13298=CARTESIAN_POINT('',(1.7,-3.8,6.65));
#13299=CARTESIAN_POINT('',(1.7,-3.8,6.25));
#13300=VECTOR('',#15169,1000.0);
#13301=CARTESIAN_POINT('',(1.5,-4.0,6.65));
#13302=AXIS2_PLACEMENT_3D('',#15170,#15171,#15172);
#13303=CARTESIAN_POINT('',(1.5,-4.0,6.65));
#13304=VECTOR('',#15173,1000.0);
#13305=CARTESIAN_POINT('',(2.1,-4.0,6.65));
#13306=CARTESIAN_POINT('',(2.1,-4.0,6.25));
#13307=VECTOR('',#15174,1000.0);
#13308=CARTESIAN_POINT('',(1.9,-3.8,6.65));
#13309=AXIS2_PLACEMENT_3D('',#15175,#15176,#15177);
#13310=CARTESIAN_POINT('',(1.9,-3.8,6.65));
#13311=VECTOR('',#15178,1000.0);
#13312=CARTESIAN_POINT('',(4.85,-3.0,-1.45));
#13313=CARTESIAN_POINT('',(4.85,-3.2,-1.65));
#13314=AXIS2_PLACEMENT_3D('',#15179,#15180,#15181);
#13315=CARTESIAN_POINT('',(5.25,-3.0,-1.45));
#13316=CARTESIAN_POINT('',(4.85,-3.0,-1.45));
#13317=VECTOR('',#15182,1000.0);
#13318=CARTESIAN_POINT('',(5.25,-3.2,-1.65));
#13319=AXIS2_PLACEMENT_3D('',#15183,#15184,#15185);
#13320=CARTESIAN_POINT('',(5.25,-3.2,-1.65));
#13321=VECTOR('',#15186,1000.0);
#13322=CARTESIAN_POINT('',(4.85,-2.055,-1.25));
#13323=CARTESIAN_POINT('',(4.85,-2.255,-1.45));
#13324=AXIS2_PLACEMENT_3D('',#15187,#15188,#15189);
#13325=CARTESIAN_POINT('',(5.25,-2.055,-1.25));
#13326=CARTESIAN_POINT('',(4.85,-2.055,-1.25));
#13327=VECTOR('',#15190,1000.0);
#13328=CARTESIAN_POINT('',(5.25,-2.255,-1.45));
#13329=AXIS2_PLACEMENT_3D('',#15191,#15192,#15193);
#13330=CARTESIAN_POINT('',(4.85,-2.255,-1.45));
#13331=VECTOR('',#15194,1000.0);
#13332=CARTESIAN_POINT('',(3.95,-4.4,6.65));
#13333=CARTESIAN_POINT('',(3.95,-4.4,6.25));
#13334=VECTOR('',#15195,1000.0);
#13335=CARTESIAN_POINT('',(3.75,-4.2,6.65));
#13336=AXIS2_PLACEMENT_3D('',#15196,#15197,#15198);
#13337=CARTESIAN_POINT('',(3.75,-4.2,6.65));
#13338=VECTOR('',#15199,1000.0);
#13339=CARTESIAN_POINT('',(3.55,-4.2,6.65));
#13340=CARTESIAN_POINT('',(3.55,-4.2,6.25));
#13341=VECTOR('',#15200,1000.0);
#13342=CARTESIAN_POINT('',(3.35,-4.4,6.65));
#13343=AXIS2_PLACEMENT_3D('',#15201,#15202,#15203);
#13344=CARTESIAN_POINT('',(3.35,-4.4,6.25));
#13345=VECTOR('',#15204,1000.0);
#13346=CARTESIAN_POINT('',(4.85,-1.0,7.5));
#13347=CARTESIAN_POINT('',(5.25,-1.0,7.5));
#13348=CARTESIAN_POINT('',(4.25,-1.0,7.5));
#13349=VECTOR('',#15205,1000.0);
#13350=CARTESIAN_POINT('',(5.25,-0.84142135623731,7.34142135623731));
#13351=CARTESIAN_POINT('',(5.25,-0.84142135623731,7.34142135623731));
#13352=VECTOR('',#15206,1000.0);
#13353=CARTESIAN_POINT('',(4.85,-0.84142135623731,7.34142135623731));
#13354=CARTESIAN_POINT('',(4.25,-0.84142135623731,7.34142135623731));
#13355=VECTOR('',#15207,1000.0);
#13356=CARTESIAN_POINT('',(4.85,0.849999999999986,5.65));
#13357=VECTOR('',#15208,1000.0);
#13358=CARTESIAN_POINT('',(5.25,-0.5,7.48284271247462));
#13359=AXIS2_PLACEMENT_3D('',#15209,#15210,#15211);
#13360=CARTESIAN_POINT('',(4.85,-0.5,7.48284271247462));
#13361=CARTESIAN_POINT('',(4.25,-0.5,7.48284271247462));
#13362=VECTOR('',#15212,1000.0);
#13363=AXIS2_PLACEMENT_3D('',#15213,#15214,#15215);
#13364=CARTESIAN_POINT('',(6.0078385041665,-0.5,9.50889133559821));
#13365=CARTESIAN_POINT('',(6.0078385041665,-0.5,9.50889133559821));
#13366=VECTOR('',#15216,1000.0);
#13367=CARTESIAN_POINT('',(5.59667242967488,-0.5,9.44415919456323));
#13368=CARTESIAN_POINT('',(4.95,-0.5,10.8309526953037));
#13369=VECTOR('',#15217,1000.0);
#13370=AXIS2_PLACEMENT_3D('',#15218,#15219,#15220);
#13371=CARTESIAN_POINT('',(5.01074557564106,-0.5,8.75899958319911));
#13372=CARTESIAN_POINT('',(5.54396839420485,-0.5,9.2064266535913));
#13373=VECTOR('',#15221,1000.0);
#13374=CARTESIAN_POINT('',(4.85,-0.5,8.41427958379557));
#13375=AXIS2_PLACEMENT_3D('',#15222,#15223,#15224);
#13376=CARTESIAN_POINT('',(4.85,-0.5,8.41427958379557));
#13377=VECTOR('',#15225,1000.0);
#13378=CARTESIAN_POINT('',(5.25,-0.5,8.39096420088782));
#13379=CARTESIAN_POINT('',(5.25,-0.5,7.5));
#13380=VECTOR('',#15226,1000.0);
#13381=CARTESIAN_POINT('',(5.28572123903135,-0.5,8.46756864519972));
#13382=AXIS2_PLACEMENT_3D('',#15227,#15228,#15229);
#13383=CARTESIAN_POINT('',(5.28572123903135,-0.5,8.46756864519972));
#13384=VECTOR('',#15230,1000.0);
#13385=AXIS2_PLACEMENT_3D('',#15231,#15232,#15233);
#13386=CARTESIAN_POINT('',(5.25,0.5,8.39096420088782));
#13387=CARTESIAN_POINT('',(5.25,0.5,8.39096420088782));
#13388=VECTOR('',#15234,1000.0);
#13389=CARTESIAN_POINT('',(5.28572123903135,0.5,8.46756864519972));
#13390=AXIS2_PLACEMENT_3D('',#15235,#15236,#15237);
#13391=CARTESIAN_POINT('',(5.28572123903135,0.5,8.46756864519972));
#13392=VECTOR('',#15238,1000.0);
#13393=CARTESIAN_POINT('',(5.28572123903135,0.5,8.46756864519972));
#13394=VECTOR('',#15239,1000.0);
#13395=CARTESIAN_POINT('',(6.0078385041665,0.5,9.50889133559821));
#13396=AXIS2_PLACEMENT_3D('',#15240,#15241,#15242);
#13397=CARTESIAN_POINT('',(6.0078385041665,0.5,9.50889133559821));
#13398=VECTOR('',#15243,1000.0);
#13399=CARTESIAN_POINT('',(5.59667242967488,0.5,9.44415919456323));
#13400=CARTESIAN_POINT('',(5.59667242967488,0.5,9.44415919456323));
#13401=VECTOR('',#15244,1000.0);
#13402=AXIS2_PLACEMENT_3D('',#15245,#15246,#15247);
#13403=CARTESIAN_POINT('',(5.01074557564106,0.5,8.75899958319911));
#13404=CARTESIAN_POINT('',(5.54396839420485,0.5,9.2064266535913));
#13405=VECTOR('',#15248,1000.0);
#13406=CARTESIAN_POINT('',(5.01074557564106,0.5,8.75899958319911));
#13407=VECTOR('',#15249,1000.0);
#13408=CARTESIAN_POINT('',(4.85,0.5,8.41427958379557));
#13409=AXIS2_PLACEMENT_3D('',#15250,#15251,#15252);
#13410=CARTESIAN_POINT('',(4.85,0.5,8.41427958379557));
#13411=VECTOR('',#15253,1000.0);
#13412=CARTESIAN_POINT('',(3.35,-4.2,6.65));
#13413=VECTOR('',#15254,1000.0);
#13414=CARTESIAN_POINT('',(3.75,-1.45,6.65));
#13415=VECTOR('',#15255,1000.0);
#13416=CARTESIAN_POINT('',(5.25,-2.05,6.65));
#13417=VECTOR('',#15256,1000.0);
#13418=CARTESIAN_POINT('',(5.25,-2.05,6.25));
#13419=VECTOR('',#15257,1000.0);
#13420=CARTESIAN_POINT('',(2.1,-4.4,6.65));
#13421=CARTESIAN_POINT('',(2.1,-4.4,6.65));
#13422=VECTOR('',#15258,1000.0);
#13423=CARTESIAN_POINT('',(2.1,-4.4,6.25));
#13424=VECTOR('',#15259,1000.0);
#13425=CARTESIAN_POINT('',(1.5,-3.8,6.65));
#13426=VECTOR('',#15260,1000.0);
#13427=CARTESIAN_POINT('',(-1.5,-4.4,7.5));
#13428=VECTOR('',#15261,1000.0);
#13429=CARTESIAN_POINT('',(-1.5,-4.0,7.5));
#13430=VECTOR('',#15262,1000.0);
#13431=CARTESIAN_POINT('',(1.5,-4.0,7.5));
#13432=VECTOR('',#15263,1000.0);
#13433=CARTESIAN_POINT('',(-1.5,-4.0,6.65));
#13434=VECTOR('',#15264,1000.0);
#13435=CARTESIAN_POINT('',(-1.5,-4.0,7.5));
#13436=VECTOR('',#15265,1000.0);
#13437=CARTESIAN_POINT('',(1.5,-4.4,7.5));
#13438=VECTOR('',#15266,1000.0);
#13439=CARTESIAN_POINT('',(-1.5,-4.4,7.5));
#13440=VECTOR('',#15267,1000.0);
#13441=CARTESIAN_POINT('',(5.25,-1.45,6.25));
#13442=VECTOR('',#15268,1000.0);
#13443=CARTESIAN_POINT('',(5.25,-1.45,6.25));
#13444=VECTOR('',#15269,1000.0);
#13445=CARTESIAN_POINT('',(4.85,-1.45,6.65));
#13446=CARTESIAN_POINT('',(4.85,-1.45,6.25));
#13447=VECTOR('',#15270,1000.0);
#13448=CARTESIAN_POINT('',(5.25,-1.45,6.65));
#13449=VECTOR('',#15271,1000.0);
#13450=CARTESIAN_POINT('',(5.25,1.45,6.25));
#13451=VECTOR('',#15272,1000.0);
#13452=CARTESIAN_POINT('',(5.25,1.45,6.25));
#13453=VECTOR('',#15273,1000.0);
#13454=CARTESIAN_POINT('',(4.85,1.45,6.65));
#13455=CARTESIAN_POINT('',(5.25,1.45,6.65));
#13456=VECTOR('',#15274,1000.0);
#13457=CARTESIAN_POINT('',(4.85,1.45,6.25));
#13458=VECTOR('',#15275,1000.0);
#13459=CARTESIAN_POINT('',(4.85,-4.4,-1.7));
#13460=CARTESIAN_POINT('',(4.65,-4.4,-1.9));
#13461=AXIS2_PLACEMENT_3D('',#15276,#15277,#15278);
#13462=CARTESIAN_POINT('',(4.85,-3.2,-1.7));
#13463=CARTESIAN_POINT('',(4.85,-4.4,-1.7));
#13464=VECTOR('',#15279,1000.0);
#13465=CARTESIAN_POINT('',(4.65,-3.2,-1.9));
#13466=AXIS2_PLACEMENT_3D('',#15280,#15281,#15282);
#13467=CARTESIAN_POINT('',(4.65,-3.2,-1.9));
#13468=VECTOR('',#15283,1000.0);
#13469=CARTESIAN_POINT('',(5.25,-3.2,-1.7));
#13470=CARTESIAN_POINT('',(4.65,-3.2,-2.3));
#13471=AXIS2_PLACEMENT_3D('',#15284,#15285,#15286);
#13472=CARTESIAN_POINT('',(5.25,-4.4,-1.7));
#13473=CARTESIAN_POINT('',(5.25,-3.2,-1.7));
#13474=VECTOR('',#15287,1000.0);
#13475=CARTESIAN_POINT('',(4.65,-4.4,-2.3));
#13476=AXIS2_PLACEMENT_3D('',#15288,#15289,#15290);
#13477=CARTESIAN_POINT('',(4.65,-4.4,-2.3));
#13478=VECTOR('',#15291,1000.0);
#13479=CARTESIAN_POINT('',(3.1,-3.7,-2.3));
#13480=CARTESIAN_POINT('',(3.6,-3.2,-2.3));
#13481=CARTESIAN_POINT('',(3.6,-3.2,-2.3));
#13482=VECTOR('',#15292,1000.0);
#13483=CARTESIAN_POINT('',(3.1,-3.7,-2.3));
#13484=VECTOR('',#15293,1000.0);
#13485=CARTESIAN_POINT('',(3.6,-3.2,-1.9));
#13486=VECTOR('',#15294,1000.0);
#13487=CARTESIAN_POINT('',(3.3,-4.4,-2.3));
#13488=CARTESIAN_POINT('',(3.1,-4.2,-2.3));
#13489=AXIS2_PLACEMENT_3D('',#15295,#15296,#15297);
#13490=CARTESIAN_POINT('',(3.3,-4.4,-2.3));
#13491=VECTOR('',#15298,1000.0);
#13492=CARTESIAN_POINT('',(3.1,-4.2,-1.9));
#13493=VECTOR('',#15299,1000.0);
#13494=CARTESIAN_POINT('',(5.25,-3.2,-2.3));
#13495=VECTOR('',#15300,1000.0);
#13496=CARTESIAN_POINT('',(5.25,-4.4,-2.3));
#13497=VECTOR('',#15301,1000.0);
#13498=CARTESIAN_POINT('',(3.1,-4.4,-2.3));
#13499=VECTOR('',#15302,1000.0);
#13500=CARTESIAN_POINT('',(4.85,-2.055,6.25));
#13501=CARTESIAN_POINT('',(4.85,-2.055,6.65));
#13502=VECTOR('',#15303,1000.0);
#13503=CARTESIAN_POINT('',(4.85,-3.2,-1.45));
#13504=VECTOR('',#15304,1000.0);
#13505=CARTESIAN_POINT('',(4.85,-3.2,-1.9));
#13506=VECTOR('',#15305,1000.0);
#13507=CARTESIAN_POINT('',(4.85,-4.4,6.25));
#13508=CARTESIAN_POINT('',(4.85,-4.4,6.65));
#13509=VECTOR('',#15306,1000.0);
#13510=CARTESIAN_POINT('',(4.85,4.4,6.25));
#13511=VECTOR('',#15307,1000.0);
#13512=CARTESIAN_POINT('',(5.25,-3.2,-1.9));
#13513=VECTOR('',#15308,1000.0);
#13514=CARTESIAN_POINT('',(5.25,-3.2,-1.9));
#13515=VECTOR('',#15309,1000.0);
#13516=CARTESIAN_POINT('',(5.25,-3.2,-1.45));
#13517=VECTOR('',#15310,1000.0);
#13518=CARTESIAN_POINT('',(5.25,-2.055,6.65));
#13519=VECTOR('',#15311,1000.0);
#13520=CARTESIAN_POINT('',(-5.25,-2.055,6.25));
#13521=VECTOR('',#15312,1000.0);
#13522=CARTESIAN_POINT('',(5.25,-4.4,6.65));
#13523=VECTOR('',#15313,1000.0);
#13524=CARTESIAN_POINT('',(-5.25,-4.4,6.65));
#13525=VECTOR('',#15314,1000.0);
#13526=CARTESIAN_POINT('',(-5.25,-4.4,6.25));
#13527=VECTOR('',#15315,1000.0);
#13528=CARTESIAN_POINT('',(5.25,-4.4,-1.9));
#13529=VECTOR('',#15316,1000.0);
#13530=CARTESIAN_POINT('',(-5.25,-4.4,6.65));
#13531=VECTOR('',#15317,1000.0);
#13532=CARTESIAN_POINT('',(4.85,1.45,7.5));
#13533=VECTOR('',#15318,1000.0);
#13534=CARTESIAN_POINT('',(5.25,1.45,7.5));
#13535=VECTOR('',#15319,1000.0);
#13536=CARTESIAN_POINT('',(4.95,0.5,10.8309526953037));
#13537=VECTOR('',#15320,1000.0);
#13538=CARTESIAN_POINT('',(6.0078385041665,0.5,9.50889133559821));
#13539=VECTOR('',#15321,1000.0);
#13540=CARTESIAN_POINT('',(5.25,0.5,7.5));
#13541=VECTOR('',#15322,1000.0);
#13542=CARTESIAN_POINT('',(4.85,0.5,8.41427958379557));
#13543=VECTOR('',#15323,1000.0);
#13544=CARTESIAN_POINT('',(-5.25,4.4,6.65));
#13545=VECTOR('',#15324,1000.0);
#13546=CARTESIAN_POINT('',(-5.25,4.4,6.65));
#13547=VECTOR('',#15325,1000.0);
#13548=CARTESIAN_POINT('',(-5.25,4.4,6.25));
#13549=VECTOR('',#15326,1000.0);
#13550=CARTESIAN_POINT('',(5.25,4.4,6.65));
#13551=VECTOR('',#15327,1000.0);
#13552=CARTESIAN_POINT('',(-5.25,4.4,6.65));
#13553=VECTOR('',#15328,1000.0);
#13554=CARTESIAN_POINT('',(-5.25,4.4,6.25));
#13555=VECTOR('',#15329,1000.0);
#13556=CARTESIAN_POINT('',(-5.25,4.4,6.65));
#13557=VECTOR('',#15330,1000.0);
#13558=CARTESIAN_POINT('',(5.25,1.45,7.5));
#13559=VECTOR('',#15331,1000.0);
#13560=CARTESIAN_POINT('',(4.85,1.45,7.5));
#13561=VECTOR('',#15332,1000.0);
#13562=CARTESIAN_POINT('',(4.85,4.4,6.65));
#13563=VECTOR('',#15333,1000.0);
#13564=CARTESIAN_POINT('',(-5.25,4.4,6.65));
#13565=VECTOR('',#15334,1000.0);
#13566=CARTESIAN_POINT('',(-5.25,-4.4,6.65));
#13567=VECTOR('',#15335,1000.0);
#13568=CARTESIAN_POINT('',(-5.25,-4.4,6.65));
#13569=VECTOR('',#15336,1000.0);
#13570=CARTESIAN_POINT('',(-5.25,-4.4,-1.9));
#13571=VECTOR('',#15337,1000.0);
#13572=CARTESIAN_POINT('',(-5.25,-4.4,6.25));
#13573=VECTOR('',#15338,1000.0);
#13574=CARTESIAN_POINT('',(-5.25,-4.4,6.65));
#13575=VECTOR('',#15339,1000.0);
#13576=CARTESIAN_POINT('',(-4.85,4.4,6.65));
#13577=VECTOR('',#15340,1000.0);
#13578=CARTESIAN_POINT('',(-4.85,1.45,7.5));
#13579=VECTOR('',#15341,1000.0);
#13580=CARTESIAN_POINT('',(-5.25,1.45,7.5));
#13581=VECTOR('',#15342,1000.0);
#13582=DIRECTION('',(0.0,-1.0,1.38777878078145E-17));
#13583=CARTESIAN_POINT('',(5.41541087226755,0.5,9.35963554221509));
#13584=DIRECTION('',(0.0,-1.0,1.38777878078145E-17));
#13585=DIRECTION('',(-1.0,0.0,0.0));
#13586=DIRECTION('',(-8.67361737988404E-18,-1.0,1.38777878078145E-17));
#13587=CARTESIAN_POINT('',(5.41541087226755,-0.5,9.35963554221509));
#13588=DIRECTION('',(0.0,-1.0,1.38777878078145E-17));
#13589=DIRECTION('',(-1.0,0.0,0.0));
#13590=DIRECTION('',(0.0,1.0,-1.38777878078145E-17));
#13591=CARTESIAN_POINT('',(5.6,-0.5,9.31871311781489));
#13592=DIRECTION('',(0.0,1.0,-1.38777878078145E-17));
#13593=DIRECTION('',(-1.0,0.0,0.0));
#13594=DIRECTION('',(-8.67361737988404E-18,-1.0,1.38777878078145E-17));
#13595=CARTESIAN_POINT('',(5.6,0.5,9.31871311781489));
#13596=DIRECTION('',(0.0,1.0,-1.38777878078145E-17));
#13597=DIRECTION('',(-1.0,0.0,0.0));
#13598=DIRECTION('',(-0.90630778703665,5.31916480900535E-18,0.4226182617407));
#13599=CARTESIAN_POINT('',(-5.16130913087036,5.19533681168346E-17,10.3777988017854));
#13600=DIRECTION('',(-0.90630778703665,5.31916480900535E-18,0.4226182617407));
#13601=DIRECTION('',(-0.4226182617407,-1.14069857442429E-17,-0.90630778703665));
#13602=DIRECTION('',(0.90630778703665,-5.31916480900534E-18,-0.422618261740699));
#13603=CARTESIAN_POINT('',(-5.52383224568501,5.40810340404367E-17,10.5468461064817));
#13604=DIRECTION('',(0.906307787036649,-5.31916480900537E-18,-0.422618261740701));
#13605=DIRECTION('',(0.422618261740701,1.14069857442428E-17,0.906307787036649));
#13606=DIRECTION('',(-0.353553390593274,0.612372435695793,-0.707106781186549));
#13607=CARTESIAN_POINT('',(2.17635618041482E-16,-2.82285867799908E-15,-16.7));
#13608=DIRECTION('',(1.19993072676424E-16,6.92780328106235E-17,1.0));
#13609=DIRECTION('',(-0.5,0.866025403784438,8.21730109605221E-33));
#13610=CARTESIAN_POINT('',(2.36044790219791E-16,-3.07643400453119E-15,-17.5));
#13611=DIRECTION('',(1.19993072676424E-16,6.92780328106235E-17,1.0));
#13612=DIRECTION('',(-0.5,0.866025403784438,1.12054105855257E-32));
#13613=DIRECTION('',(6.80986534936153E-16,-1.0,5.78241158658936E-15));
#13614=CARTESIAN_POINT('',(6.42760450096174E-15,-9.85,10.6931416529423));
#13615=DIRECTION('',(6.80986534936144E-16,-1.0,5.78241158658936E-15));
#13616=DIRECTION('',(3.63377711248123E-15,-5.78241158658936E-15,-1.0));
#13617=DIRECTION('',(6.80986534936153E-16,-1.0,3.34172112784255E-15));
#13618=CARTESIAN_POINT('',(6.63190046144258E-15,-10.15,10.6931416529423));
#13619=DIRECTION('',(6.80986534936144E-16,-1.0,5.78241158658936E-15));
#13620=DIRECTION('',(3.63377711248122E-15,-5.78241158658936E-15,-1.0));
#13621=DIRECTION('',(5.42208656858009E-16,-1.0,2.89120579329468E-15));
#13622=CARTESIAN_POINT('',(3.61325933287328E-15,-7.35,10.6931416529423));
#13623=DIRECTION('',(5.42208656858008E-16,-1.0,2.89120579329468E-15));
#13624=DIRECTION('',(-3.45209971719384E-15,-2.89120579329468E-15,-1.0));
#13625=DIRECTION('',(5.42208656858009E-16,-1.0,3.17020218717348E-15));
#13626=CARTESIAN_POINT('',(3.77592192993068E-15,-7.65,10.6931416529423));
#13627=DIRECTION('',(5.42208656858008E-16,-1.0,2.89120579329468E-15));
#13628=DIRECTION('',(-3.45209971719384E-15,-2.89120579329468E-15,-1.0));
#13629=DIRECTION('',(5.99326915022059E-16,-1.0,5.78241158658936E-15));
#13630=CARTESIAN_POINT('',(-2.5,-9.85,10.8431416529423));
#13631=DIRECTION('',(5.99326915022078E-16,-1.0,5.78241158658935E-15));
#13632=DIRECTION('',(-7.2280144832367E-15,-5.78241158658936E-15,-1.0));
#13633=DIRECTION('',(5.99326915022059E-16,-1.0,3.17531378670946E-15));
#13634=CARTESIAN_POINT('',(-2.5,-10.15,10.8431416529423));
#13635=DIRECTION('',(5.99326915022078E-16,-1.0,5.78241158658935E-15));
#13636=DIRECTION('',(-7.2280144832367E-15,-5.78241158658936E-15,-1.0));
#13637=DIRECTION('',(5.40004162163775E-16,-1.0,5.78241158658936E-15));
#13638=CARTESIAN_POINT('',(2.5,-9.85,10.8431416529423));
#13639=DIRECTION('',(5.40004162163771E-16,-1.0,5.78241158658936E-15));
#13640=DIRECTION('',(1.44560289664734E-15,-5.78241158658936E-15,-1.0));
#13641=DIRECTION('',(5.40004162163775E-16,-1.0,3.14955051754421E-15));
#13642=CARTESIAN_POINT('',(2.5,-10.15,10.8431416529423));
#13643=DIRECTION('',(5.40004162163794E-16,-1.0,5.78241158658935E-15));
#13644=DIRECTION('',(-7.2280144832367E-15,-5.78241158658936E-15,-1.0));
#13645=DIRECTION('',(5.43943380333986E-16,-1.0,2.89120579329468E-15));
#13646=CARTESIAN_POINT('',(2.5,-7.35,10.8431416529423));
#13647=DIRECTION('',(5.43943380333986E-16,-1.0,2.89120579329468E-15));
#13648=DIRECTION('',(1.44560289664734E-15,-2.89120579329468E-15,-1.0));
#13649=DIRECTION('',(5.43943380333986E-16,-1.0,3.16130988634096E-15));
#13650=CARTESIAN_POINT('',(2.5,-7.65,10.8431416529423));
#13651=DIRECTION('',(5.43943380333986E-16,-1.0,2.89120579329468E-15));
#13652=DIRECTION('',(1.44560289664734E-15,-2.89120579329468E-15,-1.0));
#13653=DIRECTION('',(5.6302533856973E-16,-1.0,2.89120579329468E-15));
#13654=CARTESIAN_POINT('',(-2.5,-7.35,10.8431416529423));
#13655=DIRECTION('',(5.63025338569732E-16,-1.0,2.89120579329468E-15));
#13656=DIRECTION('',(5.78241158658936E-15,-2.89120579329468E-15,-1.0));
#13657=DIRECTION('',(5.6302533856973E-16,-1.0,3.16130988634096E-15));
#13658=CARTESIAN_POINT('',(-2.5,-7.65,10.8431416529423));
#13659=DIRECTION('',(5.6302533856973E-16,-1.0,2.89120579329468E-15));
#13660=DIRECTION('',(0.0,-2.89120579329468E-15,-1.0));
#13661=DIRECTION('',(1.19993072676424E-16,6.92780328106235E-17,1.0));
#13662=CARTESIAN_POINT('',(7.49645336595879E-17,-8.5764989737523E-16,-10.5));
#13663=DIRECTION('',(-1.19993072676424E-16,-6.92780328106235E-17,-1.0));
#13664=DIRECTION('',(0.5,-0.866025403784438,-8.21730109605221E-33));
#13665=DIRECTION('',(2.30114652228862E-17,-3.16969158165137E-16,-1.0));
#13666=DIRECTION('',(-1.19993072676424E-16,-6.92780328106235E-17,-1.0));
#13667=CARTESIAN_POINT('',(5.93013799092906E-18,9.32575771201831E-17,-7.5));
#13668=DIRECTION('',(0.0,0.0,1.0));
#13669=DIRECTION('',(-1.0,0.0,0.0));
#13670=DIRECTION('',(-0.0,-0.0,1.0));
#13671=CARTESIAN_POINT('',(0.0,0.0,-7.3));
#13672=DIRECTION('',(0.0,0.0,1.0));
#13673=DIRECTION('',(1.0,0.0,0.0));
#13674=DIRECTION('',(0.0,0.0,-1.0));
#13675=CARTESIAN_POINT('',(0.0,0.0,-7.0));
#13676=DIRECTION('',(0.0,0.0,1.0));
#13677=DIRECTION('',(1.0,0.0,0.0));
#13678=DIRECTION('',(0.70710678118655,8.65927457071939E-17,0.707106781186545));
#13679=CARTESIAN_POINT('',(0.0,0.0,-7.5));
#13680=DIRECTION('',(0.0,0.0,1.0));
#13681=DIRECTION('',(1.0,0.0,0.0));
#13682=DIRECTION('',(0.70710678118655,8.65927457071939E-17,-0.707106781186545));
#13683=DIRECTION('',(-0.0,0.0,-1.0));
#13684=CARTESIAN_POINT('',(0.0,0.0,-7.0));
#13685=DIRECTION('',(0.0,0.0,1.0));
#13686=DIRECTION('',(1.0,0.0,0.0));
#13687=DIRECTION('',(0.0,0.0,1.0));
#13688=DIRECTION('',(-0.0,0.0,-1.0));
#13689=DIRECTION('',(0.0,0.0,1.0));
#13690=DIRECTION('',(-0.0,0.0,-1.0));
#13691=DIRECTION('',(0.0,0.0,1.0));
#13692=DIRECTION('',(-0.0,0.0,-1.0));
#13693=DIRECTION('',(0.0,0.0,1.0));
#13694=DIRECTION('',(-0.0,0.0,-1.0));
#13695=DIRECTION('',(0.0,0.0,1.0));
#13696=DIRECTION('',(0.0,0.0,1.0));
#13697=DIRECTION('',(0.0,0.0,-1.0));
#13698=DIRECTION('',(-0.0,-0.0,1.0));
#13699=CARTESIAN_POINT('',(0.0,0.0,-2.5));
#13700=DIRECTION('',(0.0,0.0,-1.0));
#13701=DIRECTION('',(-1.0,0.0,0.0));
#13702=DIRECTION('',(0.0,0.0,-1.0));
#13703=DIRECTION('',(-0.0,0.0,-1.0));
#13704=DIRECTION('',(0.0,1.0,-1.38777878078145E-17));
#13705=CARTESIAN_POINT('',(-5.41541087226755,-0.5,9.35963554221509));
#13706=DIRECTION('',(0.0,1.0,-1.38777878078145E-17));
#13707=DIRECTION('',(1.0,0.0,0.0));
#13708=DIRECTION('',(-8.67361737988404E-18,-1.0,1.38777878078145E-17));
#13709=CARTESIAN_POINT('',(-5.41541087226755,0.5,9.35963554221509));
#13710=DIRECTION('',(0.0,1.0,-1.38777878078145E-17));
#13711=DIRECTION('',(1.0,0.0,0.0));
#13712=DIRECTION('',(-0.0,-1.0,1.38777878078145E-17));
#13713=CARTESIAN_POINT('',(-5.6,0.5,9.31871311781489));
#13714=DIRECTION('',(0.0,-1.0,1.38777878078145E-17));
#13715=DIRECTION('',(1.0,0.0,0.0));
#13716=DIRECTION('',(-8.67361737988404E-18,-1.0,1.38777878078145E-17));
#13717=CARTESIAN_POINT('',(-5.6,-0.5,9.31871311781489));
#13718=DIRECTION('',(0.0,-1.0,1.38777878078145E-17));
#13719=DIRECTION('',(1.0,0.0,0.0));
#13720=DIRECTION('',(-0.90630778703665,-5.31916480900535E-18,-0.4226182617407));
#13721=CARTESIAN_POINT('',(5.52383224568501,5.40810340404367E-17,10.5468461064817));
#13722=DIRECTION('',(-0.906307787036649,-5.31916480900537E-18,-0.422618261740701));
#13723=DIRECTION('',(-0.422618261740701,1.14069857442428E-17,0.906307787036649));
#13724=DIRECTION('',(-0.90630778703665,-5.31916480900534E-18,-0.422618261740699));
#13725=CARTESIAN_POINT('',(5.16130913087036,5.19533681168346E-17,10.3777988017854));
#13726=DIRECTION('',(-0.90630778703665,-5.31916480900535E-18,-0.4226182617407));
#13727=DIRECTION('',(0.4226182617407,-1.14069857442429E-17,-0.90630778703665));
#13728=CARTESIAN_POINT('',(5.16130913087036,5.19533681168346E-17,10.3777988017854));
#13729=DIRECTION('',(-0.90630778703665,-5.31916480900535E-18,-0.4226182617407));
#13730=DIRECTION('',(0.4226182617407,-1.14069857442429E-17,-0.90630778703665));
#13731=DIRECTION('',(-0.90630778703665,-5.31916480900534E-18,-0.422618261740699));
#13732=CARTESIAN_POINT('',(5.52383224568501,5.40810340404367E-17,10.5468461064817));
#13733=DIRECTION('',(-0.906307787036649,-5.31916480900537E-18,-0.422618261740701));
#13734=DIRECTION('',(-0.422618261740701,1.14069857442428E-17,0.906307787036649));
#13735=CARTESIAN_POINT('',(-5.6,-0.5,9.31871311781489));
#13736=DIRECTION('',(0.0,-1.0,1.38777878078145E-17));
#13737=DIRECTION('',(1.0,0.0,0.0));
#13738=DIRECTION('',(-8.67361737988404E-18,-1.0,1.38777878078145E-17));
#13739=CARTESIAN_POINT('',(-5.6,0.5,9.31871311781489));
#13740=DIRECTION('',(0.0,-1.0,1.38777878078145E-17));
#13741=DIRECTION('',(1.0,0.0,0.0));
#13742=CARTESIAN_POINT('',(-5.41541087226755,0.5,9.35963554221509));
#13743=DIRECTION('',(0.0,1.0,-1.38777878078145E-17));
#13744=DIRECTION('',(1.0,0.0,0.0));
#13745=DIRECTION('',(-8.67361737988404E-18,-1.0,1.38777878078145E-17));
#13746=CARTESIAN_POINT('',(-5.41541087226755,-0.5,9.35963554221509));
#13747=DIRECTION('',(0.0,1.0,-1.38777878078145E-17));
#13748=DIRECTION('',(1.0,0.0,0.0));
#13749=CARTESIAN_POINT('',(0.0,0.0,-7.3));
#13750=DIRECTION('',(0.0,0.0,1.0));
#13751=DIRECTION('',(1.0,0.0,0.0));
#13752=CARTESIAN_POINT('',(0.0,0.0,-7.5));
#13753=DIRECTION('',(0.0,0.0,1.0));
#13754=DIRECTION('',(1.0,0.0,0.0));
#13755=CARTESIAN_POINT('',(0.0,0.0,-7.0));
#13756=DIRECTION('',(0.0,0.0,1.0));
#13757=DIRECTION('',(1.0,0.0,0.0));
#13758=CARTESIAN_POINT('',(5.93013799092906E-18,9.32575771201831E-17,-7.5));
#13759=DIRECTION('',(0.0,0.0,1.0));
#13760=DIRECTION('',(-1.0,0.0,0.0));
#13761=CARTESIAN_POINT('',(2.17635618041482E-16,-2.82285867799908E-15,-16.7));
#13762=DIRECTION('',(1.19993072676424E-16,6.92780328106235E-17,1.0));
#13763=DIRECTION('',(-0.5,0.866025403784438,8.21730109605221E-33));
#13764=DIRECTION('',(2.30114652228862E-17,-3.16969158165137E-16,-1.0));
#13765=CARTESIAN_POINT('',(7.49645336595879E-17,-8.5764989737523E-16,-10.5));
#13766=DIRECTION('',(-1.19993072676424E-16,-6.92780328106235E-17,-1.0));
#13767=DIRECTION('',(0.5,-0.866025403784438,-8.21730109605221E-33));
#13768=DIRECTION('',(0.0,-1.689733298762E-17,-1.0));
#13769=DIRECTION('',(-1.0,-1.15648231731787E-16,0.0));
#13770=DIRECTION('',(0.0,0.0,1.0));
#13771=DIRECTION('',(-1.0,-1.15648231731787E-16,-0.0));
#13772=DIRECTION('',(0.0,0.0,1.0));
#13773=DIRECTION('',(-1.0,-1.15648231731787E-16,-0.0));
#13774=DIRECTION('',(0.0,0.0,1.0));
#13775=DIRECTION('',(-1.0,-1.15648231731787E-16,-0.0));
#13776=DIRECTION('',(0.0,0.0,1.0));
#13777=DIRECTION('',(-1.0,-1.15648231731787E-16,0.0));
#13778=DIRECTION('',(-0.0,1.689733298762E-17,1.0));
#13779=DIRECTION('',(1.0,4.26526556190202E-16,-1.7347234759768E-17));
#13780=DIRECTION('',(-0.0,1.689733298762E-17,1.0));
#13781=CARTESIAN_POINT('',(3.75,3.85,-1.6));
#13782=DIRECTION('',(0.0,0.0,1.0));
#13783=DIRECTION('',(1.0,0.0,0.0));
#13784=CARTESIAN_POINT('',(3.75,3.85,6.25));
#13785=DIRECTION('',(-3.66402502687772E-32,1.689733298762E-17,1.0));
#13786=DIRECTION('',(-1.0,-2.16840434497101E-15,0.0));
#13787=CARTESIAN_POINT('',(3.75,3.85,6.25));
#13788=DIRECTION('',(-7.32805005375543E-33,1.689733298762E-17,1.0));
#13789=DIRECTION('',(-1.0,-4.33680868994202E-16,0.0));
#13790=DIRECTION('',(2.74904960163348E-16,-1.0,2.89343261911922E-18));
#13791=DIRECTION('',(0.0,0.0,1.0));
#13792=DIRECTION('',(0.0,1.0,0.0));
#13793=DIRECTION('',(0.0,0.0,1.0));
#13794=DIRECTION('',(2.34422091348218E-16,1.0,0.0));
#13795=DIRECTION('',(0.0,0.0,1.0));
#13796=DIRECTION('',(1.65761450452256E-16,0.707106781186546,0.70710678118655));
#13797=DIRECTION('',(2.70245161958058E-16,-1.0,0.0));
#13798=DIRECTION('',(-0.0,0.707106781186546,-0.70710678118655));
#13799=DIRECTION('',(0.0,0.0,1.0));
#13800=DIRECTION('',(0.0,1.0,0.0));
#13801=DIRECTION('',(2.74904960163348E-16,-1.0,2.89343261911922E-18));
#13802=DIRECTION('',(2.74904960163348E-16,-1.0,2.89343261911922E-18));
#13803=DIRECTION('',(-2.70245161958058E-16,1.0,-1.25862161921175E-17));
#13804=DIRECTION('',(2.74904960163348E-16,-1.0,2.89343261911922E-18));
#13805=DIRECTION('',(-2.70245161958058E-16,1.0,-1.25862161921175E-17));
#13806=DIRECTION('',(2.74904960163348E-16,-1.0,2.89343261911922E-18));
#13807=DIRECTION('',(0.0,-1.689733298762E-17,-1.0));
#13808=DIRECTION('',(-4.31186354395493E-16,1.0,-2.89343261911921E-18));
#13809=DIRECTION('',(-0.0,-1.689733298762E-17,-1.0));
#13810=DIRECTION('',(4.31186354395493E-16,-1.0,2.89343261911921E-18));
#13811=DIRECTION('',(0.0,-1.689733298762E-17,-1.0));
#13812=CARTESIAN_POINT('',(-3.75,3.85,-1.6));
#13813=DIRECTION('',(0.0,0.0,1.0));
#13814=DIRECTION('',(1.0,0.0,0.0));
#13815=DIRECTION('',(0.0,-1.689733298762E-17,-1.0));
#13816=CARTESIAN_POINT('',(-3.75,3.85,6.25));
#13817=DIRECTION('',(-7.32805005375543E-33,1.689733298762E-17,1.0));
#13818=DIRECTION('',(-1.0,-4.33680868994202E-16,0.0));
#13819=CARTESIAN_POINT('',(-3.75,3.85,6.25));
#13820=DIRECTION('',(-7.32805005375543E-33,1.689733298762E-17,1.0));
#13821=DIRECTION('',(-1.0,-4.33680868994202E-16,0.0));
#13822=DIRECTION('',(0.0,-1.0,0.0));
#13823=DIRECTION('',(0.0,0.0,1.0));
#13824=DIRECTION('',(-0.0,-0.707106781186547,0.707106781186548));
#13825=DIRECTION('',(-2.70245161958058E-16,1.0,0.0));
#13826=DIRECTION('',(1.65761450452256E-16,-0.707106781186547,-0.707106781186548));
#13827=DIRECTION('',(0.0,0.0,1.0));
#13828=DIRECTION('',(2.34422091348218E-16,-1.0,0.0));
#13829=DIRECTION('',(0.0,0.0,1.0));
#13830=DIRECTION('',(0.0,-1.0,0.0));
#13831=DIRECTION('',(0.0,0.0,1.0));
#13832=DIRECTION('',(-2.74904960163348E-16,1.0,-2.89343261911922E-18));
#13833=DIRECTION('',(0.0,-1.689733298762E-17,-1.0));
#13834=DIRECTION('',(-4.31186354395493E-16,1.0,-2.89343261911921E-18));
#13835=DIRECTION('',(-0.0,1.689733298762E-17,1.0));
#13836=DIRECTION('',(-4.31186354395493E-16,1.0,-2.89343261911921E-18));
#13837=DIRECTION('',(-0.0,1.689733298762E-17,1.0));
#13838=DIRECTION('',(-2.74904960163348E-16,1.0,-2.89343261911922E-18));
#13839=DIRECTION('',(2.70245161958058E-16,-1.0,1.25862161921175E-17));
#13840=DIRECTION('',(-2.74904960163348E-16,1.0,-2.89343261911922E-18));
#13841=DIRECTION('',(2.70245161958058E-16,-1.0,1.25862161921175E-17));
#13842=DIRECTION('',(-2.74904960163348E-16,1.0,-2.89343261911922E-18));
#13843=DIRECTION('',(2.70245161958058E-16,-1.0,1.25862161921175E-17));
#13844=DIRECTION('',(-0.707106781186552,1.85046185100479E-15,0.707106781186544));
#13845=CARTESIAN_POINT('',(-2.5,-7.65,10.8431416529423));
#13846=DIRECTION('',(5.6302533856973E-16,-1.0,2.89120579329468E-15));
#13847=DIRECTION('',(0.0,-2.89120579329468E-15,-1.0));
#13848=DIRECTION('',(-0.707106781186547,-2.64010997094998E-15,-0.707106781186549));
#13849=DIRECTION('',(3.09648140461862E-16,-3.17531378670946E-15,-1.0));
#13850=DIRECTION('',(-1.0,-5.58365540364439E-16,-1.83880688453541E-16));
#13851=DIRECTION('',(2.01227923213312E-16,-3.17531378670946E-15,-1.0));
#13852=DIRECTION('',(1.0,5.58365540364439E-16,1.83880688453541E-16));
#13853=DIRECTION('',(-3.66215210330671E-16,3.17531378670946E-15,1.0));
#13854=DIRECTION('',(-1.0,-5.58365540364439E-16,-1.83880688453541E-16));
#13855=DIRECTION('',(-3.21694831267256E-16,3.17531378670946E-15,1.0));
#13856=CARTESIAN_POINT('',(-2.5,-7.35,10.8431416529423));
#13857=DIRECTION('',(5.63025338569732E-16,-1.0,2.89120579329468E-15));
#13858=DIRECTION('',(5.78241158658936E-15,-2.89120579329468E-15,-1.0));
#13859=DIRECTION('',(-0.707106781186552,1.85046185100479E-15,0.707106781186544));
#13860=DIRECTION('',(-3.21694831267256E-16,3.17531378670946E-15,1.0));
#13861=DIRECTION('',(-1.0,-5.58365540364439E-16,-1.83880688453541E-16));
#13862=DIRECTION('',(-3.66215210330671E-16,3.17531378670946E-15,1.0));
#13863=DIRECTION('',(1.0,5.58365540364439E-16,1.83880688453541E-16));
#13864=DIRECTION('',(2.01227923213312E-16,-3.17531378670946E-15,-1.0));
#13865=DIRECTION('',(-1.0,-5.58365540364439E-16,-1.83880688453541E-16));
#13866=DIRECTION('',(3.09648140461862E-16,-3.17531378670946E-15,-1.0));
#13867=DIRECTION('',(-0.707106781186547,-2.64010997094998E-15,-0.707106781186549));
#13868=DIRECTION('',(5.6302533856973E-16,-1.0,3.16130988634096E-15));
#13869=DIRECTION('',(5.6302533856973E-16,-1.0,3.16130988634096E-15));
#13870=DIRECTION('',(5.6302533856973E-16,-1.0,3.16130988634096E-15));
#13871=DIRECTION('',(5.6302533856973E-16,-1.0,3.16130988634096E-15));
#13872=DIRECTION('',(5.6302533856973E-16,-1.0,3.16130988634096E-15));
#13873=DIRECTION('',(5.6302533856973E-16,-1.0,3.16130988634096E-15));
#13874=DIRECTION('',(1.0,4.31186354395493E-16,2.01227923213309E-16));
#13875=DIRECTION('',(-5.63025338569731E-16,1.0,3.30173474768427E-16));
#13876=DIRECTION('',(1.0,5.58365540364439E-16,1.83880688453541E-16));
#13877=DIRECTION('',(3.98038051452371E-16,-1.0,-3.30173474768427E-16));
#13878=DIRECTION('',(1.83880688453541E-16,-2.89343261911913E-18,-1.0));
#13879=CARTESIAN_POINT('',(-1.6,-7.05,5.45));
#13880=DIRECTION('',(1.0,7.2280144832367E-16,1.83880688453542E-16));
#13881=DIRECTION('',(-7.2280144832367E-16,1.0,-1.51100298277212E-47));
#13882=CARTESIAN_POINT('',(-1.6,-7.05,5.45));
#13883=DIRECTION('',(1.0,7.2280144832367E-16,1.83880688453542E-16));
#13884=DIRECTION('',(7.2280144832367E-16,-1.0,1.51100298277212E-47));
#13885=DIRECTION('',(3.98038051452371E-16,-1.0,-3.30173474768427E-16));
#13886=DIRECTION('',(-5.63025338569731E-16,1.0,3.30173474768427E-16));
#13887=DIRECTION('',(1.0,4.31186354395493E-16,2.01227923213309E-16));
#13888=DIRECTION('',(1.0,5.58365540364439E-16,1.83880688453541E-16));
#13889=DIRECTION('',(-1.83880688453541E-16,2.89343261911913E-18,1.0));
#13890=CARTESIAN_POINT('',(-3.4,-7.05,5.45));
#13891=DIRECTION('',(-1.0,-7.2280144832367E-16,-1.83880688453542E-16));
#13892=DIRECTION('',(7.2280144832367E-16,-1.0,1.51100298277212E-47));
#13893=CARTESIAN_POINT('',(-3.4,-7.05,5.45));
#13894=DIRECTION('',(-1.0,-0.0,-1.83880688453542E-16));
#13895=DIRECTION('',(0.0,-1.0,0.0));
#13896=DIRECTION('',(5.6302533856973E-16,-1.0,3.16130988634096E-15));
#13897=DIRECTION('',(-0.707106781186552,1.8639548330716E-15,0.707106781186544));
#13898=CARTESIAN_POINT('',(2.5,-7.65,10.8431416529423));
#13899=DIRECTION('',(5.43943380333986E-16,-1.0,2.89120579329468E-15));
#13900=DIRECTION('',(1.44560289664734E-15,-2.89120579329468E-15,-1.0));
#13901=DIRECTION('',(-0.707106781186547,-2.62661698888316E-15,-0.707106781186549));
#13902=DIRECTION('',(2.09034178855207E-16,-3.17531378670946E-15,-1.0));
#13903=DIRECTION('',(-1.0,-5.39283582128695E-16,-8.32667268468868E-17));
#13904=DIRECTION('',(1.00613961606657E-16,-3.17531378670946E-15,-1.0));
#13905=DIRECTION('',(1.0,5.39283582128695E-16,8.32667268468868E-17));
#13906=DIRECTION('',(-2.65601248724016E-16,3.17531378670946E-15,1.0));
#13907=DIRECTION('',(-1.0,-5.39283582128695E-16,-8.32667268468868E-17));
#13908=DIRECTION('',(-2.21080869660601E-16,3.17531378670946E-15,1.0));
#13909=CARTESIAN_POINT('',(2.5,-7.35,10.8431416529423));
#13910=DIRECTION('',(5.43943380333986E-16,-1.0,2.89120579329468E-15));
#13911=DIRECTION('',(1.44560289664734E-15,-2.89120579329468E-15,-1.0));
#13912=DIRECTION('',(-0.707106781186552,1.8639548330716E-15,0.707106781186544));
#13913=DIRECTION('',(-2.21080869660601E-16,3.17531378670946E-15,1.0));
#13914=DIRECTION('',(-1.0,-5.39283582128695E-16,-8.32667268468868E-17));
#13915=DIRECTION('',(-2.65601248724016E-16,3.17531378670946E-15,1.0));
#13916=DIRECTION('',(1.0,5.39283582128695E-16,8.32667268468868E-17));
#13917=DIRECTION('',(1.00613961606657E-16,-3.17531378670946E-15,-1.0));
#13918=DIRECTION('',(-1.0,-5.39283582128695E-16,-8.32667268468868E-17));
#13919=DIRECTION('',(2.09034178855207E-16,-3.17531378670946E-15,-1.0));
#13920=DIRECTION('',(-0.707106781186547,-2.62661698888316E-15,-0.707106781186549));
#13921=DIRECTION('',(5.43943380333986E-16,-1.0,3.16130988634096E-15));
#13922=DIRECTION('',(5.43943380333986E-16,-1.0,3.16130988634096E-15));
#13923=DIRECTION('',(5.43943380333986E-16,-1.0,3.16130988634096E-15));
#13924=DIRECTION('',(5.43943380333986E-16,-1.0,3.16130988634096E-15));
#13925=DIRECTION('',(5.43943380333986E-16,-1.0,3.16130988634096E-15));
#13926=DIRECTION('',(5.43943380333986E-16,-1.0,3.16130988634096E-15));
#13927=DIRECTION('',(1.0,4.31186354395493E-16,1.00613961606655E-16));
#13928=DIRECTION('',(-5.43943380333986E-16,1.0,3.30173474768427E-16));
#13929=DIRECTION('',(1.0,5.39283582128695E-16,8.32667268468868E-17));
#13930=DIRECTION('',(3.78956093216626E-16,-1.0,-3.30173474768427E-16));
#13931=DIRECTION('',(8.32667268468867E-17,-2.89343261911918E-18,-1.0));
#13932=CARTESIAN_POINT('',(3.4,-7.05,5.45));
#13933=DIRECTION('',(1.0,-0.0,8.32667268468868E-17));
#13934=DIRECTION('',(0.0,1.0,0.0));
#13935=CARTESIAN_POINT('',(3.4,-7.05,5.45));
#13936=DIRECTION('',(1.0,7.2280144832367E-16,8.32667268468868E-17));
#13937=DIRECTION('',(7.2280144832367E-16,-1.0,6.84227765783603E-48));
#13938=DIRECTION('',(3.78956093216626E-16,-1.0,-3.30173474768427E-16));
#13939=DIRECTION('',(-5.43943380333986E-16,1.0,3.30173474768427E-16));
#13940=DIRECTION('',(1.0,4.31186354395493E-16,1.00613961606655E-16));
#13941=DIRECTION('',(1.0,5.39283582128695E-16,8.32667268468868E-17));
#13942=DIRECTION('',(-8.32667268468868E-17,2.89343261911918E-18,1.0));
#13943=CARTESIAN_POINT('',(1.6,-7.05,5.45));
#13944=DIRECTION('',(-1.0,-7.2280144832367E-16,-8.32667268468868E-17));
#13945=DIRECTION('',(7.2280144832367E-16,-1.0,6.84227765783603E-48));
#13946=CARTESIAN_POINT('',(1.6,-7.05,5.45));
#13947=DIRECTION('',(-1.0,-7.2280144832367E-16,-8.32667268468868E-17));
#13948=DIRECTION('',(7.2280144832367E-16,-1.0,6.84227765783603E-48));
#13949=DIRECTION('',(5.43943380333986E-16,-1.0,3.16130988634096E-15));
#13950=DIRECTION('',(-0.707106781186554,1.86763473727163E-15,0.707106781186542));
#13951=CARTESIAN_POINT('',(2.5,-10.15,10.8431416529423));
#13952=DIRECTION('',(5.40004162163794E-16,-1.0,5.78241158658935E-15));
#13953=DIRECTION('',(-7.2280144832367E-15,-5.78241158658936E-15,-1.0));
#13954=DIRECTION('',(-0.707106781186547,-2.62293708468312E-15,-0.707106781186549));
#13955=DIRECTION('',(2.17611422708648E-16,-3.17531378670946E-15,-1.0));
#13956=DIRECTION('',(-1.0,-5.34079411700764E-16,-1.35308431126191E-16));
#13957=DIRECTION('',(4.06756515044162E-17,-3.17531378670946E-15,-1.0));
#13958=DIRECTION('',(1.0,5.34079411700764E-16,1.35308431126191E-16));
#13959=DIRECTION('',(-1.19732059914818E-16,3.17531378670946E-15,1.0));
#13960=DIRECTION('',(-1.0,-5.34079411700764E-16,-1.35308431126191E-16));
#13961=DIRECTION('',(-2.17611422708648E-16,3.17531378670946E-15,1.0));
#13962=CARTESIAN_POINT('',(2.5,-9.85,10.8431416529423));
#13963=DIRECTION('',(5.40004162163771E-16,-1.0,5.78241158658936E-15));
#13964=DIRECTION('',(1.44560289664734E-15,-5.78241158658936E-15,-1.0));
#13965=DIRECTION('',(-0.707106781186554,1.86763473727163E-15,0.707106781186542));
#13966=DIRECTION('',(-2.17611422708648E-16,3.17531378670946E-15,1.0));
#13967=DIRECTION('',(-1.0,-5.34079411700764E-16,-1.35308431126191E-16));
#13968=DIRECTION('',(-1.19732059914818E-16,3.17531378670946E-15,1.0));
#13969=DIRECTION('',(1.0,5.34079411700764E-16,1.35308431126191E-16));
#13970=DIRECTION('',(4.06756515044162E-17,-3.17531378670946E-15,-1.0));
#13971=DIRECTION('',(-1.0,-5.34079411700764E-16,-1.35308431126191E-16));
#13972=DIRECTION('',(2.17611422708648E-16,-3.17531378670946E-15,-1.0));
#13973=DIRECTION('',(-0.707106781186547,-2.62293708468312E-15,-0.707106781186549));
#13974=DIRECTION('',(5.40004162163775E-16,-1.0,3.14955051754421E-15));
#13975=DIRECTION('',(5.40004162163775E-16,-1.0,3.14955051754421E-15));
#13976=DIRECTION('',(5.40004162163775E-16,-1.0,3.14955051754421E-15));
#13977=DIRECTION('',(5.40004162163775E-16,-1.0,3.14955051754421E-15));
#13978=DIRECTION('',(5.40004162163775E-16,-1.0,3.14955051754421E-15));
#13979=DIRECTION('',(5.40004162163775E-16,-1.0,3.14955051754421E-15));
#13980=DIRECTION('',(1.0,4.31186354395493E-16,9.71445146547012E-17));
#13981=DIRECTION('',(-5.96473025314062E-16,1.0,3.41932843565173E-16));
#13982=DIRECTION('',(1.0,5.34079411700764E-16,1.35308431126191E-16));
#13983=DIRECTION('',(5.1741661690366E-16,-1.0,-3.41932843565173E-16));
#13984=DIRECTION('',(1.35308431126191E-16,-2.89343261911916E-18,-1.0));
#13985=CARTESIAN_POINT('',(3.4,-9.55,2.95000000000004));
#13986=DIRECTION('',(1.0,-0.0,1.35308431126191E-16));
#13987=DIRECTION('',(0.0,1.0,0.0));
#13988=CARTESIAN_POINT('',(3.4,-9.55,2.95000000000004));
#13989=DIRECTION('',(1.0,7.2280144832367E-16,1.35308431126191E-16));
#13990=DIRECTION('',(7.2280144832367E-16,-1.0,1.11187011939835E-47));
#13991=DIRECTION('',(5.1741661690366E-16,-1.0,-3.41932843565173E-16));
#13992=DIRECTION('',(-5.96473025314062E-16,1.0,3.41932843565173E-16));
#13993=DIRECTION('',(1.0,4.31186354395493E-16,9.71445146547012E-17));
#13994=DIRECTION('',(1.0,5.34079411700764E-16,1.35308431126191E-16));
#13995=DIRECTION('',(-1.35308431126191E-16,2.89343261911916E-18,1.0));
#13996=CARTESIAN_POINT('',(1.6,-9.55,2.95000000000004));
#13997=DIRECTION('',(-1.0,-3.61400724161835E-16,-1.35308431126191E-16));
#13998=DIRECTION('',(3.61400724161835E-16,-1.0,7.2280144832367E-16));
#13999=CARTESIAN_POINT('',(1.6,-9.55,2.95000000000004));
#14000=DIRECTION('',(-1.0,-7.2280144832367E-16,-1.35308431126191E-16));
#14001=DIRECTION('',(7.2280144832367E-16,-1.0,1.11187011939835E-47));
#14002=DIRECTION('',(5.40004162163775E-16,-1.0,3.14955051754421E-15));
#14003=DIRECTION('',(-0.707106781186553,1.82149778521765E-15,0.707106781186542));
#14004=CARTESIAN_POINT('',(-2.5,-10.15,10.8431416529423));
#14005=DIRECTION('',(5.99326915022078E-16,-1.0,5.78241158658935E-15));
#14006=DIRECTION('',(-7.2280144832367E-15,-5.78241158658936E-15,-1.0));
#14007=DIRECTION('',(-0.707106781186547,-2.6690740367371E-15,-0.707106781186549));
#14008=DIRECTION('',(2.31489210516462E-16,-3.17531378670946E-15,-1.0));
#14009=DIRECTION('',(-1.0,-5.99326915022059E-16,-1.11022302462516E-16));
#14010=DIRECTION('',(5.45534393122309E-17,-3.17531378670946E-15,-1.0));
#14011=DIRECTION('',(1.0,5.99326915022059E-16,1.11022302462516E-16));
#14012=DIRECTION('',(-1.33609847722632E-16,3.17531378670946E-15,1.0));
#14013=DIRECTION('',(-1.0,-5.99326915022059E-16,-1.11022302462516E-16));
#14014=DIRECTION('',(-2.31489210516462E-16,3.17531378670946E-15,1.0));
#14015=CARTESIAN_POINT('',(-2.5,-9.85,10.8431416529423));
#14016=DIRECTION('',(5.99326915022078E-16,-1.0,5.78241158658935E-15));
#14017=DIRECTION('',(-7.2280144832367E-15,-5.78241158658936E-15,-1.0));
#14018=DIRECTION('',(-0.707106781186553,1.82149778521765E-15,0.707106781186542));
#14019=DIRECTION('',(-2.31489210516462E-16,3.17531378670946E-15,1.0));
#14020=DIRECTION('',(-1.0,-5.99326915022059E-16,-1.11022302462516E-16));
#14021=DIRECTION('',(-1.33609847722632E-16,3.17531378670946E-15,1.0));
#14022=DIRECTION('',(1.0,5.99326915022059E-16,1.11022302462516E-16));
#14023=DIRECTION('',(5.45534393122309E-17,-3.17531378670946E-15,-1.0));
#14024=DIRECTION('',(-1.0,-5.99326915022059E-16,-1.11022302462516E-16));
#14025=DIRECTION('',(2.31489210516462E-16,-3.17531378670946E-15,-1.0));
#14026=DIRECTION('',(-0.707106781186547,-2.6690740367371E-15,-0.707106781186549));
#14027=DIRECTION('',(5.99326915022059E-16,-1.0,3.17531378670946E-15));
#14028=DIRECTION('',(5.99326915022059E-16,-1.0,3.17531378670946E-15));
#14029=DIRECTION('',(5.99326915022059E-16,-1.0,3.17531378670946E-15));
#14030=DIRECTION('',(5.99326915022059E-16,-1.0,3.17531378670946E-15));
#14031=DIRECTION('',(5.99326915022059E-16,-1.0,3.17531378670946E-15));
#14032=DIRECTION('',(5.99326915022059E-16,-1.0,3.17531378670946E-15));
#14033=DIRECTION('',(1.0,4.31186354395493E-16,1.11022302462516E-16));
#14034=DIRECTION('',(-6.55795778172346E-16,1.0,3.16169574399926E-16));
#14035=DIRECTION('',(1.0,5.99326915022059E-16,1.11022302462516E-16));
#14036=DIRECTION('',(5.76739369761944E-16,-1.0,-3.16169574399926E-16));
#14037=DIRECTION('',(1.11022302462516E-16,-2.89343261911917E-18,-1.0));
#14038=CARTESIAN_POINT('',(-1.6,-9.55,2.95000000000004));
#14039=DIRECTION('',(1.0,7.2280144832367E-16,1.11022302462516E-16));
#14040=DIRECTION('',(-7.2280144832367E-16,1.0,-9.12303687711469E-48));
#14041=CARTESIAN_POINT('',(-1.6,-9.55,2.95000000000004));
#14042=DIRECTION('',(1.0,7.2280144832367E-16,1.11022302462516E-16));
#14043=DIRECTION('',(7.2280144832367E-16,-1.0,9.12303687711469E-48));
#14044=DIRECTION('',(5.76739369761944E-16,-1.0,-3.16169574399926E-16));
#14045=DIRECTION('',(-6.55795778172346E-16,1.0,3.16169574399926E-16));
#14046=DIRECTION('',(1.0,4.31186354395493E-16,1.11022302462516E-16));
#14047=DIRECTION('',(1.0,5.99326915022059E-16,1.11022302462516E-16));
#14048=DIRECTION('',(-1.11022302462516E-16,2.89343261911917E-18,1.0));
#14049=CARTESIAN_POINT('',(-3.4,-9.55,2.95000000000004));
#14050=DIRECTION('',(-1.0,-7.2280144832367E-16,-1.11022302462515E-16));
#14051=DIRECTION('',(7.2280144832367E-16,-1.0,7.2280144832367E-16));
#14052=CARTESIAN_POINT('',(-3.4,-9.55,2.95000000000004));
#14053=DIRECTION('',(-1.0,-0.0,-1.11022302462516E-16));
#14054=DIRECTION('',(0.0,-1.0,0.0));
#14055=DIRECTION('',(5.99326915022059E-16,-1.0,3.17531378670946E-15));
#14056=DIRECTION('',(-0.707106781186552,1.86518146780495E-15,0.707106781186544));
#14057=CARTESIAN_POINT('',(3.77592192993068E-15,-7.65,10.6931416529423));
#14058=DIRECTION('',(5.42208656858008E-16,-1.0,2.89120579329468E-15));
#14059=DIRECTION('',(-3.45209971719384E-15,-2.89120579329468E-15,-1.0));
#14060=DIRECTION('',(-0.707106781186547,-2.62539035414982E-15,-0.707106781186549));
#14061=DIRECTION('',(2.12772807036191E-16,-3.17531378670946E-15,-1.0));
#14062=DIRECTION('',(-1.0,-5.37548858652718E-16,-7.35379781093838E-17));
#14063=DIRECTION('',(1.00613961606656E-16,-3.17531378670946E-15,-1.0));
#14064=DIRECTION('',(1.0,5.37548858652718E-16,7.35379781093838E-17));
#14065=DIRECTION('',(-2.65601248724016E-16,3.17531378670946E-15,1.0));
#14066=DIRECTION('',(-1.0,-5.37548858652718E-16,-7.35379781093838E-17));
#14067=DIRECTION('',(-2.25234900972806E-16,3.17531378670946E-15,1.0));
#14068=CARTESIAN_POINT('',(3.61325933287328E-15,-7.35,10.6931416529423));
#14069=DIRECTION('',(5.42208656858008E-16,-1.0,2.89120579329468E-15));
#14070=DIRECTION('',(-3.45209971719384E-15,-2.89120579329468E-15,-1.0));
#14071=DIRECTION('',(-0.707106781186552,1.86518146780495E-15,0.707106781186544));
#14072=DIRECTION('',(-2.25234900972806E-16,3.17531378670946E-15,1.0));
#14073=DIRECTION('',(-1.0,-5.37548858652718E-16,-7.35379781093838E-17));
#14074=DIRECTION('',(-2.65601248724016E-16,3.17531378670946E-15,1.0));
#14075=DIRECTION('',(1.0,5.37548858652718E-16,7.35379781093838E-17));
#14076=DIRECTION('',(1.00613961606656E-16,-3.17531378670946E-15,-1.0));
#14077=DIRECTION('',(-1.0,-5.37548858652718E-16,-7.35379781093838E-17));
#14078=DIRECTION('',(2.12772807036191E-16,-3.17531378670946E-15,-1.0));
#14079=DIRECTION('',(-0.707106781186547,-2.62539035414982E-15,-0.707106781186549));
#14080=DIRECTION('',(5.42208656858009E-16,-1.0,3.17020218717348E-15));
#14081=DIRECTION('',(5.42208656858009E-16,-1.0,3.17020218717348E-15));
#14082=DIRECTION('',(5.42208656858009E-16,-1.0,3.17020218717348E-15));
#14083=DIRECTION('',(5.42208656858009E-16,-1.0,3.17020218717348E-15));
#14084=DIRECTION('',(5.42208656858009E-16,-1.0,3.17020218717348E-15));
#14085=DIRECTION('',(5.42208656858009E-16,-1.0,3.17020218717348E-15));
#14086=DIRECTION('',(1.0,4.31186354395493E-16,1.00613961606655E-16));
#14087=DIRECTION('',(-5.42208656858009E-16,1.0,3.21281173935908E-16));
#14088=DIRECTION('',(1.0,5.37548858652718E-16,7.35379781093838E-17));
#14089=DIRECTION('',(3.7722136974065E-16,-1.0,-3.21281173935908E-16));
#14090=DIRECTION('',(7.35379781093837E-17,-2.89343261911918E-18,-1.0));
#14091=CARTESIAN_POINT('',(0.9,-7.05,5.45));
#14092=DIRECTION('',(1.0,7.2280144832367E-16,7.35379781093838E-17));
#14093=DIRECTION('',(-7.2280144832367E-16,1.0,-6.04283708119703E-48));
#14094=CARTESIAN_POINT('',(0.9,-7.05,5.45));
#14095=DIRECTION('',(1.0,5.42101086242752E-16,7.35379781093838E-17));
#14096=DIRECTION('',(5.42101086242752E-16,-1.0,0.0));
#14097=DIRECTION('',(3.7722136974065E-16,-1.0,-3.21281173935908E-16));
#14098=DIRECTION('',(-5.42208656858009E-16,1.0,3.21281173935908E-16));
#14099=DIRECTION('',(1.0,4.31186354395493E-16,1.00613961606655E-16));
#14100=DIRECTION('',(1.0,5.37548858652718E-16,7.35379781093838E-17));
#14101=DIRECTION('',(-7.35379781093838E-17,2.89343261911918E-18,1.0));
#14102=CARTESIAN_POINT('',(-0.9,-7.05,5.45));
#14103=DIRECTION('',(-1.0,-5.42101086242752E-16,-7.35379781093838E-17));
#14104=DIRECTION('',(5.42101086242752E-16,-1.0,0.0));
#14105=CARTESIAN_POINT('',(-0.9,-7.05,5.45));
#14106=DIRECTION('',(-1.0,-7.2280144832367E-16,-7.35379781093838E-17));
#14107=DIRECTION('',(7.2280144832367E-16,-1.0,6.04283708119703E-48));
#14108=DIRECTION('',(5.42208656858009E-16,-1.0,3.17020218717348E-15));
#14109=DIRECTION('',(-0.70710678118655,1.95134398147953E-15,0.707106781186545));
#14110=CARTESIAN_POINT('',(6.63190046144258E-15,-10.15,10.6931416529423));
#14111=DIRECTION('',(6.80986534936144E-16,-1.0,5.78241158658936E-15));
#14112=DIRECTION('',(3.63377711248122E-15,-5.78241158658936E-15,-1.0));
#14113=DIRECTION('',(-0.707106781186545,-2.79005749075859E-15,-0.70710678118655));
#14114=DIRECTION('',(2.05684373046872E-16,-3.35267713334746E-15,-1.0));
#14115=DIRECTION('',(-1.0,-5.93060009883976E-16,-6.59194920871187E-17));
#14116=DIRECTION('',(2.45945705304358E-17,-3.35267713334746E-15,-1.0));
#14117=DIRECTION('',(1.0,5.93060009883976E-16,6.59194920871187E-17));
#14118=DIRECTION('',(-1.03650978940837E-16,3.35267713334746E-15,1.0));
#14119=DIRECTION('',(-1.0,-5.93060009883976E-16,-6.59194920871187E-17));
#14120=DIRECTION('',(-2.05684373046872E-16,3.35267713334746E-15,1.0));
#14121=CARTESIAN_POINT('',(6.42760450096174E-15,-9.85,10.6931416529423));
#14122=DIRECTION('',(6.80986534936144E-16,-1.0,5.78241158658936E-15));
#14123=DIRECTION('',(3.63377711248123E-15,-5.78241158658936E-15,-1.0));
#14124=DIRECTION('',(-0.70710678118655,1.95134398147953E-15,0.707106781186545));
#14125=DIRECTION('',(-2.05684373046872E-16,3.35267713334746E-15,1.0));
#14126=DIRECTION('',(-1.0,-5.93060009883976E-16,-6.59194920871187E-17));
#14127=DIRECTION('',(-1.03650978940837E-16,3.35267713334746E-15,1.0));
#14128=DIRECTION('',(1.0,5.93060009883976E-16,6.59194920871187E-17));
#14129=DIRECTION('',(2.45945705304358E-17,-3.35267713334746E-15,-1.0));
#14130=DIRECTION('',(-1.0,-5.93060009883976E-16,-6.59194920871187E-17));
#14131=DIRECTION('',(2.05684373046872E-16,-3.35267713334746E-15,-1.0));
#14132=DIRECTION('',(-0.707106781186545,-2.79005749075859E-15,-0.70710678118655));
#14133=DIRECTION('',(6.80986534936153E-16,-1.0,3.34172112784255E-15));
#14134=DIRECTION('',(6.80986534936153E-16,-1.0,3.34172112784255E-15));
#14135=DIRECTION('',(6.80986534936153E-16,-1.0,3.34172112784255E-15));
#14136=DIRECTION('',(6.80986534936153E-16,-1.0,3.34172112784255E-15));
#14137=DIRECTION('',(6.80986534936153E-16,-1.0,3.34172112784255E-15));
#14138=DIRECTION('',(6.80986534936153E-16,-1.0,3.34172112784255E-15));
#14139=DIRECTION('',(1.0,4.31186354395493E-16,8.10634336807202E-17));
#14140=DIRECTION('',(-7.3745539808644E-16,1.0,1.4976223326684E-16));
#14141=DIRECTION('',(1.0,5.93060009883976E-16,6.59194920871187E-17));
#14142=DIRECTION('',(6.58398989676039E-16,-1.0,-1.4976223326684E-16));
#14143=DIRECTION('',(6.59194920871187E-17,-2.89343261911919E-18,-1.0));
#14144=CARTESIAN_POINT('',(0.9,-9.55,2.95000000000004));
#14145=DIRECTION('',(1.0,7.2280144832367E-16,6.59194920871187E-17));
#14146=DIRECTION('',(-7.2280144832367E-16,1.0,-5.41680314578685E-48));
#14147=CARTESIAN_POINT('',(0.9,-9.55,2.95000000000004));
#14148=DIRECTION('',(1.0,7.2280144832367E-16,6.59194920871187E-17));
#14149=DIRECTION('',(7.2280144832367E-16,-1.0,5.41680314578685E-48));
#14150=DIRECTION('',(6.58398989676039E-16,-1.0,-1.4976223326684E-16));
#14151=DIRECTION('',(-7.3745539808644E-16,1.0,1.4976223326684E-16));
#14152=DIRECTION('',(1.0,4.31186354395493E-16,8.10634336807202E-17));
#14153=DIRECTION('',(1.0,5.93060009883976E-16,6.59194920871187E-17));
#14154=DIRECTION('',(-6.59194920871187E-17,2.89343261911919E-18,1.0));
#14155=CARTESIAN_POINT('',(-0.9,-9.55,2.95000000000004));
#14156=DIRECTION('',(-1.0,-7.2280144832367E-16,-6.59194920871187E-17));
#14157=DIRECTION('',(7.2280144832367E-16,-1.0,5.41680314578685E-48));
#14158=CARTESIAN_POINT('',(-0.9,-9.55,2.95000000000004));
#14159=DIRECTION('',(-1.0,-7.2280144832367E-16,-6.59194920871187E-17));
#14160=DIRECTION('',(7.2280144832367E-16,-1.0,5.41680314578685E-48));
#14161=DIRECTION('',(6.80986534936153E-16,-1.0,3.34172112784255E-15));
#14162=DIRECTION('',(1.0,2.89120579329468E-16,-3.46944695195361E-17));
#14163=DIRECTION('',(-1.0,-1.44560289664734E-16,3.46944695195361E-17));
#14164=CARTESIAN_POINT('',(3.95,-1.65,6.25));
#14165=DIRECTION('',(-2.07293355605263E-17,0.0,1.0));
#14166=DIRECTION('',(0.0,1.0,0.0));
#14167=DIRECTION('',(7.14127830943786E-16,-1.0,1.38777878078144E-17));
#14168=CARTESIAN_POINT('',(3.95,-1.85,6.25));
#14169=DIRECTION('',(-2.07293355605263E-17,0.0,1.0));
#14170=DIRECTION('',(0.0,1.0,0.0));
#14171=DIRECTION('',(-1.0,-2.89120579329468E-16,3.46944695195361E-17));
#14172=DIRECTION('',(1.0,1.44560289664734E-16,-3.46944695195361E-17));
#14173=CARTESIAN_POINT('',(-3.95,1.65,6.25));
#14174=DIRECTION('',(-2.07293355605263E-17,0.0,1.0));
#14175=DIRECTION('',(0.0,1.0,0.0));
#14176=DIRECTION('',(-7.14127830943786E-16,1.0,-1.38777878078144E-17));
#14177=CARTESIAN_POINT('',(-3.95,1.85,6.25));
#14178=DIRECTION('',(-2.07293355605263E-17,0.0,1.0));
#14179=DIRECTION('',(0.0,1.0,0.0));
#14180=DIRECTION('',(1.0,-2.89120579329468E-16,-3.46944695195361E-17));
#14181=CARTESIAN_POINT('',(3.95,1.85,6.25));
#14182=DIRECTION('',(-2.07293355605263E-17,0.0,1.0));
#14183=DIRECTION('',(0.0,1.0,0.0));
#14184=DIRECTION('',(7.31475065703554E-16,1.0,-1.38777878078145E-17));
#14185=CARTESIAN_POINT('',(3.95,1.65,6.25));
#14186=DIRECTION('',(-2.07293355605263E-17,0.0,1.0));
#14187=DIRECTION('',(0.0,1.0,0.0));
#14188=DIRECTION('',(-1.0,1.44560289664734E-16,3.46944695195361E-17));
#14189=DIRECTION('',(-1.0,2.89120579329468E-16,3.46944695195361E-17));
#14190=CARTESIAN_POINT('',(-3.95,-1.85,6.25));
#14191=DIRECTION('',(-2.07293355605263E-17,0.0,1.0));
#14192=DIRECTION('',(0.0,1.0,0.0));
#14193=DIRECTION('',(-7.31475065703554E-16,-1.0,1.38777878078145E-17));
#14194=CARTESIAN_POINT('',(-3.95,-1.65,6.25));
#14195=DIRECTION('',(-2.07293355605263E-17,0.0,1.0));
#14196=DIRECTION('',(0.0,1.0,0.0));
#14197=DIRECTION('',(1.0,-1.44560289664734E-16,-3.46944695195361E-17));
#14198=CARTESIAN_POINT('',(-3.75,-4.4,6.25));
#14199=DIRECTION('',(-2.07293355605263E-17,0.0,1.0));
#14200=DIRECTION('',(0.0,1.0,0.0));
#14201=DIRECTION('',(-1.0,-8.26058798084194E-17,3.46944695195361E-17));
#14202=CARTESIAN_POINT('',(-4.25,-5.75,6.25));
#14203=DIRECTION('',(0.0,1.689733298762E-17,1.0));
#14204=DIRECTION('',(-1.0,0.0,0.0));
#14205=DIRECTION('',(-1.0,-4.26526556190202E-16,1.7347234759768E-17));
#14206=CARTESIAN_POINT('',(4.25,-5.75,6.25));
#14207=DIRECTION('',(-2.93122002150217E-32,1.689733298762E-17,1.0));
#14208=DIRECTION('',(-1.0,-1.73472347597681E-15,0.0));
#14209=DIRECTION('',(-1.0,-8.26058798084194E-17,3.46944695195361E-17));
#14210=CARTESIAN_POINT('',(3.75,-4.4,6.25));
#14211=DIRECTION('',(-2.07293355605263E-17,0.0,1.0));
#14212=DIRECTION('',(0.0,1.0,0.0));
#14213=DIRECTION('',(-1.0,0.0,3.46944695195361E-17));
#14214=CARTESIAN_POINT('',(3.55,-4.4,6.25));
#14215=DIRECTION('',(-2.07293355605263E-17,0.0,1.0));
#14216=DIRECTION('',(0.0,1.0,0.0));
#14217=DIRECTION('',(-1.0,-8.26058798084194E-17,3.46944695195361E-17));
#14218=DIRECTION('',(8.67361737988404E-18,1.0,-1.38777878078145E-17));
#14219=CARTESIAN_POINT('',(1.9,-4.0,6.25));
#14220=DIRECTION('',(-2.07293355605263E-17,0.0,1.0));
#14221=DIRECTION('',(0.0,1.0,0.0));
#14222=DIRECTION('',(-1.0,0.0,3.46944695195361E-17));
#14223=CARTESIAN_POINT('',(1.7,-4.0,6.25));
#14224=DIRECTION('',(-2.07293355605263E-17,0.0,1.0));
#14225=DIRECTION('',(0.0,1.0,0.0));
#14226=DIRECTION('',(-1.0,-8.26058798084194E-17,3.46944695195361E-17));
#14227=CARTESIAN_POINT('',(-1.7,-4.0,6.25));
#14228=DIRECTION('',(-2.07293355605263E-17,0.0,1.0));
#14229=DIRECTION('',(0.0,1.0,0.0));
#14230=DIRECTION('',(1.0,0.0,-3.46944695195361E-17));
#14231=CARTESIAN_POINT('',(-1.9,-4.0,6.25));
#14232=DIRECTION('',(-2.07293355605263E-17,0.0,1.0));
#14233=DIRECTION('',(0.0,1.0,0.0));
#14234=DIRECTION('',(8.67361737988404E-18,1.0,-1.38777878078145E-17));
#14235=DIRECTION('',(-1.0,-8.26058798084194E-17,3.46944695195361E-17));
#14236=CARTESIAN_POINT('',(-3.55,-4.4,6.25));
#14237=DIRECTION('',(-2.07293355605263E-17,0.0,1.0));
#14238=DIRECTION('',(0.0,1.0,0.0));
#14239=DIRECTION('',(1.0,0.0,-3.46944695195361E-17));
#14240=DIRECTION('',(-1.0,0.0,0.0));
#14241=CARTESIAN_POINT('',(0.0,0.0,0.0));
#14242=DIRECTION('',(0.0,0.0,-1.0));
#14243=DIRECTION('',(1.0,0.0,0.0));
#14244=DIRECTION('',(-0.707106781186541,0.707106781186554,0.0));
#14245=CARTESIAN_POINT('',(2.75771644662751,-4.80832611206854,0.0));
#14246=DIRECTION('',(0.0,0.0,-1.0));
#14247=DIRECTION('',(1.0,0.0,0.0));
#14248=DIRECTION('',(-0.707106781186548,-0.707106781186548,0.0));
#14249=DIRECTION('',(1.0,4.26526556190202E-16,-1.7347234759768E-17));
#14250=DIRECTION('',(0.0,-1.689733298762E-17,-1.0));
#14251=DIRECTION('',(1.0,4.26526556190202E-16,-1.7347234759768E-17));
#14252=DIRECTION('',(0.0,-1.689733298762E-17,-1.0));
#14253=DIRECTION('',(-1.0,-4.26526556190202E-16,1.7347234759768E-17));
#14254=DIRECTION('',(0.0,1.689733298762E-17,1.0));
#14255=DIRECTION('',(1.0,4.26526556190202E-16,-1.7347234759768E-17));
#14256=DIRECTION('',(-0.0,1.689733298762E-17,1.0));
#14257=CARTESIAN_POINT('',(3.75,4.4,6.25));
#14258=DIRECTION('',(-2.07293355605263E-17,0.0,1.0));
#14259=DIRECTION('',(0.0,1.0,0.0));
#14260=DIRECTION('',(1.0,-8.26058798084194E-17,-3.46944695195361E-17));
#14261=DIRECTION('',(1.0,-8.26058798084194E-17,-3.46944695195361E-17));
#14262=CARTESIAN_POINT('',(-3.75,4.4,6.25));
#14263=DIRECTION('',(-2.07293355605263E-17,0.0,1.0));
#14264=DIRECTION('',(0.0,1.0,0.0));
#14265=DIRECTION('',(1.0,0.0,-3.46944695195361E-17));
#14266=CARTESIAN_POINT('',(-3.55,4.4,6.25));
#14267=DIRECTION('',(-2.07293355605263E-17,0.0,1.0));
#14268=DIRECTION('',(0.0,1.0,0.0));
#14269=DIRECTION('',(1.0,-8.26058798084194E-17,-3.46944695195361E-17));
#14270=DIRECTION('',(-8.67361737988404E-18,-1.0,1.38777878078145E-17));
#14271=CARTESIAN_POINT('',(-1.9,4.0,6.25));
#14272=DIRECTION('',(-2.07293355605263E-17,0.0,1.0));
#14273=DIRECTION('',(0.0,1.0,0.0));
#14274=DIRECTION('',(1.0,0.0,-3.46944695195361E-17));
#14275=CARTESIAN_POINT('',(-1.7,4.0,6.25));
#14276=DIRECTION('',(-2.07293355605263E-17,0.0,1.0));
#14277=DIRECTION('',(0.0,1.0,0.0));
#14278=DIRECTION('',(1.0,-8.26058798084194E-17,-3.46944695195361E-17));
#14279=CARTESIAN_POINT('',(1.7,4.0,6.25));
#14280=DIRECTION('',(-2.07293355605263E-17,0.0,1.0));
#14281=DIRECTION('',(0.0,1.0,0.0));
#14282=DIRECTION('',(-1.0,0.0,3.46944695195361E-17));
#14283=CARTESIAN_POINT('',(1.9,4.0,6.25));
#14284=DIRECTION('',(-2.07293355605263E-17,0.0,1.0));
#14285=DIRECTION('',(0.0,1.0,0.0));
#14286=DIRECTION('',(-8.67361737988404E-18,-1.0,1.38777878078145E-17));
#14287=DIRECTION('',(1.0,-8.26058798084194E-17,-3.46944695195361E-17));
#14288=CARTESIAN_POINT('',(3.55,4.4,6.25));
#14289=DIRECTION('',(-2.07293355605263E-17,0.0,1.0));
#14290=DIRECTION('',(0.0,1.0,0.0));
#14291=DIRECTION('',(-1.0,0.0,3.46944695195361E-17));
#14292=DIRECTION('',(1.0,4.26526556190202E-16,-1.7347234759768E-17));
#14293=DIRECTION('',(1.0,4.26526556190202E-16,9.10729824887824E-17));
#14294=CARTESIAN_POINT('',(-4.45,-6.2,0.5));
#14295=DIRECTION('',(0.0,-1.689733298762E-17,-1.0));
#14296=DIRECTION('',(1.0,0.0,0.0));
#14297=CARTESIAN_POINT('',(4.45,-6.2,0.5));
#14298=DIRECTION('',(0.0,-1.689733298762E-17,-1.0));
#14299=DIRECTION('',(1.0,0.0,0.0));
#14300=DIRECTION('',(1.0,4.26526556190202E-16,-1.25767452008318E-16));
#14301=CARTESIAN_POINT('',(4.04580398915498,-6.2,0.5));
#14302=DIRECTION('',(0.0,-1.689733298762E-17,-1.0));
#14303=DIRECTION('',(1.0,0.0,0.0));
#14304=CARTESIAN_POINT('',(-4.04580398915498,-6.2,0.5));
#14305=DIRECTION('',(0.0,-1.689733298762E-17,-1.0));
#14306=DIRECTION('',(1.0,0.0,0.0));
#14307=CARTESIAN_POINT('',(-4.45,-6.2,1.1));
#14308=DIRECTION('',(0.0,1.689733298762E-17,1.0));
#14309=DIRECTION('',(-1.0,0.0,0.0));
#14310=DIRECTION('',(-1.0,-4.26526556190202E-16,1.7347234759768E-17));
#14311=CARTESIAN_POINT('',(-4.04580398915498,-6.2,1.1));
#14312=DIRECTION('',(-4.88536670250362E-32,1.689733298762E-17,1.0));
#14313=DIRECTION('',(-1.0,-2.89120579329468E-15,-9.1230368771147E-48));
#14314=CARTESIAN_POINT('',(-4.25,-5.75,1.1));
#14315=DIRECTION('',(-0.0,-1.689733298762E-17,-1.0));
#14316=DIRECTION('',(-1.0,0.0,0.0));
#14317=DIRECTION('',(0.0,-1.689733298762E-17,-1.0));
#14318=DIRECTION('',(0.0,1.689733298762E-17,1.0));
#14319=CARTESIAN_POINT('',(4.04580398915498,-6.2,1.1));
#14320=DIRECTION('',(0.0,1.689733298762E-17,1.0));
#14321=DIRECTION('',(-1.0,0.0,0.0));
#14322=DIRECTION('',(-1.0,-4.26526556190202E-16,1.7347234759768E-17));
#14323=CARTESIAN_POINT('',(4.45,-6.2,1.1));
#14324=DIRECTION('',(0.0,1.689733298762E-17,1.0));
#14325=DIRECTION('',(-1.0,0.0,0.0));
#14326=CARTESIAN_POINT('',(4.25,-5.75,1.1));
#14327=DIRECTION('',(-0.0,-1.689733298762E-17,-1.0));
#14328=DIRECTION('',(-1.0,0.0,0.0));
#14329=DIRECTION('',(-0.0,-1.689733298762E-17,-1.0));
#14330=DIRECTION('',(0.0,1.689733298762E-17,1.0));
#14331=DIRECTION('',(0.866025403784438,0.5,-1.38556065621247E-16));
#14332=DIRECTION('',(0.866025403784438,0.5,-1.38556065621247E-16));
#14333=DIRECTION('',(-0.866025403784438,-0.5,1.38556065621247E-16));
#14334=CARTESIAN_POINT('',(2.36044790219791E-16,-3.07643400453119E-15,-17.5));
#14335=DIRECTION('',(1.19993072676424E-16,6.92780328106235E-17,1.0));
#14336=DIRECTION('',(-0.5,0.866025403784438,1.12054105855257E-32));
#14337=CARTESIAN_POINT('',(-2.0,4.55,-2.2));
#14338=DIRECTION('',(-1.0,0.0,0.0));
#14339=DIRECTION('',(0.0,1.0,0.0));
#14340=CARTESIAN_POINT('',(2.0,4.55,-2.2));
#14341=DIRECTION('',(1.0,0.0,-0.0));
#14342=DIRECTION('',(0.0,0.0,1.0));
#14343=DIRECTION('',(1.0,1.15648231731787E-16,0.0));
#14344=DIRECTION('',(1.0,1.02042557410401E-16,-0.0));
#14345=CARTESIAN_POINT('',(-2.0,-5.95,-2.2));
#14346=DIRECTION('',(-1.0,0.0,0.0));
#14347=DIRECTION('',(0.0,1.0,0.0));
#14348=DIRECTION('',(-1.0,-1.02042557410401E-16,0.0));
#14349=CARTESIAN_POINT('',(-1.0,-5.95,-2.2));
#14350=DIRECTION('',(1.0,0.0,0.0));
#14351=DIRECTION('',(0.0,0.0,-1.0));
#14352=CARTESIAN_POINT('',(2.0,-5.95,-2.2));
#14353=DIRECTION('',(1.0,0.0,0.0));
#14354=DIRECTION('',(0.0,-1.0,0.0));
#14355=DIRECTION('',(1.0,1.02042557410401E-16,-0.0));
#14356=CARTESIAN_POINT('',(1.0,-5.95,-2.2));
#14357=DIRECTION('',(-1.0,0.0,0.0));
#14358=DIRECTION('',(0.0,0.0,1.0));
#14359=DIRECTION('',(-1.0,-1.02042557410401E-16,0.0));
#14360=CARTESIAN_POINT('',(-2.0,-5.95,-1.9));
#14361=DIRECTION('',(1.0,0.0,0.0));
#14362=DIRECTION('',(0.0,1.0,0.0));
#14363=DIRECTION('',(1.0,1.02042557410401E-16,-0.0));
#14364=CARTESIAN_POINT('',(-2.8,-5.95,-1.9));
#14365=DIRECTION('',(-1.0,0.0,0.0));
#14366=DIRECTION('',(0.0,1.0,0.0));
#14367=DIRECTION('',(-1.0,-1.02042557410401E-16,0.0));
#14368=CARTESIAN_POINT('',(2.8,-5.95,-1.9));
#14369=DIRECTION('',(1.0,0.0,-0.0));
#14370=DIRECTION('',(0.0,0.0,1.0));
#14371=DIRECTION('',(1.0,1.02042557410401E-16,-0.0));
#14372=CARTESIAN_POINT('',(2.0,-5.95,-1.9));
#14373=DIRECTION('',(-1.0,0.0,0.0));
#14374=DIRECTION('',(0.0,-1.0,0.0));
#14375=DIRECTION('',(-1.0,-1.02042557410401E-16,0.0));
#14376=CARTESIAN_POINT('',(2.0,4.55,-1.9));
#14377=DIRECTION('',(-1.0,0.0,0.0));
#14378=DIRECTION('',(0.0,0.0,1.0));
#14379=CARTESIAN_POINT('',(2.8,4.55,-1.9));
#14380=DIRECTION('',(1.0,0.0,0.0));
#14381=DIRECTION('',(0.0,-1.0,0.0));
#14382=DIRECTION('',(1.0,1.15648231731787E-16,0.0));
#14383=CARTESIAN_POINT('',(-2.8,4.55,-1.9));
#14384=DIRECTION('',(-1.0,0.0,0.0));
#14385=DIRECTION('',(0.0,1.0,0.0));
#14386=CARTESIAN_POINT('',(-2.0,4.55,-1.9));
#14387=DIRECTION('',(1.0,-0.0,0.0));
#14388=DIRECTION('',(0.0,1.0,0.0));
#14389=DIRECTION('',(1.0,1.15648231731787E-16,0.0));
#14390=CARTESIAN_POINT('',(4.45,-5.75,-1.6));
#14391=DIRECTION('',(-5.78241158658936E-15,1.0,5.78241158658935E-15));
#14392=DIRECTION('',(-1.0,-5.78241158658936E-15,0.0));
#14393=DIRECTION('',(-2.34422091348218E-16,-1.0,-0.0));
#14394=DIRECTION('',(-2.34422091348218E-16,-1.0,-0.0));
#14395=DIRECTION('',(-2.34422091348218E-16,-1.0,-0.0));
#14396=CARTESIAN_POINT('',(4.45,-2.05,-1.6));
#14397=DIRECTION('',(0.0,1.0,-0.0));
#14398=DIRECTION('',(1.0,0.0,0.0));
#14399=CARTESIAN_POINT('',(4.25,-5.95,-1.6));
#14400=DIRECTION('',(1.0,0.0,5.78241158658936E-15));
#14401=DIRECTION('',(5.78241158658936E-15,0.0,-1.0));
#14402=CARTESIAN_POINT('',(4.25,-5.75,-1.9));
#14403=DIRECTION('',(0.0,0.0,-1.0));
#14404=DIRECTION('',(1.0,0.0,0.0));
#14405=CARTESIAN_POINT('',(4.25,-5.75,-1.6));
#14406=DIRECTION('',(0.0,0.0,1.0));
#14407=DIRECTION('',(1.0,0.0,0.0));
#14408=CARTESIAN_POINT('',(2.8,-5.95,-1.6));
#14409=DIRECTION('',(-1.0,0.0,0.0));
#14410=DIRECTION('',(0.0,0.0,1.0));
#14411=DIRECTION('',(-1.0,-1.02042557410401E-16,-0.0));
#14412=DIRECTION('',(1.0,1.02042557410401E-16,0.0));
#14413=CARTESIAN_POINT('',(-4.45,-2.05,-1.6));
#14414=DIRECTION('',(-0.0,1.0,0.0));
#14415=DIRECTION('',(1.0,0.0,0.0));
#14416=DIRECTION('',(-2.34422091348218E-16,1.0,-0.0));
#14417=DIRECTION('',(-2.34422091348218E-16,1.0,-0.0));
#14418=DIRECTION('',(-2.34422091348218E-16,1.0,-0.0));
#14419=CARTESIAN_POINT('',(-4.45,-5.75,-1.6));
#14420=DIRECTION('',(0.0,1.0,0.0));
#14421=DIRECTION('',(0.0,0.0,1.0));
#14422=CARTESIAN_POINT('',(-4.25,-5.95,-1.6));
#14423=DIRECTION('',(-1.0,-5.78241158658936E-15,0.0));
#14424=DIRECTION('',(5.78241158658936E-15,-1.0,0.0));
#14425=CARTESIAN_POINT('',(-4.25,-5.75,-1.6));
#14426=DIRECTION('',(0.0,0.0,1.0));
#14427=DIRECTION('',(1.0,0.0,0.0));
#14428=CARTESIAN_POINT('',(-4.25,-5.75,-1.9));
#14429=DIRECTION('',(0.0,0.0,-1.0));
#14430=DIRECTION('',(1.0,0.0,0.0));
#14431=CARTESIAN_POINT('',(-2.8,-5.95,-1.6));
#14432=DIRECTION('',(1.0,-0.0,0.0));
#14433=DIRECTION('',(0.0,1.0,0.0));
#14434=DIRECTION('',(1.0,1.02042557410401E-16,0.0));
#14435=DIRECTION('',(-1.0,-1.02042557410401E-16,-0.0));
#14436=CARTESIAN_POINT('',(-4.45,3.85,-1.6));
#14437=DIRECTION('',(7.2280144832367E-15,-1.0,7.2280144832367E-15));
#14438=DIRECTION('',(0.0,-7.2280144832367E-15,-1.0));
#14439=DIRECTION('',(-0.0,1.0,-0.0));
#14440=DIRECTION('',(-0.0,1.0,-0.0));
#14441=CARTESIAN_POINT('',(-4.45,2.05,-1.6));
#14442=DIRECTION('',(-0.0,-1.0,-0.0));
#14443=DIRECTION('',(-1.0,0.0,0.0));
#14444=CARTESIAN_POINT('',(-3.75,4.55,-1.6));
#14445=DIRECTION('',(-1.0,0.0,7.2280144832367E-15));
#14446=DIRECTION('',(7.2280144832367E-15,0.0,1.0));
#14447=CARTESIAN_POINT('',(-3.75,3.85,-1.9));
#14448=DIRECTION('',(0.0,0.0,-1.0));
#14449=DIRECTION('',(1.0,0.0,0.0));
#14450=CARTESIAN_POINT('',(-3.75,3.85,-1.9));
#14451=DIRECTION('',(0.0,0.0,-1.0));
#14452=DIRECTION('',(1.0,0.0,0.0));
#14453=CARTESIAN_POINT('',(-2.8,4.55,-1.6));
#14454=DIRECTION('',(1.0,0.0,0.0));
#14455=DIRECTION('',(0.0,1.0,0.0));
#14456=DIRECTION('',(1.0,1.15648231731787E-16,-0.0));
#14457=CARTESIAN_POINT('',(4.45,2.05,-1.6));
#14458=DIRECTION('',(-0.0,-1.0,-0.0));
#14459=DIRECTION('',(-1.0,0.0,0.0));
#14460=DIRECTION('',(-0.0,-1.0,-0.0));
#14461=DIRECTION('',(-0.0,-1.0,-0.0));
#14462=CARTESIAN_POINT('',(4.45,3.85,-1.6));
#14463=DIRECTION('',(0.0,-1.0,0.0));
#14464=DIRECTION('',(0.0,0.0,-1.0));
#14465=CARTESIAN_POINT('',(3.75,4.55,-1.6));
#14466=DIRECTION('',(1.0,7.2280144832367E-15,0.0));
#14467=DIRECTION('',(-7.2280144832367E-15,1.0,0.0));
#14468=CARTESIAN_POINT('',(3.75,3.85,-1.9));
#14469=DIRECTION('',(0.0,-0.0,-1.0));
#14470=DIRECTION('',(1.0,-1.85863229568944E-15,0.0));
#14471=CARTESIAN_POINT('',(3.75,3.85,-1.9));
#14472=DIRECTION('',(0.0,0.0,-1.0));
#14473=DIRECTION('',(1.0,1.85863229568944E-15,0.0));
#14474=CARTESIAN_POINT('',(2.8,4.55,-1.6));
#14475=DIRECTION('',(-1.0,0.0,0.0));
#14476=DIRECTION('',(0.0,-1.0,0.0));
#14477=DIRECTION('',(1.0,1.15648231731787E-16,-0.0));
#14478=DIRECTION('',(-0.0,-0.707106781186546,0.70710678118655));
#14479=DIRECTION('',(1.0,7.22801448323666E-16,0.0));
#14480=DIRECTION('',(-1.0,-7.22801448323666E-16,0.0));
#14481=DIRECTION('',(-1.0,7.22801448323666E-16,0.0));
#14482=DIRECTION('',(-0.0,-0.707106781186546,-0.70710678118655));
#14483=DIRECTION('',(1.0,-7.22801448323666E-16,0.0));
#14484=DIRECTION('',(-2.99179203255293E-16,0.707106781186547,0.707106781186548));
#14485=DIRECTION('',(-1.0,-7.22801448323666E-16,0.0));
#14486=DIRECTION('',(1.0,7.22801448323666E-16,0.0));
#14487=DIRECTION('',(1.0,-7.22801448323666E-16,0.0));
#14488=DIRECTION('',(-2.99179203255293E-16,0.707106781186547,-0.707106781186548));
#14489=DIRECTION('',(-1.0,7.22801448323666E-16,0.0));
#14490=CARTESIAN_POINT('',(-4.25,-5.75,-1.0));
#14491=DIRECTION('',(0.0,0.0,1.0));
#14492=DIRECTION('',(1.0,0.0,0.0));
#14493=DIRECTION('',(1.0,1.02042557410401E-16,0.0));
#14494=CARTESIAN_POINT('',(4.25,-5.75,-1.0));
#14495=DIRECTION('',(0.0,0.0,1.0));
#14496=DIRECTION('',(1.0,0.0,0.0));
#14497=DIRECTION('',(-0.707106781186548,-0.707106781186548,0.0));
#14498=CARTESIAN_POINT('',(2.75771644662751,-4.80832611206854,-1.0));
#14499=DIRECTION('',(0.0,0.0,-1.0));
#14500=DIRECTION('',(1.0,0.0,0.0));
#14501=DIRECTION('',(-0.707106781186541,0.707106781186554,0.0));
#14502=CARTESIAN_POINT('',(0.0,0.0,-1.0));
#14503=DIRECTION('',(0.0,0.0,-1.0));
#14504=DIRECTION('',(1.0,0.0,0.0));
#14505=DIRECTION('',(-1.0,0.0,0.0));
#14506=DIRECTION('',(0.0,0.0,1.0));
#14507=DIRECTION('',(0.0,0.0,1.0));
#14508=DIRECTION('',(0.0,0.0,1.0));
#14509=DIRECTION('',(0.0,0.0,1.0));
#14510=DIRECTION('',(-0.0,-0.0,1.0));
#14511=DIRECTION('',(0.0,0.0,-1.0));
#14512=CARTESIAN_POINT('',(0.0,0.0,-2.2));
#14513=DIRECTION('',(0.0,0.0,-1.0));
#14514=DIRECTION('',(-1.0,0.0,0.0));
#14515=DIRECTION('',(0.0,-1.0,0.0));
#14516=CARTESIAN_POINT('',(0.8,-6.2,-3.3));
#14517=DIRECTION('',(0.0,0.0,-1.0));
#14518=DIRECTION('',(-1.0,0.0,0.0));
#14519=DIRECTION('',(-1.0,0.0,0.0));
#14520=CARTESIAN_POINT('',(-0.8,-6.2,-3.3));
#14521=DIRECTION('',(0.0,0.0,-1.0));
#14522=DIRECTION('',(-1.0,0.0,0.0));
#14523=DIRECTION('',(0.0,1.0,0.0));
#14524=CARTESIAN_POINT('',(-0.8,-5.8,-3.3));
#14525=DIRECTION('',(0.0,0.0,-1.0));
#14526=DIRECTION('',(-1.0,0.0,0.0));
#14527=DIRECTION('',(1.0,0.0,0.0));
#14528=CARTESIAN_POINT('',(0.8,-5.8,-3.3));
#14529=DIRECTION('',(0.0,0.0,-1.0));
#14530=DIRECTION('',(-1.0,0.0,0.0));
#14531=DIRECTION('',(1.0,1.02042557410401E-16,0.0));
#14532=CARTESIAN_POINT('',(-0.8,-6.2,-1.9));
#14533=DIRECTION('',(0.0,0.0,-1.0));
#14534=DIRECTION('',(-1.0,0.0,0.0));
#14535=DIRECTION('',(-1.0,0.0,0.0));
#14536=CARTESIAN_POINT('',(0.8,-6.2,-1.9));
#14537=DIRECTION('',(0.0,0.0,-1.0));
#14538=DIRECTION('',(-1.0,0.0,0.0));
#14539=DIRECTION('',(0.0,1.0,0.0));
#14540=DIRECTION('',(0.0,0.0,1.0));
#14541=DIRECTION('',(0.0,0.0,1.0));
#14542=CARTESIAN_POINT('',(0.8,-5.8,-2.5));
#14543=DIRECTION('',(0.0,0.0,1.0));
#14544=DIRECTION('',(-1.0,0.0,0.0));
#14545=DIRECTION('',(0.0,0.0,1.0));
#14546=DIRECTION('',(-1.0,0.0,0.0));
#14547=DIRECTION('',(0.0,0.0,1.0));
#14548=CARTESIAN_POINT('',(-0.8,-5.8,-2.5));
#14549=DIRECTION('',(0.0,0.0,1.0));
#14550=DIRECTION('',(-1.0,0.0,0.0));
#14551=DIRECTION('',(0.0,0.0,1.0));
#14552=DIRECTION('',(0.0,-1.0,0.0));
#14553=DIRECTION('',(0.0,0.0,1.0));
#14554=DIRECTION('',(0.0,0.0,1.0));
#14555=DIRECTION('',(0.0,0.0,1.0));
#14556=DIRECTION('',(0.0,0.0,1.0));
#14557=DIRECTION('',(-0.0,-0.0,-1.0));
#14558=CARTESIAN_POINT('',(0.0,0.0,-1.9));
#14559=DIRECTION('',(0.0,0.0,-1.0));
#14560=DIRECTION('',(-1.0,0.0,0.0));
#14561=DIRECTION('',(-0.0,-0.0,-1.0));
#14562=CARTESIAN_POINT('',(0.0,0.0,-2.2));
#14563=DIRECTION('',(0.0,0.0,-1.0));
#14564=DIRECTION('',(-1.0,0.0,0.0));
#14565=DIRECTION('',(0.0,0.0,1.0));
#14566=CARTESIAN_POINT('',(0.0,0.0,-2.2));
#14567=DIRECTION('',(0.0,0.0,-1.0));
#14568=DIRECTION('',(-1.0,0.0,0.0));
#14569=DIRECTION('',(0.0,0.0,1.0));
#14570=CARTESIAN_POINT('',(0.0,0.0,-1.9));
#14571=DIRECTION('',(0.0,0.0,-1.0));
#14572=DIRECTION('',(-1.0,0.0,0.0));
#14573=DIRECTION('',(-0.0,-0.0,-1.0));
#14574=CARTESIAN_POINT('',(0.0,0.0,-1.9));
#14575=DIRECTION('',(0.0,0.0,-1.0));
#14576=DIRECTION('',(-1.0,0.0,0.0));
#14577=DIRECTION('',(-0.0,-0.0,-1.0));
#14578=CARTESIAN_POINT('',(0.0,0.0,-2.2));
#14579=DIRECTION('',(0.0,0.0,-1.0));
#14580=DIRECTION('',(-1.0,0.0,0.0));
#14581=DIRECTION('',(0.0,0.0,1.0));
#14582=CARTESIAN_POINT('',(0.0,0.0,-2.2));
#14583=DIRECTION('',(0.0,0.0,-1.0));
#14584=DIRECTION('',(-1.0,0.0,0.0));
#14585=DIRECTION('',(0.0,0.0,1.0));
#14586=CARTESIAN_POINT('',(0.0,0.0,-1.9));
#14587=DIRECTION('',(0.0,0.0,-1.0));
#14588=DIRECTION('',(-1.0,0.0,0.0));
#14589=DIRECTION('',(-0.0,-0.0,-1.0));
#14590=DIRECTION('',(1.0,7.22801448323666E-16,0.0));
#14591=DIRECTION('',(0.0,0.0,1.0));
#14592=DIRECTION('',(0.0,0.0,1.0));
#14593=DIRECTION('',(1.0,-7.22801448323666E-16,0.0));
#14594=DIRECTION('',(0.0,1.0,0.0));
#14595=DIRECTION('',(0.0,1.0,0.0));
#14596=DIRECTION('',(0.0,0.0,1.0));
#14597=DIRECTION('',(0.0,-1.0,0.0));
#14598=DIRECTION('',(0.0,0.0,1.0));
#14599=DIRECTION('',(0.0,1.0,0.0));
#14600=DIRECTION('',(0.0,0.0,1.0));
#14601=DIRECTION('',(-1.0,-7.22801448323666E-16,0.0));
#14602=DIRECTION('',(0.0,0.0,1.0));
#14603=DIRECTION('',(-1.0,7.22801448323666E-16,0.0));
#14604=DIRECTION('',(4.23103286823612E-16,-1.0,0.0));
#14605=DIRECTION('',(4.23103286823612E-16,-1.0,0.0));
#14606=DIRECTION('',(0.0,0.0,1.0));
#14607=DIRECTION('',(0.0,1.0,0.0));
#14608=DIRECTION('',(0.0,0.0,1.0));
#14609=DIRECTION('',(4.23103286823612E-16,-1.0,0.0));
#14610=DIRECTION('',(0.0,0.0,1.0));
#14611=DIRECTION('',(0.0,-1.0,0.0));
#14612=DIRECTION('',(0.0,-1.0,0.0));
#14613=DIRECTION('',(2.01712032090326E-16,1.0,0.0));
#14614=DIRECTION('',(0.0,0.0,1.0));
#14615=DIRECTION('',(2.01712032090326E-16,1.0,0.0));
#14616=DIRECTION('',(-1.4954512723938E-16,1.0,0.0));
#14617=DIRECTION('',(-1.4954512723938E-16,1.0,0.0));
#14618=DIRECTION('',(-1.4954512723938E-16,-1.0,0.0));
#14619=DIRECTION('',(-1.4954512723938E-16,-1.0,0.0));
#14620=DIRECTION('',(1.0,-9.12794971883035E-17,0.0));
#14621=CARTESIAN_POINT('',(3.3,4.2,-1.9));
#14622=DIRECTION('',(-2.07293355605263E-17,0.0,1.0));
#14623=DIRECTION('',(0.0,-1.0,0.0));
#14624=DIRECTION('',(-8.67361737988404E-18,-1.0,1.38777878078145E-17));
#14625=DIRECTION('',(0.707106781186547,-0.707106781186549,-1.47196168001603E-17));
#14626=DIRECTION('',(1.0,0.0,-3.46944695195361E-17));
#14627=DIRECTION('',(1.0,6.47284879095823E-17,0.0));
#14628=DIRECTION('',(1.0,-9.12794971883035E-17,0.0));
#14629=DIRECTION('',(1.0,-1.94185463728747E-16,0.0));
#14630=DIRECTION('',(-1.0,0.0,3.46944695195361E-17));
#14631=DIRECTION('',(0.707106781186547,0.707106781186549,-3.43457725337075E-17));
#14632=DIRECTION('',(-8.67361737988404E-18,-1.0,1.38777878078145E-17));
#14633=CARTESIAN_POINT('',(-3.3,4.2,-1.9));
#14634=DIRECTION('',(-2.07293355605263E-17,0.0,1.0));
#14635=DIRECTION('',(0.0,-1.0,0.0));
#14636=DIRECTION('',(-1.0,-7.39322624285354E-17,0.0));
#14637=CARTESIAN_POINT('',(-3.3,-4.2,-1.9));
#14638=DIRECTION('',(-2.07293355605263E-17,0.0,1.0));
#14639=DIRECTION('',(0.0,-1.0,0.0));
#14640=DIRECTION('',(8.67361737988404E-18,1.0,-1.38777878078145E-17));
#14641=DIRECTION('',(-0.707106781186547,0.707106781186549,1.47196168001603E-17));
#14642=DIRECTION('',(-1.0,0.0,3.46944695195361E-17));
#14643=DIRECTION('',(-1.0,-1.94185463728747E-16,0.0));
#14644=DIRECTION('',(-1.0,-7.39322624285354E-17,0.0));
#14645=DIRECTION('',(-1.0,6.47284879095823E-17,0.0));
#14646=DIRECTION('',(1.0,0.0,-3.46944695195361E-17));
#14647=DIRECTION('',(-0.707106781186547,-0.707106781186549,3.43457725337075E-17));
#14648=DIRECTION('',(8.67361737988404E-18,1.0,-1.38777878078145E-17));
#14649=CARTESIAN_POINT('',(3.3,-4.2,-1.9));
#14650=DIRECTION('',(-2.07293355605263E-17,0.0,1.0));
#14651=DIRECTION('',(0.0,-1.0,0.0));
#14652=DIRECTION('',(-4.03424064180653E-16,-1.0,0.0));
#14653=DIRECTION('',(1.0,-1.1616451848059E-16,0.0));
#14654=DIRECTION('',(-2.01712032090326E-16,1.0,0.0));
#14655=DIRECTION('',(1.0,-1.1616451848059E-16,0.0));
#14656=DIRECTION('',(5.98180508957519E-16,1.0,0.0));
#14657=DIRECTION('',(-1.0,1.1616451848059E-16,0.0));
#14658=DIRECTION('',(0.0,-1.0,0.0));
#14659=DIRECTION('',(-1.0,1.1616451848059E-16,0.0));
#14660=DIRECTION('',(0.0,-1.0,0.0));
#14661=DIRECTION('',(5.98180508957519E-16,1.0,0.0));
#14662=DIRECTION('',(-2.01712032090326E-16,1.0,0.0));
#14663=DIRECTION('',(0.0,0.0,1.0));
#14664=DIRECTION('',(0.0,0.0,1.0));
#14665=DIRECTION('',(-4.03424064180653E-16,-1.0,0.0));
#14666=DIRECTION('',(1.0,6.47284879095823E-17,0.0));
#14667=DIRECTION('',(1.0,-1.94185463728747E-16,0.0));
#14668=DIRECTION('',(-1.0,-1.94185463728747E-16,0.0));
#14669=DIRECTION('',(-1.0,6.47284879095823E-17,0.0));
#14670=DIRECTION('',(0.0,0.0,1.0));
#14671=DIRECTION('',(0.0,0.0,1.0));
#14672=CARTESIAN_POINT('',(-4.85,2.05,6.25));
#14673=DIRECTION('',(0.0,-1.0,1.38777878078144E-17));
#14674=DIRECTION('',(1.0,0.0,0.0));
#14675=DIRECTION('',(-8.67361737988404E-18,-1.0,1.38777878078145E-17));
#14676=CARTESIAN_POINT('',(-4.85,4.4,6.25));
#14677=DIRECTION('',(0.0,1.0,-1.38777878078145E-17));
#14678=DIRECTION('',(1.0,0.0,0.0));
#14679=DIRECTION('',(8.67361737988404E-18,1.0,-1.38777878078145E-17));
#14680=DIRECTION('',(8.67361737988404E-18,1.0,-1.38777878078145E-17));
#14681=CARTESIAN_POINT('',(-4.85,-4.4,6.25));
#14682=DIRECTION('',(0.0,-1.0,1.38777878078145E-17));
#14683=DIRECTION('',(-1.0,0.0,0.0));
#14684=DIRECTION('',(-8.67361737988404E-18,-1.0,1.38777878078145E-17));
#14685=CARTESIAN_POINT('',(-4.85,-2.05,6.25));
#14686=DIRECTION('',(0.0,1.0,-1.38777878078145E-17));
#14687=DIRECTION('',(1.0,0.0,0.0));
#14688=DIRECTION('',(8.67361737988404E-18,1.0,-1.38777878078145E-17));
#14689=DIRECTION('',(8.67361737988404E-18,1.0,-1.38777878078145E-17));
#14690=CARTESIAN_POINT('',(4.85,4.4,6.25));
#14691=DIRECTION('',(0.0,1.0,-1.38777878078145E-17));
#14692=DIRECTION('',(1.0,0.0,0.0));
#14693=DIRECTION('',(8.67361737988404E-18,1.0,-1.38777878078145E-17));
#14694=CARTESIAN_POINT('',(4.85,2.05,6.25));
#14695=DIRECTION('',(0.0,-1.0,1.38777878078145E-17));
#14696=DIRECTION('',(-1.0,0.0,0.0));
#14697=DIRECTION('',(-8.67361737988404E-18,-1.0,1.38777878078145E-17));
#14698=DIRECTION('',(-8.67361737988404E-18,-1.0,1.38777878078145E-17));
#14699=CARTESIAN_POINT('',(4.85,-2.05,6.25));
#14700=DIRECTION('',(0.0,1.0,-1.38777878078144E-17));
#14701=DIRECTION('',(-1.0,0.0,0.0));
#14702=DIRECTION('',(8.67361737988404E-18,1.0,-1.38777878078145E-17));
#14703=CARTESIAN_POINT('',(4.85,-4.4,6.25));
#14704=DIRECTION('',(0.0,-1.0,1.38777878078145E-17));
#14705=DIRECTION('',(-1.0,0.0,0.0));
#14706=DIRECTION('',(-8.67361737988404E-18,-1.0,1.38777878078145E-17));
#14707=DIRECTION('',(-8.67361737988404E-18,-1.0,1.38777878078145E-17));
#14708=CARTESIAN_POINT('',(-4.85,-1.45,6.65));
#14709=DIRECTION('',(-8.67361737988403E-18,-1.0,0.0));
#14710=DIRECTION('',(0.0,0.0,1.0));
#14711=DIRECTION('',(-8.67361737988404E-18,-1.0,1.38777878078145E-17));
#14712=CARTESIAN_POINT('',(-4.85,1.45,6.65));
#14713=DIRECTION('',(8.67361737988403E-18,1.0,0.0));
#14714=DIRECTION('',(0.0,0.0,-1.0));
#14715=DIRECTION('',(8.67361737988404E-18,1.0,-1.38777878078145E-17));
#14716=CARTESIAN_POINT('',(-1.5,4.0,6.65));
#14717=DIRECTION('',(-1.0,0.0,3.46944695195361E-17));
#14718=DIRECTION('',(0.0,1.0,0.0));
#14719=DIRECTION('',(-1.0,8.26058798084194E-17,3.46944695195361E-17));
#14720=CARTESIAN_POINT('',(1.5,4.0,6.65));
#14721=DIRECTION('',(1.0,0.0,-3.46944695195361E-17));
#14722=DIRECTION('',(0.0,-1.0,0.0));
#14723=CARTESIAN_POINT('',(1.5,-4.0,6.65));
#14724=DIRECTION('',(1.0,0.0,-3.46944695195361E-17));
#14725=DIRECTION('',(0.0,1.0,0.0));
#14726=DIRECTION('',(1.0,8.26058798084194E-17,-3.46944695195361E-17));
#14727=CARTESIAN_POINT('',(-1.5,-4.0,6.65));
#14728=DIRECTION('',(-1.0,0.0,3.46944695195361E-17));
#14729=DIRECTION('',(0.0,-1.0,0.0));
#14730=CARTESIAN_POINT('',(4.85,1.45,6.65));
#14731=DIRECTION('',(8.67361737988403E-18,1.0,-0.0));
#14732=DIRECTION('',(0.0,0.0,1.0));
#14733=DIRECTION('',(8.67361737988404E-18,1.0,-1.38777878078145E-17));
#14734=CARTESIAN_POINT('',(4.85,-1.45,6.65));
#14735=DIRECTION('',(-8.67361737988403E-18,-1.0,-0.0));
#14736=DIRECTION('',(0.0,0.0,-1.0));
#14737=DIRECTION('',(-8.67361737988404E-18,-1.0,1.38777878078145E-17));
#14738=DIRECTION('',(2.07293355605264E-17,1.60886131405563E-16,-1.0));
#14739=CARTESIAN_POINT('',(-3.95,-1.65,6.65));
#14740=DIRECTION('',(2.07293355605263E-17,0.0,-1.0));
#14741=DIRECTION('',(0.0,1.0,0.0));
#14742=DIRECTION('',(-2.07293355605264E-17,-1.60886131405563E-16,1.0));
#14743=DIRECTION('',(2.07293355605263E-17,-1.25862161921175E-17,-1.0));
#14744=CARTESIAN_POINT('',(-3.95,-1.85,6.65));
#14745=DIRECTION('',(2.07293355605263E-17,0.0,-1.0));
#14746=DIRECTION('',(0.0,1.0,0.0));
#14747=DIRECTION('',(-2.07293355605263E-17,1.25862161921175E-17,1.0));
#14748=DIRECTION('',(2.07293355605263E-17,-1.25862161921175E-17,-1.0));
#14749=CARTESIAN_POINT('',(-1.7,-4.0,6.65));
#14750=DIRECTION('',(2.07293355605263E-17,0.0,-1.0));
#14751=DIRECTION('',(0.0,1.0,0.0));
#14752=DIRECTION('',(-2.07293355605263E-17,1.25862161921175E-17,1.0));
#14753=DIRECTION('',(2.07293355605263E-17,-1.25862161921175E-17,-1.0));
#14754=CARTESIAN_POINT('',(-1.9,-4.0,6.65));
#14755=DIRECTION('',(2.07293355605263E-17,0.0,-1.0));
#14756=DIRECTION('',(0.0,1.0,0.0));
#14757=DIRECTION('',(-2.07293355605263E-17,1.25862161921175E-17,1.0));
#14758=CARTESIAN_POINT('',(-4.85,-3.0,-1.65));
#14759=DIRECTION('',(-1.0,0.0,3.46944695195361E-17));
#14760=DIRECTION('',(0.0,1.0,0.0));
#14761=DIRECTION('',(1.0,-0.0,-3.46944695195361E-17));
#14762=CARTESIAN_POINT('',(-5.25,-3.0,-1.65));
#14763=DIRECTION('',(1.0,0.0,-3.46944695195361E-17));
#14764=DIRECTION('',(0.0,1.0,0.0));
#14765=DIRECTION('',(-1.0,0.0,3.46944695195361E-17));
#14766=CARTESIAN_POINT('',(-4.85,-2.255,-1.25));
#14767=DIRECTION('',(1.0,0.0,-3.46944695195361E-17));
#14768=DIRECTION('',(0.0,1.0,0.0));
#14769=DIRECTION('',(1.0,-0.0,-3.46944695195361E-17));
#14770=CARTESIAN_POINT('',(-5.25,-2.255,-1.25));
#14771=DIRECTION('',(-1.0,0.0,3.46944695195361E-17));
#14772=DIRECTION('',(0.0,1.0,0.0));
#14773=DIRECTION('',(-1.0,0.0,3.46944695195361E-17));
#14774=CARTESIAN_POINT('',(-1.3,-4.4,7.3));
#14775=DIRECTION('',(0.0,-1.0,1.38777878078145E-17));
#14776=DIRECTION('',(-1.0,0.0,0.0));
#14777=DIRECTION('',(-8.67361737988404E-18,-1.0,1.38777878078145E-17));
#14778=CARTESIAN_POINT('',(-1.3,-4.0,7.3));
#14779=DIRECTION('',(0.0,1.0,-1.38777878078145E-17));
#14780=DIRECTION('',(-1.0,0.0,0.0));
#14781=DIRECTION('',(8.67361737988404E-18,1.0,-1.38777878078145E-17));
#14782=CARTESIAN_POINT('',(1.3,-4.0,7.3));
#14783=DIRECTION('',(0.0,1.0,-1.38777878078145E-17));
#14784=DIRECTION('',(-1.0,0.0,0.0));
#14785=DIRECTION('',(8.67361737988404E-18,1.0,-1.38777878078145E-17));
#14786=CARTESIAN_POINT('',(1.3,-4.4,7.3));
#14787=DIRECTION('',(0.0,-1.0,1.38777878078145E-17));
#14788=DIRECTION('',(-1.0,0.0,0.0));
#14789=DIRECTION('',(-8.67361737988404E-18,-1.0,1.38777878078145E-17));
#14790=DIRECTION('',(2.07293355605263E-17,-1.25862161921175E-17,-1.0));
#14791=CARTESIAN_POINT('',(-3.75,-4.4,6.65));
#14792=DIRECTION('',(2.07293355605263E-17,0.0,-1.0));
#14793=DIRECTION('',(0.0,1.0,0.0));
#14794=DIRECTION('',(-2.07293355605263E-17,1.25862161921175E-17,1.0));
#14795=DIRECTION('',(-2.07293355605263E-17,1.25862161921175E-17,1.0));
#14796=CARTESIAN_POINT('',(-3.55,-4.4,6.65));
#14797=DIRECTION('',(2.07293355605263E-17,0.0,-1.0));
#14798=DIRECTION('',(0.0,1.0,0.0));
#14799=DIRECTION('',(-2.07293355605263E-17,1.25862161921175E-17,1.0));
#14800=CARTESIAN_POINT('',(-4.85,-0.7,7.48284271247462));
#14801=DIRECTION('',(1.0,-1.50463276905253E-31,-3.46944695195361E-17));
#14802=DIRECTION('',(2.73691106313441E-47,1.0,-4.33680868994202E-15));
#14803=DIRECTION('',(-1.0,0.0,3.46944695195361E-17));
#14804=CARTESIAN_POINT('',(-5.25,-0.7,7.48284271247462));
#14805=DIRECTION('',(1.0,0.0,-3.46944695195361E-17));
#14806=DIRECTION('',(0.0,-1.0,0.0));
#14807=DIRECTION('',(-1.0,0.0,3.46944695195361E-17));
#14808=DIRECTION('',(2.07910274110731E-17,0.707106781186544,-0.707106781186552));
#14809=DIRECTION('',(2.07910274110731E-17,0.707106781186544,-0.707106781186551));
#14810=DIRECTION('',(-1.0,0.0,3.46944695195361E-17));
#14811=DIRECTION('',(1.0,0.0,-3.46944695195361E-17));
#14812=DIRECTION('',(-1.0,2.89120579329468E-16,3.46944695195361E-17));
#14813=DIRECTION('',(-1.0,2.89120579329468E-16,3.46944695195361E-17));
#14814=DIRECTION('',(-7.31475065703554E-16,-1.0,1.38777878078145E-17));
#14815=DIRECTION('',(1.0,0.0,-3.46944695195361E-17));
#14816=DIRECTION('',(8.67361737988404E-18,1.0,-1.38777878078145E-17));
#14817=DIRECTION('',(-2.07293355605263E-17,1.25862161921175E-17,1.0));
#14818=CARTESIAN_POINT('',(-4.65,-4.4,-1.7));
#14819=DIRECTION('',(0.0,1.0,-1.38777878078145E-17));
#14820=DIRECTION('',(-1.0,0.0,0.0));
#14821=DIRECTION('',(-8.67361737988404E-18,-1.0,1.38777878078145E-17));
#14822=CARTESIAN_POINT('',(-4.65,-3.2,-1.7));
#14823=DIRECTION('',(0.0,-1.0,1.38777878078145E-17));
#14824=DIRECTION('',(-1.0,0.0,0.0));
#14825=DIRECTION('',(8.67361737988404E-18,1.0,-1.38777878078145E-17));
#14826=CARTESIAN_POINT('',(-4.65,-3.2,-1.7));
#14827=DIRECTION('',(0.0,1.0,-1.38777878078145E-17));
#14828=DIRECTION('',(-1.0,0.0,0.0));
#14829=DIRECTION('',(8.67361737988404E-18,1.0,-1.38777878078145E-17));
#14830=CARTESIAN_POINT('',(-4.65,-4.4,-1.7));
#14831=DIRECTION('',(0.0,-1.0,1.38777878078145E-17));
#14832=DIRECTION('',(-1.0,0.0,0.0));
#14833=DIRECTION('',(-8.67361737988404E-18,-1.0,1.38777878078145E-17));
#14834=DIRECTION('',(0.707106781186547,-0.707106781186549,-1.47196168001603E-17));
#14835=DIRECTION('',(2.07293355605263E-17,-1.25862161921175E-17,-1.0));
#14836=DIRECTION('',(-2.07293355605263E-17,1.25862161921175E-17,1.0));
#14837=CARTESIAN_POINT('',(-3.3,-4.2,-2.3));
#14838=DIRECTION('',(2.07293355605263E-17,0.0,-1.0));
#14839=DIRECTION('',(0.0,-1.0,0.0));
#14840=DIRECTION('',(2.07293355605263E-17,-1.25862161921175E-17,-1.0));
#14841=DIRECTION('',(-2.07293355605263E-17,1.25862161921175E-17,1.0));
#14842=DIRECTION('',(1.0,0.0,-3.46944695195361E-17));
#14843=DIRECTION('',(-1.0,0.0,3.46944695195361E-17));
#14844=DIRECTION('',(8.67361737988404E-18,1.0,-1.38777878078145E-17));
#14845=DIRECTION('',(8.67361737988404E-18,1.0,-1.38777878078145E-17));
#14846=DIRECTION('',(-2.07293355605263E-17,1.25862161921175E-17,1.0));
#14847=DIRECTION('',(8.67361737988404E-18,1.0,-1.38777878078145E-17));
#14848=DIRECTION('',(2.07293355605263E-17,-1.25862161921175E-17,-1.0));
#14849=DIRECTION('',(-2.07293355605263E-17,1.25862161921175E-17,1.0));
#14850=DIRECTION('',(-2.07293355605263E-17,1.25862161921175E-17,1.0));
#14851=DIRECTION('',(-1.0,0.0,3.46944695195361E-17));
#14852=DIRECTION('',(8.67361737988404E-18,1.0,-1.38777878078145E-17));
#14853=DIRECTION('',(-2.07293355605263E-17,1.25862161921175E-17,1.0));
#14854=DIRECTION('',(-1.0,0.0,3.46944695195361E-17));
#14855=CARTESIAN_POINT('',(-4.85,-1.25,7.3));
#14856=DIRECTION('',(1.0,0.0,-3.46944695195361E-17));
#14857=DIRECTION('',(0.0,1.0,0.0));
#14858=DIRECTION('',(1.0,-0.0,-3.46944695195361E-17));
#14859=CARTESIAN_POINT('',(-5.25,-1.25,7.3));
#14860=DIRECTION('',(-1.0,0.0,3.46944695195361E-17));
#14861=DIRECTION('',(0.0,1.0,0.0));
#14862=DIRECTION('',(-1.0,0.0,3.46944695195361E-17));
#14863=CARTESIAN_POINT('',(-4.85,1.25,7.3));
#14864=DIRECTION('',(1.0,0.0,-3.46944695195361E-17));
#14865=DIRECTION('',(0.0,1.0,0.0));
#14866=DIRECTION('',(1.0,-0.0,-3.46944695195361E-17));
#14867=CARTESIAN_POINT('',(-5.25,1.25,7.3));
#14868=DIRECTION('',(-1.0,0.0,3.46944695195361E-17));
#14869=DIRECTION('',(0.0,1.0,0.0));
#14870=DIRECTION('',(-1.0,0.0,3.46944695195361E-17));
#14871=DIRECTION('',(2.07293355605262E-17,1.60886131405563E-16,-1.0));
#14872=CARTESIAN_POINT('',(-3.95,1.65,6.65));
#14873=DIRECTION('',(2.07293355605263E-17,0.0,-1.0));
#14874=DIRECTION('',(0.0,1.0,0.0));
#14875=DIRECTION('',(-2.07293355605262E-17,-1.60886131405563E-16,1.0));
#14876=DIRECTION('',(2.07293355605263E-17,-1.25862161921175E-17,-1.0));
#14877=CARTESIAN_POINT('',(-3.95,1.85,6.65));
#14878=DIRECTION('',(2.07293355605263E-17,0.0,-1.0));
#14879=DIRECTION('',(0.0,1.0,0.0));
#14880=DIRECTION('',(-2.07293355605263E-17,1.25862161921175E-17,1.0));
#14881=DIRECTION('',(2.07293355605263E-17,-1.25862161921175E-17,-1.0));
#14882=CARTESIAN_POINT('',(-1.7,4.0,6.65));
#14883=DIRECTION('',(2.07293355605263E-17,0.0,-1.0));
#14884=DIRECTION('',(0.0,1.0,0.0));
#14885=DIRECTION('',(-2.07293355605263E-17,1.25862161921175E-17,1.0));
#14886=DIRECTION('',(2.07293355605263E-17,-1.25862161921175E-17,-1.0));
#14887=CARTESIAN_POINT('',(-1.9,4.0,6.65));
#14888=DIRECTION('',(2.07293355605263E-17,0.0,-1.0));
#14889=DIRECTION('',(0.0,1.0,0.0));
#14890=DIRECTION('',(-2.07293355605263E-17,1.25862161921175E-17,1.0));
#14891=CARTESIAN_POINT('',(-4.85,3.0,-1.65));
#14892=DIRECTION('',(-1.0,0.0,3.46944695195361E-17));
#14893=DIRECTION('',(0.0,1.0,0.0));
#14894=DIRECTION('',(1.0,-0.0,-3.46944695195361E-17));
#14895=CARTESIAN_POINT('',(-5.25,3.0,-1.65));
#14896=DIRECTION('',(1.0,0.0,-3.46944695195361E-17));
#14897=DIRECTION('',(0.0,1.0,0.0));
#14898=DIRECTION('',(-1.0,0.0,3.46944695195361E-17));
#14899=CARTESIAN_POINT('',(-4.85,2.255,-1.25));
#14900=DIRECTION('',(1.0,0.0,-3.46944695195361E-17));
#14901=DIRECTION('',(0.0,1.0,0.0));
#14902=DIRECTION('',(1.0,-0.0,-3.46944695195361E-17));
#14903=CARTESIAN_POINT('',(-5.25,2.255,-1.25));
#14904=DIRECTION('',(-1.0,0.0,3.46944695195361E-17));
#14905=DIRECTION('',(0.0,1.0,0.0));
#14906=DIRECTION('',(-1.0,0.0,3.46944695195361E-17));
#14907=CARTESIAN_POINT('',(-1.3,4.4,7.3));
#14908=DIRECTION('',(0.0,1.0,-1.38777878078145E-17));
#14909=DIRECTION('',(1.0,0.0,0.0));
#14910=DIRECTION('',(8.67361737988404E-18,1.0,-1.38777878078145E-17));
#14911=CARTESIAN_POINT('',(-1.3,4.0,7.3));
#14912=DIRECTION('',(0.0,-1.0,1.38777878078145E-17));
#14913=DIRECTION('',(-1.0,0.0,0.0));
#14914=DIRECTION('',(-8.67361737988404E-18,-1.0,1.38777878078145E-17));
#14915=CARTESIAN_POINT('',(1.3,4.0,7.3));
#14916=DIRECTION('',(0.0,-1.0,1.38777878078145E-17));
#14917=DIRECTION('',(-1.0,0.0,0.0));
#14918=DIRECTION('',(-8.67361737988404E-18,-1.0,1.38777878078145E-17));
#14919=CARTESIAN_POINT('',(1.3,4.4,7.3));
#14920=DIRECTION('',(0.0,1.0,-1.38777878078145E-17));
#14921=DIRECTION('',(1.0,0.0,0.0));
#14922=DIRECTION('',(8.67361737988404E-18,1.0,-1.38777878078145E-17));
#14923=DIRECTION('',(-2.07293355605263E-17,1.25862161921175E-17,1.0));
#14924=CARTESIAN_POINT('',(-3.75,4.4,6.65));
#14925=DIRECTION('',(2.07293355605263E-17,0.0,-1.0));
#14926=DIRECTION('',(0.0,1.0,0.0));
#14927=DIRECTION('',(-2.07293355605263E-17,1.25862161921175E-17,1.0));
#14928=DIRECTION('',(2.07293355605263E-17,-1.25862161921175E-17,-1.0));
#14929=CARTESIAN_POINT('',(-3.55,4.4,6.65));
#14930=DIRECTION('',(2.07293355605263E-17,0.0,-1.0));
#14931=DIRECTION('',(0.0,1.0,0.0));
#14932=DIRECTION('',(-2.07293355605263E-17,1.25862161921175E-17,1.0));
#14933=DIRECTION('',(-1.0,0.0,3.46944695195361E-17));
#14934=DIRECTION('',(8.52468007760622E-18,-0.707106781186544,-0.707106781186551));
#14935=DIRECTION('',(-1.0,0.0,3.46944695195361E-17));
#14936=DIRECTION('',(8.52468007760621E-18,-0.707106781186544,-0.707106781186552));
#14937=CARTESIAN_POINT('',(-5.25,0.7,7.48284271247462));
#14938=DIRECTION('',(-1.0,0.0,3.46944695195361E-17));
#14939=DIRECTION('',(0.0,1.0,0.0));
#14940=DIRECTION('',(-1.0,0.0,3.46944695195361E-17));
#14941=CARTESIAN_POINT('',(-4.85,0.7,7.48284271247462));
#14942=DIRECTION('',(-1.0,0.0,3.46944695195361E-17));
#14943=DIRECTION('',(0.0,1.0,0.0));
#14944=DIRECTION('',(1.0,0.0,-3.46944695195361E-17));
#14945=DIRECTION('',(-7.14127830943786E-16,1.0,-1.38777878078144E-17));
#14946=DIRECTION('',(-1.0,-2.89120579329468E-16,3.46944695195361E-17));
#14947=DIRECTION('',(-1.0,-2.89120579329468E-16,3.46944695195361E-17));
#14948=DIRECTION('',(-8.67361737988404E-18,-1.0,1.38777878078145E-17));
#14949=DIRECTION('',(-2.07293355605263E-17,1.25862161921175E-17,1.0));
#14950=DIRECTION('',(1.0,0.0,-3.46944695195361E-17));
#14951=CARTESIAN_POINT('',(-4.65,4.4,-1.7));
#14952=DIRECTION('',(0.0,-1.0,1.38777878078145E-17));
#14953=DIRECTION('',(1.0,0.0,0.0));
#14954=DIRECTION('',(8.67361737988404E-18,1.0,-1.38777878078145E-17));
#14955=CARTESIAN_POINT('',(-4.65,3.2,-1.7));
#14956=DIRECTION('',(0.0,1.0,-1.38777878078145E-17));
#14957=DIRECTION('',(-1.0,0.0,0.0));
#14958=DIRECTION('',(-8.67361737988404E-18,-1.0,1.38777878078145E-17));
#14959=CARTESIAN_POINT('',(-4.65,3.2,-1.7));
#14960=DIRECTION('',(0.0,-1.0,1.38777878078145E-17));
#14961=DIRECTION('',(-1.0,0.0,0.0));
#14962=DIRECTION('',(-8.67361737988404E-18,-1.0,1.38777878078145E-17));
#14963=CARTESIAN_POINT('',(-4.65,4.4,-1.7));
#14964=DIRECTION('',(0.0,1.0,-1.38777878078145E-17));
#14965=DIRECTION('',(1.0,0.0,0.0));
#14966=DIRECTION('',(8.67361737988404E-18,1.0,-1.38777878078145E-17));
#14967=DIRECTION('',(-0.707106781186547,-0.707106781186549,3.43457725337075E-17));
#14968=DIRECTION('',(2.07293355605263E-17,-1.25862161921175E-17,-1.0));
#14969=DIRECTION('',(-2.07293355605263E-17,1.25862161921175E-17,1.0));
#14970=CARTESIAN_POINT('',(-3.3,4.2,-2.3));
#14971=DIRECTION('',(2.07293355605263E-17,0.0,-1.0));
#14972=DIRECTION('',(0.0,-1.0,0.0));
#14973=DIRECTION('',(2.07293355605263E-17,-1.25862161921175E-17,-1.0));
#14974=DIRECTION('',(-2.07293355605263E-17,1.25862161921175E-17,1.0));
#14975=DIRECTION('',(1.0,0.0,-3.46944695195361E-17));
#14976=DIRECTION('',(-1.0,0.0,3.46944695195361E-17));
#14977=DIRECTION('',(-1.0,0.0,3.46944695195361E-17));
#14978=DIRECTION('',(1.0,0.0,-3.46944695195361E-17));
#14979=DIRECTION('',(-8.67361737988404E-18,-1.0,1.38777878078145E-17));
#14980=DIRECTION('',(-2.07293355605263E-17,1.25862161921175E-17,1.0));
#14981=DIRECTION('',(-8.67361737988404E-18,-1.0,1.38777878078145E-17));
#14982=DIRECTION('',(-2.07293355605263E-17,1.25862161921175E-17,1.0));
#14983=DIRECTION('',(2.07293355605263E-17,-1.25862161921175E-17,-1.0));
#14984=DIRECTION('',(8.67361737988404E-18,1.0,-1.38777878078145E-17));
#14985=DIRECTION('',(-2.07293355605263E-17,1.25862161921175E-17,1.0));
#14986=DIRECTION('',(-8.67361737988404E-18,-1.0,1.38777878078145E-17));
#14987=DIRECTION('',(-2.07293355605263E-17,1.25862161921175E-17,1.0));
#14988=DIRECTION('',(-1.0,0.0,3.46944695195361E-17));
#14989=CARTESIAN_POINT('',(-5.52383224568501,5.40810340404367E-17,10.5468461064817));
#14990=DIRECTION('',(0.906307787036649,-5.31916480900537E-18,-0.422618261740701));
#14991=DIRECTION('',(0.422618261740701,1.14069857442428E-17,0.906307787036649));
#14992=DIRECTION('',(-0.90630778703665,5.31916480900534E-18,0.422618261740699));
#14993=CARTESIAN_POINT('',(-5.16130913087036,5.19533681168346E-17,10.3777988017854));
#14994=DIRECTION('',(-0.90630778703665,5.31916480900535E-18,0.4226182617407));
#14995=DIRECTION('',(-0.4226182617407,-1.14069857442429E-17,-0.90630778703665));
#14996=DIRECTION('',(0.422618261740701,1.14069857442429E-17,0.906307787036649));
#14997=DIRECTION('',(-0.422618261740701,-1.14069857442429E-17,-0.906307787036649));
#14998=DIRECTION('',(0.766044443118978,-8.09026382112924E-18,-0.64278760968654));
#14999=CARTESIAN_POINT('',(-5.35,-0.5,8.39096420088782));
#15000=DIRECTION('',(0.0,1.0,-1.38777878078145E-17));
#15001=DIRECTION('',(-1.0,0.0,0.0));
#15002=DIRECTION('',(9.94238413842356E-16,-1.25862161921175E-17,-1.0));
#15003=DIRECTION('',(-2.07293355605263E-17,1.25862161921175E-17,1.0));
#15004=CARTESIAN_POINT('',(-5.3,-0.5,8.41427958379557));
#15005=DIRECTION('',(0.0,-1.0,1.38777878078145E-17));
#15006=DIRECTION('',(-1.0,0.0,0.0));
#15007=DIRECTION('',(-0.766044443118977,8.09026382112925E-18,0.642787609686541));
#15008=DIRECTION('',(0.422618261740701,1.14069857442429E-17,0.906307787036649));
#15009=DIRECTION('',(-0.766044443118977,8.09026382112925E-18,0.642787609686541));
#15010=CARTESIAN_POINT('',(-5.3,0.5,8.41427958379557));
#15011=DIRECTION('',(0.0,-1.0,1.38777878078145E-17));
#15012=DIRECTION('',(-1.0,0.0,0.0));
#15013=DIRECTION('',(-2.07293355605263E-17,1.25862161921175E-17,1.0));
#15014=DIRECTION('',(9.94238413842356E-16,-1.25862161921175E-17,-1.0));
#15015=CARTESIAN_POINT('',(-5.35,0.5,8.39096420088782));
#15016=DIRECTION('',(0.0,1.0,-1.38777878078145E-17));
#15017=DIRECTION('',(-1.0,0.0,0.0));
#15018=DIRECTION('',(0.766044443118978,-8.09026382112924E-18,-0.64278760968654));
#15019=DIRECTION('',(-0.422618261740701,-1.14069857442429E-17,-0.906307787036649));
#15020=DIRECTION('',(-8.67361737988404E-18,-1.0,1.38777878078145E-17));
#15021=DIRECTION('',(-8.67361737988404E-18,-1.0,1.38777878078145E-17));
#15022=DIRECTION('',(-8.67361737988404E-18,-1.0,1.38777878078145E-17));
#15023=DIRECTION('',(-8.67361737988404E-18,-1.0,1.38777878078145E-17));
#15024=DIRECTION('',(-8.67361737988403E-18,-1.0,-1.35667339431565E-16));
#15025=DIRECTION('',(-8.67361737988403E-18,-1.0,-1.35667339431565E-16));
#15026=DIRECTION('',(2.07293355605263E-17,1.60886131405563E-16,-1.0));
#15027=DIRECTION('',(1.0,-1.44560289664734E-16,-3.46944695195361E-17));
#15028=DIRECTION('',(1.0,-1.44560289664734E-16,-3.46944695195361E-17));
#15029=DIRECTION('',(2.07293355605263E-17,1.60886131405563E-16,-1.0));
#15030=DIRECTION('',(1.0,1.44560289664734E-16,-3.46944695195361E-17));
#15031=DIRECTION('',(-2.07293355605263E-17,-1.60886131405563E-16,1.0));
#15032=DIRECTION('',(-2.07293355605263E-17,-1.60886131405563E-16,1.0));
#15033=DIRECTION('',(1.0,1.44560289664734E-16,-3.46944695195361E-17));
#15034=CARTESIAN_POINT('',(4.85,-1.25,7.3));
#15035=DIRECTION('',(-1.0,0.0,3.46944695195361E-17));
#15036=DIRECTION('',(0.0,-1.0,0.0));
#15037=DIRECTION('',(-1.0,-0.0,3.46944695195361E-17));
#15038=CARTESIAN_POINT('',(5.25,-1.25,7.3));
#15039=DIRECTION('',(1.0,0.0,-3.46944695195361E-17));
#15040=DIRECTION('',(0.0,-1.0,0.0));
#15041=DIRECTION('',(1.0,0.0,-3.46944695195361E-17));
#15042=CARTESIAN_POINT('',(4.85,1.25,7.3));
#15043=DIRECTION('',(-1.0,0.0,3.46944695195361E-17));
#15044=DIRECTION('',(0.0,-1.0,0.0));
#15045=DIRECTION('',(-1.0,-0.0,3.46944695195361E-17));
#15046=CARTESIAN_POINT('',(5.25,1.25,7.3));
#15047=DIRECTION('',(1.0,0.0,-3.46944695195361E-17));
#15048=DIRECTION('',(0.0,-1.0,0.0));
#15049=DIRECTION('',(1.0,0.0,-3.46944695195361E-17));
#15050=DIRECTION('',(2.07293355605264E-17,1.60886131405563E-16,-1.0));
#15051=CARTESIAN_POINT('',(3.95,1.65,6.65));
#15052=DIRECTION('',(2.07293355605263E-17,0.0,-1.0));
#15053=DIRECTION('',(0.0,1.0,0.0));
#15054=DIRECTION('',(-2.07293355605264E-17,-1.60886131405563E-16,1.0));
#15055=DIRECTION('',(2.07293355605263E-17,-1.25862161921175E-17,-1.0));
#15056=CARTESIAN_POINT('',(3.95,1.85,6.65));
#15057=DIRECTION('',(2.07293355605263E-17,0.0,-1.0));
#15058=DIRECTION('',(0.0,1.0,0.0));
#15059=DIRECTION('',(-2.07293355605263E-17,1.25862161921175E-17,1.0));
#15060=DIRECTION('',(2.07293355605263E-17,-1.25862161921175E-17,-1.0));
#15061=CARTESIAN_POINT('',(1.7,4.0,6.65));
#15062=DIRECTION('',(2.07293355605263E-17,0.0,-1.0));
#15063=DIRECTION('',(0.0,1.0,0.0));
#15064=DIRECTION('',(-2.07293355605263E-17,1.25862161921175E-17,1.0));
#15065=DIRECTION('',(2.07293355605263E-17,-1.25862161921175E-17,-1.0));
#15066=CARTESIAN_POINT('',(1.9,4.0,6.65));
#15067=DIRECTION('',(2.07293355605263E-17,0.0,-1.0));
#15068=DIRECTION('',(0.0,1.0,0.0));
#15069=DIRECTION('',(-2.07293355605263E-17,1.25862161921175E-17,1.0));
#15070=CARTESIAN_POINT('',(4.85,3.0,-1.65));
#15071=DIRECTION('',(1.0,0.0,-3.46944695195361E-17));
#15072=DIRECTION('',(0.0,-1.0,0.0));
#15073=DIRECTION('',(-1.0,-0.0,3.46944695195361E-17));
#15074=CARTESIAN_POINT('',(5.25,3.0,-1.65));
#15075=DIRECTION('',(-1.0,0.0,3.46944695195361E-17));
#15076=DIRECTION('',(0.0,-1.0,0.0));
#15077=DIRECTION('',(1.0,0.0,-3.46944695195361E-17));
#15078=CARTESIAN_POINT('',(4.85,2.255,-1.25));
#15079=DIRECTION('',(-1.0,0.0,3.46944695195361E-17));
#15080=DIRECTION('',(0.0,-1.0,0.0));
#15081=DIRECTION('',(-1.0,-0.0,3.46944695195361E-17));
#15082=CARTESIAN_POINT('',(5.25,2.255,-1.25));
#15083=DIRECTION('',(1.0,0.0,-3.46944695195361E-17));
#15084=DIRECTION('',(0.0,-1.0,0.0));
#15085=DIRECTION('',(1.0,0.0,-3.46944695195361E-17));
#15086=DIRECTION('',(2.07293355605263E-17,-1.25862161921175E-17,-1.0));
#15087=CARTESIAN_POINT('',(3.75,4.4,6.65));
#15088=DIRECTION('',(2.07293355605263E-17,0.0,-1.0));
#15089=DIRECTION('',(0.0,1.0,0.0));
#15090=DIRECTION('',(-2.07293355605263E-17,1.25862161921175E-17,1.0));
#15091=DIRECTION('',(-2.07293355605263E-17,1.25862161921175E-17,1.0));
#15092=CARTESIAN_POINT('',(3.55,4.4,6.65));
#15093=DIRECTION('',(2.07293355605263E-17,0.0,-1.0));
#15094=DIRECTION('',(0.0,1.0,0.0));
#15095=DIRECTION('',(-2.07293355605263E-17,1.25862161921175E-17,1.0));
#15096=DIRECTION('',(8.52468007760621E-18,-0.707106781186544,-0.707106781186552));
#15097=DIRECTION('',(1.0,0.0,-3.46944695195361E-17));
#15098=DIRECTION('',(8.52468007760622E-18,-0.707106781186544,-0.707106781186551));
#15099=DIRECTION('',(1.0,0.0,-3.46944695195361E-17));
#15100=CARTESIAN_POINT('',(4.85,0.7,7.48284271247462));
#15101=DIRECTION('',(-1.0,-1.50463276905253E-31,3.46944695195361E-17));
#15102=DIRECTION('',(2.73691106313441E-47,-1.0,-4.33680868994202E-15));
#15103=DIRECTION('',(1.0,0.0,-3.46944695195361E-17));
#15104=CARTESIAN_POINT('',(5.25,0.7,7.48284271247462));
#15105=DIRECTION('',(-1.0,0.0,3.46944695195361E-17));
#15106=DIRECTION('',(0.0,1.0,0.0));
#15107=DIRECTION('',(-1.0,0.0,3.46944695195361E-17));
#15108=DIRECTION('',(1.0,-2.89120579329468E-16,-3.46944695195361E-17));
#15109=DIRECTION('',(1.0,-2.89120579329468E-16,-3.46944695195361E-17));
#15110=DIRECTION('',(7.31475065703554E-16,1.0,-1.38777878078145E-17));
#15111=DIRECTION('',(-1.0,0.0,3.46944695195361E-17));
#15112=DIRECTION('',(-8.67361737988404E-18,-1.0,1.38777878078145E-17));
#15113=DIRECTION('',(-2.07293355605263E-17,1.25862161921175E-17,1.0));
#15114=DIRECTION('',(-1.0,0.0,3.46944695195361E-17));
#15115=DIRECTION('',(1.0,0.0,-3.46944695195361E-17));
#15116=DIRECTION('',(2.07293355605263E-17,-1.25862161921175E-17,-1.0));
#15117=DIRECTION('',(2.07293355605263E-17,-1.25862161921175E-17,-1.0));
#15118=DIRECTION('',(2.07293355605263E-17,-1.25862161921175E-17,-1.0));
#15119=DIRECTION('',(-1.0,0.0,3.46944695195361E-17));
#15120=DIRECTION('',(2.07293355605263E-17,-1.25862161921175E-17,-1.0));
#15121=CARTESIAN_POINT('',(4.65,4.4,-1.7));
#15122=DIRECTION('',(0.0,-1.0,1.38777878078145E-17));
#15123=DIRECTION('',(1.0,0.0,0.0));
#15124=DIRECTION('',(8.67361737988404E-18,1.0,-1.38777878078145E-17));
#15125=CARTESIAN_POINT('',(4.65,3.2,-1.7));
#15126=DIRECTION('',(0.0,1.0,-1.38777878078145E-17));
#15127=DIRECTION('',(1.0,0.0,0.0));
#15128=DIRECTION('',(-8.67361737988404E-18,-1.0,1.38777878078145E-17));
#15129=CARTESIAN_POINT('',(4.65,3.2,-1.7));
#15130=DIRECTION('',(0.0,-1.0,1.38777878078145E-17));
#15131=DIRECTION('',(1.0,0.0,0.0));
#15132=DIRECTION('',(-8.67361737988404E-18,-1.0,1.38777878078145E-17));
#15133=CARTESIAN_POINT('',(4.65,4.4,-1.7));
#15134=DIRECTION('',(0.0,1.0,-1.38777878078145E-17));
#15135=DIRECTION('',(1.0,0.0,0.0));
#15136=DIRECTION('',(8.67361737988404E-18,1.0,-1.38777878078145E-17));
#15137=DIRECTION('',(-0.707106781186547,0.707106781186549,1.47196168001603E-17));
#15138=DIRECTION('',(2.07293355605263E-17,-1.25862161921175E-17,-1.0));
#15139=DIRECTION('',(-2.07293355605263E-17,1.25862161921175E-17,1.0));
#15140=CARTESIAN_POINT('',(3.3,4.2,-2.3));
#15141=DIRECTION('',(2.07293355605263E-17,0.0,-1.0));
#15142=DIRECTION('',(0.0,-1.0,0.0));
#15143=DIRECTION('',(2.07293355605263E-17,-1.25862161921175E-17,-1.0));
#15144=DIRECTION('',(-2.07293355605263E-17,1.25862161921175E-17,1.0));
#15145=DIRECTION('',(-1.0,0.0,3.46944695195361E-17));
#15146=DIRECTION('',(1.0,0.0,-3.46944695195361E-17));
#15147=DIRECTION('',(-8.67361737988404E-18,-1.0,1.38777878078145E-17));
#15148=DIRECTION('',(1.0,0.0,-3.46944695195361E-17));
#15149=DIRECTION('',(-1.0,0.0,3.46944695195361E-17));
#15150=DIRECTION('',(-8.67361737988404E-18,-1.0,1.38777878078145E-17));
#15151=DIRECTION('',(-2.07293355605263E-17,1.25862161921175E-17,1.0));
#15152=DIRECTION('',(-8.67361737988404E-18,-1.0,1.38777878078145E-17));
#15153=DIRECTION('',(2.07293355605263E-17,-1.25862161921175E-17,-1.0));
#15154=DIRECTION('',(-2.07293355605263E-17,1.25862161921175E-17,1.0));
#15155=DIRECTION('',(-2.07293355605263E-17,1.25862161921175E-17,1.0));
#15156=DIRECTION('',(1.0,0.0,-3.46944695195361E-17));
#15157=DIRECTION('',(-8.67361737988404E-18,-1.0,1.38777878078145E-17));
#15158=DIRECTION('',(-2.07293355605263E-17,1.25862161921175E-17,1.0));
#15159=DIRECTION('',(2.07293355605262E-17,1.60886131405563E-16,-1.0));
#15160=CARTESIAN_POINT('',(3.95,-1.65,6.65));
#15161=DIRECTION('',(2.07293355605263E-17,0.0,-1.0));
#15162=DIRECTION('',(0.0,1.0,0.0));
#15163=DIRECTION('',(-2.07293355605262E-17,-1.60886131405563E-16,1.0));
#15164=DIRECTION('',(2.07293355605263E-17,-1.25862161921175E-17,-1.0));
#15165=CARTESIAN_POINT('',(3.95,-1.85,6.65));
#15166=DIRECTION('',(2.07293355605263E-17,0.0,-1.0));
#15167=DIRECTION('',(0.0,1.0,0.0));
#15168=DIRECTION('',(-2.07293355605263E-17,1.25862161921175E-17,1.0));
#15169=DIRECTION('',(2.07293355605263E-17,-1.25862161921175E-17,-1.0));
#15170=CARTESIAN_POINT('',(1.7,-4.0,6.65));
#15171=DIRECTION('',(2.07293355605263E-17,0.0,-1.0));
#15172=DIRECTION('',(0.0,1.0,0.0));
#15173=DIRECTION('',(-2.07293355605263E-17,1.25862161921175E-17,1.0));
#15174=DIRECTION('',(2.07293355605263E-17,-1.25862161921175E-17,-1.0));
#15175=CARTESIAN_POINT('',(1.9,-4.0,6.65));
#15176=DIRECTION('',(2.07293355605263E-17,0.0,-1.0));
#15177=DIRECTION('',(0.0,1.0,0.0));
#15178=DIRECTION('',(-2.07293355605263E-17,1.25862161921175E-17,1.0));
#15179=CARTESIAN_POINT('',(4.85,-3.0,-1.65));
#15180=DIRECTION('',(1.0,0.0,-3.46944695195361E-17));
#15181=DIRECTION('',(0.0,-1.0,0.0));
#15182=DIRECTION('',(-1.0,-0.0,3.46944695195361E-17));
#15183=CARTESIAN_POINT('',(5.25,-3.0,-1.65));
#15184=DIRECTION('',(-1.0,0.0,3.46944695195361E-17));
#15185=DIRECTION('',(0.0,-1.0,0.0));
#15186=DIRECTION('',(1.0,0.0,-3.46944695195361E-17));
#15187=CARTESIAN_POINT('',(4.85,-2.255,-1.25));
#15188=DIRECTION('',(-1.0,0.0,3.46944695195361E-17));
#15189=DIRECTION('',(0.0,-1.0,0.0));
#15190=DIRECTION('',(-1.0,-0.0,3.46944695195361E-17));
#15191=CARTESIAN_POINT('',(5.25,-2.255,-1.25));
#15192=DIRECTION('',(1.0,0.0,-3.46944695195361E-17));
#15193=DIRECTION('',(0.0,-1.0,0.0));
#15194=DIRECTION('',(1.0,0.0,-3.46944695195361E-17));
#15195=DIRECTION('',(-2.07293355605263E-17,1.25862161921175E-17,1.0));
#15196=CARTESIAN_POINT('',(3.75,-4.4,6.65));
#15197=DIRECTION('',(2.07293355605263E-17,0.0,-1.0));
#15198=DIRECTION('',(0.0,1.0,0.0));
#15199=DIRECTION('',(-2.07293355605263E-17,1.25862161921175E-17,1.0));
#15200=DIRECTION('',(2.07293355605263E-17,-1.25862161921175E-17,-1.0));
#15201=CARTESIAN_POINT('',(3.55,-4.4,6.65));
#15202=DIRECTION('',(2.07293355605263E-17,0.0,-1.0));
#15203=DIRECTION('',(0.0,1.0,0.0));
#15204=DIRECTION('',(-2.07293355605263E-17,1.25862161921175E-17,1.0));
#15205=DIRECTION('',(1.0,0.0,-3.46944695195361E-17));
#15206=DIRECTION('',(2.07910274110731E-17,0.707106781186544,-0.707106781186551));
#15207=DIRECTION('',(1.0,0.0,-3.46944695195361E-17));
#15208=DIRECTION('',(2.07910274110731E-17,0.707106781186544,-0.707106781186552));
#15209=CARTESIAN_POINT('',(5.25,-0.7,7.48284271247462));
#15210=DIRECTION('',(1.0,0.0,-3.46944695195361E-17));
#15211=DIRECTION('',(0.0,-1.0,0.0));
#15212=DIRECTION('',(1.0,0.0,-3.46944695195361E-17));
#15213=CARTESIAN_POINT('',(4.85,-0.7,7.48284271247462));
#15214=DIRECTION('',(1.0,0.0,-3.46944695195361E-17));
#15215=DIRECTION('',(0.0,-1.0,0.0));
#15216=DIRECTION('',(0.422618261740701,-1.14069857442429E-17,-0.906307787036649));
#15217=DIRECTION('',(-0.422618261740701,1.14069857442429E-17,0.906307787036649));
#15218=CARTESIAN_POINT('',(5.41541087226755,-0.5,9.35963554221509));
#15219=DIRECTION('',(0.0,-1.0,1.38777878078145E-17));
#15220=DIRECTION('',(-1.0,0.0,0.0));
#15221=DIRECTION('',(0.766044443118977,8.09026382112925E-18,0.642787609686541));
#15222=CARTESIAN_POINT('',(5.3,-0.5,8.41427958379557));
#15223=DIRECTION('',(0.0,1.0,-1.38777878078145E-17));
#15224=DIRECTION('',(1.0,0.0,0.0));
#15225=DIRECTION('',(-2.07293355605263E-17,1.25862161921175E-17,1.0));
#15226=DIRECTION('',(-9.52779742721303E-16,-1.25862161921175E-17,-1.0));
#15227=CARTESIAN_POINT('',(5.35,-0.5,8.39096420088782));
#15228=DIRECTION('',(0.0,-1.0,1.38777878078145E-17));
#15229=DIRECTION('',(1.0,0.0,0.0));
#15230=DIRECTION('',(-0.766044443118978,-8.09026382112924E-18,-0.64278760968654));
#15231=CARTESIAN_POINT('',(5.6,-0.5,9.31871311781489));
#15232=DIRECTION('',(0.0,1.0,-1.38777878078145E-17));
#15233=DIRECTION('',(-1.0,0.0,0.0));
#15234=DIRECTION('',(-8.67361737988404E-18,-1.0,1.38777878078145E-17));
#15235=CARTESIAN_POINT('',(5.35,0.5,8.39096420088782));
#15236=DIRECTION('',(0.0,-1.0,1.38777878078145E-17));
#15237=DIRECTION('',(1.0,0.0,0.0));
#15238=DIRECTION('',(-8.67361737988404E-18,-1.0,1.38777878078145E-17));
#15239=DIRECTION('',(-0.766044443118978,-8.09026382112924E-18,-0.64278760968654));
#15240=CARTESIAN_POINT('',(5.6,0.5,9.31871311781489));
#15241=DIRECTION('',(0.0,1.0,-1.38777878078145E-17));
#15242=DIRECTION('',(-1.0,0.0,0.0));
#15243=DIRECTION('',(-8.67361737988404E-18,-1.0,1.38777878078145E-17));
#15244=DIRECTION('',(-8.67361737988404E-18,-1.0,1.38777878078145E-17));
#15245=CARTESIAN_POINT('',(5.41541087226755,0.5,9.35963554221509));
#15246=DIRECTION('',(0.0,-1.0,1.38777878078145E-17));
#15247=DIRECTION('',(-1.0,0.0,0.0));
#15248=DIRECTION('',(0.766044443118977,8.09026382112925E-18,0.642787609686541));
#15249=DIRECTION('',(-8.67361737988404E-18,-1.0,1.38777878078145E-17));
#15250=CARTESIAN_POINT('',(5.3,0.5,8.41427958379557));
#15251=DIRECTION('',(0.0,1.0,-1.38777878078145E-17));
#15252=DIRECTION('',(1.0,0.0,0.0));
#15253=DIRECTION('',(-8.67361737988404E-18,-1.0,1.38777878078145E-17));
#15254=DIRECTION('',(-1.0,0.0,3.46944695195361E-17));
#15255=DIRECTION('',(7.14127830943786E-16,-1.0,1.38777878078144E-17));
#15256=DIRECTION('',(1.0,2.89120579329468E-16,-3.46944695195361E-17));
#15257=DIRECTION('',(1.0,2.89120579329468E-16,-3.46944695195361E-17));
#15258=DIRECTION('',(8.67361737988404E-18,1.0,-1.38777878078145E-17));
#15259=DIRECTION('',(-2.07293355605263E-17,1.25862161921175E-17,1.0));
#15260=DIRECTION('',(-1.0,0.0,3.46944695195361E-17));
#15261=DIRECTION('',(1.0,0.0,-3.46944695195361E-17));
#15262=DIRECTION('',(-1.0,0.0,3.46944695195361E-17));
#15263=DIRECTION('',(2.07293355605263E-17,-1.25862161921175E-17,-1.0));
#15264=DIRECTION('',(-1.0,0.0,3.46944695195361E-17));
#15265=DIRECTION('',(2.07293355605263E-17,-1.25862161921175E-17,-1.0));
#15266=DIRECTION('',(2.07293355605263E-17,-1.25862161921175E-17,-1.0));
#15267=DIRECTION('',(2.07293355605263E-17,-1.25862161921175E-17,-1.0));
#15268=DIRECTION('',(-1.0,-1.44560289664734E-16,3.46944695195361E-17));
#15269=DIRECTION('',(2.07293355605263E-17,1.60886131405563E-16,-1.0));
#15270=DIRECTION('',(2.07293355605263E-17,1.60886131405563E-16,-1.0));
#15271=DIRECTION('',(-1.0,-1.44560289664734E-16,3.46944695195361E-17));
#15272=DIRECTION('',(-2.07293355605263E-17,-1.60886131405563E-16,1.0));
#15273=DIRECTION('',(-1.0,1.44560289664734E-16,3.46944695195361E-17));
#15274=DIRECTION('',(-1.0,1.44560289664734E-16,3.46944695195361E-17));
#15275=DIRECTION('',(-2.07293355605263E-17,-1.60886131405563E-16,1.0));
#15276=CARTESIAN_POINT('',(4.65,-4.4,-1.7));
#15277=DIRECTION('',(0.0,1.0,-1.38777878078145E-17));
#15278=DIRECTION('',(-1.0,0.0,0.0));
#15279=DIRECTION('',(-8.67361737988404E-18,-1.0,1.38777878078145E-17));
#15280=CARTESIAN_POINT('',(4.65,-3.2,-1.7));
#15281=DIRECTION('',(0.0,-1.0,1.38777878078145E-17));
#15282=DIRECTION('',(1.0,0.0,0.0));
#15283=DIRECTION('',(8.67361737988404E-18,1.0,-1.38777878078145E-17));
#15284=CARTESIAN_POINT('',(4.65,-3.2,-1.7));
#15285=DIRECTION('',(0.0,1.0,-1.38777878078145E-17));
#15286=DIRECTION('',(1.0,0.0,0.0));
#15287=DIRECTION('',(8.67361737988404E-18,1.0,-1.38777878078145E-17));
#15288=CARTESIAN_POINT('',(4.65,-4.4,-1.7));
#15289=DIRECTION('',(0.0,-1.0,1.38777878078145E-17));
#15290=DIRECTION('',(-1.0,0.0,0.0));
#15291=DIRECTION('',(-8.67361737988404E-18,-1.0,1.38777878078145E-17));
#15292=DIRECTION('',(0.707106781186547,0.707106781186549,-3.43457725337075E-17));
#15293=DIRECTION('',(2.07293355605263E-17,-1.25862161921175E-17,-1.0));
#15294=DIRECTION('',(-2.07293355605263E-17,1.25862161921175E-17,1.0));
#15295=CARTESIAN_POINT('',(3.3,-4.2,-2.3));
#15296=DIRECTION('',(2.07293355605263E-17,0.0,-1.0));
#15297=DIRECTION('',(0.0,-1.0,0.0));
#15298=DIRECTION('',(2.07293355605263E-17,-1.25862161921175E-17,-1.0));
#15299=DIRECTION('',(-2.07293355605263E-17,1.25862161921175E-17,1.0));
#15300=DIRECTION('',(1.0,0.0,-3.46944695195361E-17));
#15301=DIRECTION('',(-1.0,0.0,3.46944695195361E-17));
#15302=DIRECTION('',(8.67361737988404E-18,1.0,-1.38777878078145E-17));
#15303=DIRECTION('',(-2.07293355605263E-17,1.25862161921175E-17,1.0));
#15304=DIRECTION('',(8.67361737988404E-18,1.0,-1.38777878078145E-17));
#15305=DIRECTION('',(-2.07293355605263E-17,1.25862161921175E-17,1.0));
#15306=DIRECTION('',(2.07293355605263E-17,-1.25862161921175E-17,-1.0));
#15307=DIRECTION('',(-8.67361737988404E-18,-1.0,1.38777878078145E-17));
#15308=DIRECTION('',(-2.07293355605263E-17,1.25862161921175E-17,1.0));
#15309=DIRECTION('',(1.0,0.0,-3.46944695195361E-17));
#15310=DIRECTION('',(8.67361737988404E-18,1.0,-1.38777878078145E-17));
#15311=DIRECTION('',(-2.07293355605263E-17,1.25862161921175E-17,1.0));
#15312=DIRECTION('',(1.0,0.0,-3.46944695195361E-17));
#15313=DIRECTION('',(2.07293355605263E-17,-1.25862161921175E-17,-1.0));
#15314=DIRECTION('',(-1.0,-8.26058798084194E-17,3.46944695195361E-17));
#15315=DIRECTION('',(-1.0,-8.26058798084194E-17,3.46944695195361E-17));
#15316=DIRECTION('',(-1.0,0.0,3.46944695195361E-17));
#15317=DIRECTION('',(-1.0,-8.26058798084194E-17,3.46944695195361E-17));
#15318=DIRECTION('',(-8.67361737988403E-18,-1.0,-1.35667339431565E-16));
#15319=DIRECTION('',(-8.67361737988403E-18,-1.0,-1.35667339431565E-16));
#15320=DIRECTION('',(-0.422618261740701,1.14069857442429E-17,0.906307787036649));
#15321=DIRECTION('',(0.422618261740701,-1.14069857442429E-17,-0.906307787036649));
#15322=DIRECTION('',(-9.52779742721303E-16,-1.25862161921175E-17,-1.0));
#15323=DIRECTION('',(-2.07293355605263E-17,1.25862161921175E-17,1.0));
#15324=DIRECTION('',(2.07293355605263E-17,-1.25862161921175E-17,-1.0));
#15325=DIRECTION('',(1.0,-8.26058798084194E-17,-3.46944695195361E-17));
#15326=DIRECTION('',(1.0,-8.26058798084194E-17,-3.46944695195361E-17));
#15327=DIRECTION('',(2.07293355605263E-17,-1.25862161921175E-17,-1.0));
#15328=DIRECTION('',(1.0,-8.26058798084194E-17,-3.46944695195361E-17));
#15329=DIRECTION('',(1.0,-8.26058798084194E-17,-3.46944695195361E-17));
#15330=DIRECTION('',(1.0,-8.26058798084194E-17,-3.46944695195361E-17));
#15331=DIRECTION('',(-8.67361737988403E-18,-1.0,-1.35667339431565E-16));
#15332=DIRECTION('',(-8.67361737988403E-18,-1.0,-1.35667339431565E-16));
#15333=DIRECTION('',(-8.67361737988404E-18,-1.0,1.38777878078145E-17));
#15334=DIRECTION('',(1.0,-8.26058798084194E-17,-3.46944695195361E-17));
#15335=DIRECTION('',(2.07293355605263E-17,-1.25862161921175E-17,-1.0));
#15336=DIRECTION('',(-1.0,-8.26058798084194E-17,3.46944695195361E-17));
#15337=DIRECTION('',(1.0,0.0,-3.46944695195361E-17));
#15338=DIRECTION('',(-1.0,-8.26058798084194E-17,3.46944695195361E-17));
#15339=DIRECTION('',(-1.0,-8.26058798084194E-17,3.46944695195361E-17));
#15340=DIRECTION('',(8.67361737988404E-18,1.0,-1.38777878078145E-17));
#15341=DIRECTION('',(-8.67361737988403E-18,-1.0,-1.35667339431565E-16));
#15342=DIRECTION('',(-8.67361737988403E-18,-1.0,-1.35667339431565E-16));
ENDSEC;
END-ISO-10303-21;
